index,config_id,configuration_json
1,cfg_627bde887d68f184,"{""batch"":[32,32,32,32],""buffer"":[1000,1000,1000,1000],""eps_decay"":[0.995,0.995,0.999,0.995],""eps_min"":[0.1,0.1,0.1,0.1],""lr"":[0.001,0.001,0.001,0.001],""optimizer"":[""adam"",""adam"",""adam"",""adam""],""replay_steps"":[1,1,1,1],""weight_decay"":[0.0001,0.0001,0.0001,0.0001]}"
2,cfg_e6f3a71604947204,"{""batch"":[16,64,32,32],""buffer"":[10000,2000,10000,1000],""eps_decay"":[0.9980006965823416,0.9804610306557746,0.9998845769179213,0.9884488078643429],""eps_min"":[0.01,0.2,0.08,0.15],""lr"":[0.004889634930016914,0.00023948195686944465,0.0008548507102789991,0.0002280029234373873],""optimizer"":[""adamw"",""adamw"",""adam"",""adam""],""replay_steps"":[8,1,1,2],""weight_decay"":[0.0001,0.0001,1e-05,1e-05]}"
3,cfg_933bcf3e6e05267b,"{""batch"":[32,128,32,32],""buffer"":[1000,10000,1000,10000],""eps_decay"":[0.999172425225935,0.9996931077616604,0.9905221697816062,0.9998024499498683],""eps_min"":[0.01,0.01,0.08,0.01],""lr"":[0.0011372190486197353,0.0021650354042135247,0.0026089799622606197,0.002911172186233075],""optimizer"":[""adamw"",""adam"",""adam"",""adamw""],""replay_steps"":[8,2,8,2],""weight_decay"":[1e-05,1e-06,0.001,0.0001]}"
4,cfg_f2b68fac2d0aab63,"{""batch"":[128,16,128,128],""buffer"":[500,5000,10000,1000],""eps_decay"":[0.9983814142272711,0.9974232115769628,0.9998443573099388,0.9989179379077476],""eps_min"":[0.1,0.15,0.1,0.1],""lr"":[0.0028016360223200388,0.0031915249511652805,0.003841963796712795,0.0014713664760262857],""optimizer"":[""adam"",""adam"",""adamw"",""adam""],""replay_steps"":[4,1,4,1],""weight_decay"":[1e-06,1e-06,1e-06,0.0001]}"
5,cfg_b500d0ce3916f579,"{""batch"":[32,128,64,32],""buffer"":[1000,5000,5000,5000],""eps_decay"":[0.9972729715172294,0.9998338048576378,0.9998633801046505,0.9998185859786246],""eps_min"":[0.15,0.2,0.01,0.05],""lr"":[0.0001582326544903116,0.0003862182018866691,0.0001613308763964815,0.0005054205958959857],""optimizer"":[""adamw"",""adam"",""adamw"",""adamw""],""replay_steps"":[2,1,8,4],""weight_decay"":[1e-06,0.0001,0.001,0.001]}"
6,cfg_d6d7cabf427f6e0c,"{""batch"":[128,64,64,128],""buffer"":[5000,5000,5000,2000],""eps_decay"":[0.9995597074103331,0.9852668439078824,0.9986488828012459,0.9998549823201623],""eps_min"":[0.03,0.03,0.1,0.05],""lr"":[0.0001837832738746953,0.0006570112892884235,0.00286716159992278,0.000564228347379375],""optimizer"":[""adamw"",""adamw"",""adamw"",""adam""],""replay_steps"":[1,1,4,2],""weight_decay"":[0.001,1e-06,0.001,1e-06]}"
7,cfg_a30ed96ff546a919,"{""batch"":[128,32,32,64],""buffer"":[1000,5000,500,1000],""eps_decay"":[0.9997797483656475,0.999769119199739,0.9993348034562323,0.9997841321745521],""eps_min"":[0.03,0.03,0.2,0.1],""lr"":[0.0008993362246669413,0.0032186100149432344,0.004054156016240669,0.0036186527017631103],""optimizer"":[""adam"",""adam"",""adam"",""adamw""],""replay_steps"":[1,8,4,8],""weight_decay"":[0.001,0.0001,0.0001,0.001]}"
8,cfg_969a0b6f3fb044dd,"{""batch"":[32,16,16,128],""buffer"":[2000,5000,500,1000],""eps_decay"":[0.9884724320704268,0.9924304536465957,0.9960860404600038,0.9887038147439658],""eps_min"":[0.2,0.01,0.15,0.2],""lr"":[0.000926412104644965,0.0021297233710533972,0.0025377990317699507,0.000198455088116729],""optimizer"":[""adam"",""adam"",""adamw"",""adamw""],""replay_steps"":[8,2,8,2],""weight_decay"":[0.0001,1e-06,1e-05,0.001]}"
9,cfg_2686181e18505f32,"{""batch"":[128,128,128,128],""buffer"":[2000,1000,2000,1000],""eps_decay"":[0.9997174497267414,0.9956501514297202,0.9932123838297214,0.9996244779954873],""eps_min"":[0.03,0.2,0.08,0.05],""lr"":[0.0015823109548294104,0.0001399544051745186,0.0013719719442176579,0.00022318590120208842],""optimizer"":[""adam"",""adamw"",""adam"",""adam""],""replay_steps"":[4,1,2,2],""weight_decay"":[1e-06,0.0001,0.0001,1e-05]}"
10,cfg_2a4d3b84d11696c2,"{""batch"":[32,16,64,64],""buffer"":[5000,10000,2000,10000],""eps_decay"":[0.9998946126129693,0.9857763980398703,0.9946230711223301,0.9957946718617712],""eps_min"":[0.03,0.08,0.08,0.1],""lr"":[0.0001376838740591505,0.0002505342463601257,0.0046000931347261334,0.0023011277340485655],""optimizer"":[""adamw"",""adam"",""adam"",""adam""],""replay_steps"":[4,1,1,2],""weight_decay"":[0.0001,0.0001,1e-05,1e-05]}"
11,cfg_7a261c6262803884,"{""batch"":[64,16,128,128],""buffer"":[500,2000,5000,500],""eps_decay"":[0.9998742663401629,0.993324424775146,0.9995804294990616,0.9879822489996748],""eps_min"":[0.08,0.2,0.15,0.03],""lr"":[0.00037517024290985854,0.001979450480129932,0.0024948762003443614,0.00037317037846521824],""optimizer"":[""adam"",""adamw"",""adamw"",""adamw""],""replay_steps"":[1,1,1,1],""weight_decay"":[1e-05,0.0001,1e-05,1e-06]}"
12,cfg_ff03b598e48739be,"{""batch"":[128,16,32,16],""buffer"":[1000,500,5000,5000],""eps_decay"":[0.9894928914710357,0.9951689800002111,0.9994963419888215,0.9858870858909499],""eps_min"":[0.15,0.01,0.03,0.1],""lr"":[0.004857313191198143,0.00015556427823277256,0.000234587420791203,0.0005428232002140271],""optimizer"":[""adamw"",""adamw"",""adam"",""adam""],""replay_steps"":[2,8,2,2],""weight_decay"":[0.001,1e-05,0.0001,1e-05]}"
13,cfg_9784cca7891766a2,"{""batch"":[64,128,16,128],""buffer"":[1000,1000,2000,1000],""eps_decay"":[0.9996612466746535,0.9998304426342104,0.9994957888043169,0.9883625966255928],""eps_min"":[0.08,0.2,0.01,0.03],""lr"":[0.0011361649018596573,0.0005851740275364406,0.00012607278552880495,0.004099837829649159],""optimizer"":[""adam"",""adam"",""adamw"",""adamw""],""replay_steps"":[8,2,4,8],""weight_decay"":[1e-06,1e-06,0.0001,1e-05]}"
14,cfg_113c071808406542,"{""batch"":[64,32,16,64],""buffer"":[1000,2000,5000,500],""eps_decay"":[0.9969820901507487,0.9998373911763561,0.9968047727392062,0.9995767141747615],""eps_min"":[0.2,0.1,0.03,0.2],""lr"":[0.002553702807026108,0.0005914363340420596,0.00012854323687144166,0.00032643127704053116],""optimizer"":[""adam"",""adam"",""adam"",""adamw""],""replay_steps"":[1,8,8,2],""weight_decay"":[0.0001,0.001,0.001,0.0001]}"
15,cfg_dcb093f95a429858,"{""batch"":[64,32,64,32],""buffer"":[1000,1000,10000,5000],""eps_decay"":[0.9995779633651416,0.999887717567247,0.999849234642926,0.9998787629038911],""eps_min"":[0.1,0.2,0.03,0.1],""lr"":[0.0008452312586080494,0.002880692634992542,0.00026411007045369406,0.0005611347184313292],""optimizer"":[""adamw"",""adam"",""adam"",""adam""],""replay_steps"":[1,4,8,2],""weight_decay"":[1e-06,0.0001,0.001,1e-05]}"
16,cfg_e88054b79adc97f3,"{""batch"":[32,32,64,128],""buffer"":[5000,5000,5000,10000],""eps_decay"":[0.9998107086417403,0.9858040954697534,0.9988635758658222,0.9974074931205997],""eps_min"":[0.03,0.03,0.1,0.1],""lr"":[0.0002149346568895505,0.00016820204969841184,0.0007947334912881659,0.00028241791692304636],""optimizer"":[""adamw"",""adam"",""adam"",""adam""],""replay_steps"":[2,2,1,4],""weight_decay"":[1e-05,0.001,0.001,0.0001]}"
17,cfg_606a50419aad9ffd,"{""batch"":[16,64,128,64],""buffer"":[2000,500,5000,10000],""eps_decay"":[0.9987685064162287,0.9980991375010344,0.9994483701146851,0.9996041607438388],""eps_min"":[0.15,0.2,0.05,0.03],""lr"":[0.0004186207826397591,0.00018514578732713698,0.00022412944662435617,0.00015662081599054879],""optimizer"":[""adam"",""adam"",""adamw"",""adam""],""replay_steps"":[1,8,1,1],""weight_decay"":[1e-05,0.0001,0.0001,1e-06]}"
18,cfg_e30bbb523cb2c379,"{""batch"":[64,128,128,128],""buffer"":[1000,10000,500,10000],""eps_decay"":[0.9973386572538391,0.9963021412023245,0.9998743738492403,0.9964805047135091],""eps_min"":[0.1,0.2,0.2,0.1],""lr"":[0.00016914254469333964,0.0011419796052222657,0.004394157947756853,0.0013248306014386156],""optimizer"":[""adam"",""adamw"",""adam"",""adamw""],""replay_steps"":[8,8,1,4],""weight_decay"":[1e-06,1e-06,1e-06,1e-06]}"
19,cfg_29b51303cf1d5d15,"{""batch"":[64,32,64,32],""buffer"":[10000,5000,500,1000],""eps_decay"":[0.9997964099723639,0.9985432123894723,0.9998449948515467,0.9998443870599227],""eps_min"":[0.05,0.2,0.15,0.03],""lr"":[0.0025543938410287396,0.00019109378179565903,0.0021867815192778764,0.004004694183673894],""optimizer"":[""adam"",""adam"",""adamw"",""adam""],""replay_steps"":[2,2,1,8],""weight_decay"":[0.0001,1e-06,1e-05,1e-06]}"
20,cfg_406df88d969310f1,"{""batch"":[32,16,64,32],""buffer"":[10000,5000,10000,1000],""eps_decay"":[0.9951335744032203,0.9997857843363827,0.9884430792054041,0.9973100321472695],""eps_min"":[0.1,0.08,0.2,0.2],""lr"":[0.002695472678743991,0.00036610032241688866,0.00011731500874363972,0.0030836293274618715],""optimizer"":[""adam"",""adam"",""adamw"",""adamw""],""replay_steps"":[2,4,1,4],""weight_decay"":[0.0001,1e-06,1e-05,0.001]}"
21,cfg_498708ac8e68606e,"{""batch"":[64,16,16,32],""buffer"":[5000,2000,1000,10000],""eps_decay"":[0.9945636478708529,0.9856162355727955,0.9990352187729828,0.9969552862629569],""eps_min"":[0.08,0.01,0.1,0.03],""lr"":[0.002355255517651897,0.00012963323269109188,0.004349264815454638,0.000436112512521727],""optimizer"":[""adam"",""adamw"",""adam"",""adamw""],""replay_steps"":[2,2,2,4],""weight_decay"":[0.001,1e-06,1e-05,0.001]}"
22,cfg_6128de3a9251e62e,"{""batch"":[16,32,16,32],""buffer"":[500,1000,5000,500],""eps_decay"":[0.9965323947098963,0.9998608690787966,0.9996387405934346,0.9936864093539999],""eps_min"":[0.1,0.2,0.15,0.2],""lr"":[0.00017428542430046406,0.0019220811006064077,0.0009778845786786515,0.003396359367134939],""optimizer"":[""adamw"",""adamw"",""adam"",""adam""],""replay_steps"":[2,8,2,8],""weight_decay"":[0.001,1e-06,1e-05,0.0001]}"
23,cfg_142e174da665be29,"{""batch"":[128,64,32,64],""buffer"":[10000,2000,2000,10000],""eps_decay"":[0.9964434464391981,0.9991364523932894,0.9851362335288525,0.9978967931199587],""eps_min"":[0.01,0.1,0.01,0.01],""lr"":[0.00016212799236802012,0.00011785911266662737,0.00026729783782869054,0.0017535366228096758],""optimizer"":[""adamw"",""adam"",""adamw"",""adam""],""replay_steps"":[1,8,8,8],""weight_decay"":[1e-06,1e-05,1e-06,0.001]}"
24,cfg_f1a8da9470e07b30,"{""batch"":[16,32,32,32],""buffer"":[5000,10000,1000,500],""eps_decay"":[0.9966386036777022,0.9973175336728325,0.995553086995878,0.999547167975777],""eps_min"":[0.08,0.2,0.01,0.2],""lr"":[0.0009864220298986712,0.0033384816974308612,0.0018768923829283186,0.004528797003603083],""optimizer"":[""adamw"",""adam"",""adamw"",""adamw""],""replay_steps"":[2,1,8,4],""weight_decay"":[1e-06,1e-05,0.0001,0.001]}"
25,cfg_e79cc318be73ace8,"{""batch"":[64,16,32,32],""buffer"":[500,10000,10000,1000],""eps_decay"":[0.9887142937960005,0.9900402777815522,0.9972862431862867,0.9998614592560794],""eps_min"":[0.01,0.03,0.05,0.05],""lr"":[0.0031574707379583293,0.0016001207333773949,0.004684432018738477,0.00015591823497188102],""optimizer"":[""adam"",""adamw"",""adamw"",""adamw""],""replay_steps"":[1,4,1,2],""weight_decay"":[1e-05,1e-05,0.0001,0.001]}"
26,cfg_194b5789f041c99c,"{""batch"":[32,64,32,16],""buffer"":[1000,500,500,5000],""eps_decay"":[0.9996219125840751,0.9915929805791317,0.9993357152379612,0.9986296790786738],""eps_min"":[0.15,0.08,0.05,0.08],""lr"":[0.003164980987905607,0.00042999689667805465,0.002846872983616993,0.0002642041723350849],""optimizer"":[""adamw"",""adam"",""adam"",""adamw""],""replay_steps"":[8,8,1,1],""weight_decay"":[0.001,1e-05,0.0001,0.001]}"
27,cfg_88718a62d7fb8860,"{""batch"":[32,128,16,32],""buffer"":[1000,2000,10000,5000],""eps_decay"":[0.9942268854247733,0.9997233092426088,0.998923723810869,0.997150673412734],""eps_min"":[0.1,0.08,0.15,0.2],""lr"":[0.00012522260019398634,0.0012081719748066996,0.0010107094772870576,0.003834382715912112],""optimizer"":[""adamw"",""adam"",""adam"",""adam""],""replay_steps"":[4,2,2,2],""weight_decay"":[1e-05,1e-05,0.0001,0.001]}"
28,cfg_7b7133bd2bad805a,"{""batch"":[64,128,128,16],""buffer"":[10000,500,500,5000],""eps_decay"":[0.9924891736539472,0.9929395882678645,0.9944471331158614,0.9960754414796701],""eps_min"":[0.1,0.08,0.2,0.1],""lr"":[0.004742825791207329,0.0027176666470717223,0.0010671136317795251,0.0004981955483432818],""optimizer"":[""adam"",""adamw"",""adamw"",""adamw""],""replay_steps"":[8,1,1,2],""weight_decay"":[1e-05,1e-06,1e-05,0.0001]}"
29,cfg_f0912934c0157c07,"{""batch"":[64,128,32,16],""buffer"":[1000,10000,5000,2000],""eps_decay"":[0.999881320829561,0.9876819739389561,0.9978894167961596,0.9993348700603474],""eps_min"":[0.05,0.01,0.1,0.08],""lr"":[0.0010647994231495403,0.001931707668947622,0.000845086099244254,0.004577265699567734],""optimizer"":[""adamw"",""adam"",""adamw"",""adam""],""replay_steps"":[1,2,4,2],""weight_decay"":[0.0001,0.001,0.001,1e-05]}"
30,cfg_13c98dbf8f9488a5,"{""batch"":[128,16,32,128],""buffer"":[10000,10000,10000,5000],""eps_decay"":[0.9908920058754487,0.9998679639531207,0.9986493056757562,0.9997386401241513],""eps_min"":[0.08,0.08,0.15,0.03],""lr"":[0.001058471331508034,0.003520742631345042,0.0022547720723607154,0.0011324041989457597],""optimizer"":[""adamw"",""adamw"",""adamw"",""adam""],""replay_steps"":[8,1,4,4],""weight_decay"":[0.001,1e-06,0.0001,0.001]}"
31,cfg_1fa23943224bb79d,"{""batch"":[16,32,128,16],""buffer"":[1000,1000,500,500],""eps_decay"":[0.999803838361897,0.9950324331109166,0.997815722127893,0.999489832070053],""eps_min"":[0.01,0.01,0.2,0.08],""lr"":[0.0002589315551882653,0.0004362399201641687,0.0002166765791715707,0.00032860280193313513],""optimizer"":[""adamw"",""adam"",""adam"",""adamw""],""replay_steps"":[8,1,4,1],""weight_decay"":[1e-05,0.0001,0.001,1e-06]}"
32,cfg_3d1ef0c670ebd2b1,"{""batch"":[128,16,32,32],""buffer"":[500,5000,2000,2000],""eps_decay"":[0.9986974269035516,0.9925233721323147,0.9891446266015789,0.9998740681496903],""eps_min"":[0.1,0.15,0.15,0.15],""lr"":[0.0011298089340610745,0.0002415532439975458,0.00012596303453605974,0.0017772280090277708],""optimizer"":[""adam"",""adamw"",""adamw"",""adam""],""replay_steps"":[2,1,4,4],""weight_decay"":[1e-05,0.0001,1e-05,1e-05]}"
33,cfg_0de08692e6a079f6,"{""batch"":[32,32,128,128],""buffer"":[500,2000,1000,2000],""eps_decay"":[0.9990696609327226,0.998989403283024,0.9894840575592393,0.9967230162692973],""eps_min"":[0.2,0.05,0.05,0.01],""lr"":[0.0009849938758383502,0.00013011331197881207,0.0010066092573705646,0.000442494326837177],""optimizer"":[""adam"",""adam"",""adam"",""adamw""],""replay_steps"":[8,1,4,2],""weight_decay"":[0.001,1e-06,0.001,0.0001]}"
34,cfg_cbae2386469d72d9,"{""batch"":[32,32,128,128],""buffer"":[5000,500,1000,500],""eps_decay"":[0.9936804560154154,0.9988708377583544,0.9994094144255817,0.9990992894987046],""eps_min"":[0.2,0.05,0.03,0.1],""lr"":[0.0010387619345172652,0.0030946304823920344,0.0005350091591237752,0.00010058260041790269],""optimizer"":[""adam"",""adam"",""adam"",""adamw""],""replay_steps"":[1,8,4,8],""weight_decay"":[1e-05,0.0001,1e-06,1e-06]}"
35,cfg_46362a2a507ac845,"{""batch"":[16,64,128,16],""buffer"":[10000,1000,10000,500],""eps_decay"":[0.9998594689102825,0.9986071256069076,0.9998018793460623,0.9990457255652799],""eps_min"":[0.08,0.01,0.15,0.01],""lr"":[0.0006760419030769845,0.0013758145568809963,0.0029646164561290267,0.004336559555452771],""optimizer"":[""adam"",""adamw"",""adamw"",""adam""],""replay_steps"":[8,4,4,2],""weight_decay"":[1e-06,0.001,0.001,0.001]}"
36,cfg_2da3fb6f56ebb184,"{""batch"":[64,16,32,16],""buffer"":[2000,1000,1000,500],""eps_decay"":[0.9982143982485705,0.9998674268684574,0.9996328833516234,0.9992606781756467],""eps_min"":[0.1,0.01,0.05,0.2],""lr"":[0.0015963663787497335,0.00409033335307308,0.003997641393138384,0.004698545072488725],""optimizer"":[""adamw"",""adamw"",""adamw"",""adamw""],""replay_steps"":[1,4,4,8],""weight_decay"":[1e-06,0.0001,1e-06,1e-06]}"
37,cfg_b52adf34b0043e02,"{""batch"":[64,32,64,16],""buffer"":[5000,5000,5000,1000],""eps_decay"":[0.9992225028085493,0.999892674071433,0.9886764307917812,0.997343835308625],""eps_min"":[0.2,0.1,0.1,0.05],""lr"":[0.0005755934236267963,0.0003559201080456037,0.000558084773739292,0.000428253628174311],""optimizer"":[""adam"",""adamw"",""adamw"",""adam""],""replay_steps"":[1,2,4,2],""weight_decay"":[0.0001,0.0001,0.0001,1e-06]}"
38,cfg_a0993ad2954dcd80,"{""batch"":[64,16,16,32],""buffer"":[1000,5000,500,1000],""eps_decay"":[0.9998146232659364,0.999762247204574,0.9873264731381552,0.9940231947671142],""eps_min"":[0.01,0.03,0.2,0.03],""lr"":[0.00014186280303207208,0.0012897141143414646,0.0002273288783577606,0.0003051602959617507],""optimizer"":[""adamw"",""adam"",""adam"",""adam""],""replay_steps"":[8,1,2,2],""weight_decay"":[0.0001,1e-05,1e-05,1e-06]}"
39,cfg_0f7b1b06e18aefd9,"{""batch"":[128,64,16,32],""buffer"":[2000,2000,5000,1000],""eps_decay"":[0.9830432525815461,0.993696182621257,0.9991636003457643,0.9904140986030421],""eps_min"":[0.01,0.15,0.2,0.03],""lr"":[0.00010050867859541923,0.002332174854264401,0.000718796605328699,0.0014722083201604164],""optimizer"":[""adam"",""adamw"",""adam"",""adam""],""replay_steps"":[8,4,2,2],""weight_decay"":[0.0001,0.0001,1e-05,0.0001]}"
40,cfg_47b5db43f93065d9,"{""batch"":[16,128,64,64],""buffer"":[2000,2000,5000,1000],""eps_decay"":[0.9943599323710524,0.998950722231406,0.9996040753297541,0.9992094055959235],""eps_min"":[0.05,0.15,0.03,0.03],""lr"":[0.00020202165186007548,0.00016018935543597339,0.00017979669828180873,0.0006343946098124235],""optimizer"":[""adamw"",""adam"",""adamw"",""adamw""],""replay_steps"":[2,2,8,2],""weight_decay"":[0.001,0.0001,0.001,1e-06]}"
41,cfg_41e40bfba8513ce5,"{""batch"":[16,32,32,128],""buffer"":[500,500,2000,1000],""eps_decay"":[0.9964059114302904,0.9848883889820602,0.9991713258109463,0.9872676873210466],""eps_min"":[0.2,0.03,0.15,0.05],""lr"":[0.002863413089865972,0.0006707694486450255,0.00047567284623602506,0.0012784975777068927],""optimizer"":[""adamw"",""adamw"",""adam"",""adamw""],""replay_steps"":[2,8,8,4],""weight_decay"":[0.001,1e-05,1e-06,1e-06]}"
42,cfg_e0abc4b33bff6ee3,"{""batch"":[16,16,64,128],""buffer"":[5000,1000,5000,1000],""eps_decay"":[0.9928656629466728,0.9898304727523773,0.9868485944728747,0.9934454862068197],""eps_min"":[0.05,0.03,0.05,0.08],""lr"":[0.0014778334918099049,0.00041564843789621133,0.0013778787936776428,0.000126853710932835],""optimizer"":[""adam"",""adam"",""adam"",""adamw""],""replay_steps"":[2,4,4,1],""weight_decay"":[1e-05,0.001,0.0001,0.0001]}"
43,cfg_ab0484467c319b4d,"{""batch"":[16,32,128,16],""buffer"":[10000,500,10000,500],""eps_decay"":[0.9995575136089629,0.999146721883917,0.9998170412543643,0.9974252307023493],""eps_min"":[0.08,0.1,0.01,0.01],""lr"":[0.00020158284458151403,0.00035745032446092854,0.00044146455417551334,0.00010407547551165843],""optimizer"":[""adamw"",""adam"",""adam"",""adamw""],""replay_steps"":[2,1,4,8],""weight_decay"":[1e-06,0.0001,1e-05,0.001]}"
44,cfg_7dbec4b7da1c526a,"{""batch"":[16,16,128,128],""buffer"":[10000,5000,2000,500],""eps_decay"":[0.9998318820001033,0.9998810385747046,0.9843271792594285,0.9997966005724456],""eps_min"":[0.03,0.2,0.2,0.01],""lr"":[0.0033568187560383514,0.0005500592438827266,0.0008149624039054614,0.0012338707826764176],""optimizer"":[""adam"",""adam"",""adam"",""adam""],""replay_steps"":[1,2,2,1],""weight_decay"":[1e-06,1e-06,0.0001,1e-05]}"
45,cfg_85d33982a2b8cc74,"{""batch"":[128,32,64,32],""buffer"":[2000,10000,10000,1000],""eps_decay"":[0.9998266152655083,0.999888163560216,0.9988439161603497,0.9997611050527984],""eps_min"":[0.15,0.05,0.01,0.08],""lr"":[0.000668918295206509,0.0009589862694788584,0.00013100527225060624,0.0002756896158949679],""optimizer"":[""adam"",""adam"",""adamw"",""adamw""],""replay_steps"":[8,1,4,8],""weight_decay"":[1e-05,1e-06,0.0001,0.001]}"
46,cfg_01cc454746d7bdd5,"{""batch"":[16,32,64,64],""buffer"":[5000,5000,1000,5000],""eps_decay"":[0.9832056066170329,0.9992690455813394,0.9998697423868462,0.9901323449850662],""eps_min"":[0.03,0.2,0.05,0.15],""lr"":[0.0011376818975168854,0.004814061540566037,0.0016145157168181493,0.00010823600141733507],""optimizer"":[""adam"",""adam"",""adamw"",""adam""],""replay_steps"":[4,2,4,8],""weight_decay"":[1e-06,1e-06,0.0001,1e-05]}"
47,cfg_9bc682dca73d54d7,"{""batch"":[128,128,128,16],""buffer"":[500,500,1000,2000],""eps_decay"":[0.9991816717713278,0.9998439946803939,0.9889090161367144,0.9985131200068105],""eps_min"":[0.03,0.2,0.15,0.15],""lr"":[0.0008819306028758441,0.0014535968796953608,0.0001686739113789929,0.0016317287052420256],""optimizer"":[""adamw"",""adamw"",""adam"",""adamw""],""replay_steps"":[2,8,2,8],""weight_decay"":[1e-05,0.0001,1e-05,1e-05]}"
48,cfg_1a8058e135c366a9,"{""batch"":[64,32,64,16],""buffer"":[500,500,5000,2000],""eps_decay"":[0.9960251802301581,0.995001339199618,0.9997804826151829,0.9979878452661539],""eps_min"":[0.08,0.2,0.05,0.05],""lr"":[0.003160399148187275,0.00019191654327532095,0.00013283839819663076,0.000172728694170903],""optimizer"":[""adamw"",""adam"",""adam"",""adam""],""replay_steps"":[2,2,8,1],""weight_decay"":[1e-06,0.001,0.0001,0.0001]}"
49,cfg_c8a673efc641daec,"{""batch"":[128,16,16,128],""buffer"":[1000,1000,10000,2000],""eps_decay"":[0.9993369151852073,0.9986465284795999,0.988269346554759,0.9997959169365468],""eps_min"":[0.03,0.1,0.01,0.01],""lr"":[0.001712156191185677,0.00045655103654641214,0.003620311096149046,0.00012095769204012577],""optimizer"":[""adamw"",""adam"",""adam"",""adam""],""replay_steps"":[2,8,2,1],""weight_decay"":[1e-06,0.0001,0.001,1e-05]}"
50,cfg_9867c5f647c83ea5,"{""batch"":[16,16,64,64],""buffer"":[10000,2000,2000,1000],""eps_decay"":[0.9848807246193465,0.9876277142683444,0.9932095523490405,0.9974643607959266],""eps_min"":[0.15,0.01,0.15,0.01],""lr"":[0.00017653783683373826,0.0035749264825765833,0.00312816039004394,0.0030219528418419617],""optimizer"":[""adam"",""adam"",""adamw"",""adam""],""replay_steps"":[1,1,8,8],""weight_decay"":[0.0001,1e-06,1e-05,1e-05]}"
51,cfg_767f148999db1920,"{""batch"":[64,16,32,64],""buffer"":[1000,500,10000,2000],""eps_decay"":[0.9997184058822389,0.9981472354462935,0.9875551140699056,0.9997758128967595],""eps_min"":[0.01,0.1,0.2,0.1],""lr"":[0.00106372239986304,0.00024078345402291402,0.004161784611961616,0.0006593476794734489],""optimizer"":[""adamw"",""adam"",""adamw"",""adam""],""replay_steps"":[8,2,1,1],""weight_decay"":[1e-05,1e-06,1e-06,0.0001]}"
52,cfg_247e7deda3f26613,"{""batch"":[16,16,16,64],""buffer"":[1000,500,10000,1000],""eps_decay"":[0.9996996801118018,0.9989483595514316,0.9997466351654493,0.9998662030583372],""eps_min"":[0.05,0.1,0.01,0.08],""lr"":[0.00278970411953268,0.0015461980109044648,0.004127518488484713,0.000992961611091925],""optimizer"":[""adam"",""adam"",""adamw"",""adamw""],""replay_steps"":[4,2,1,2],""weight_decay"":[1e-06,0.0001,0.001,1e-06]}"
53,cfg_1545eb2238af7699,"{""batch"":[64,128,32,128],""buffer"":[10000,1000,1000,5000],""eps_decay"":[0.9921174461826853,0.9994995813236188,0.9998998558148418,0.9995061766539134],""eps_min"":[0.15,0.15,0.1,0.03],""lr"":[0.003997677727769299,0.00019447930319323615,0.000667802643034047,0.003970626728078885],""optimizer"":[""adam"",""adam"",""adamw"",""adam""],""replay_steps"":[8,1,1,4],""weight_decay"":[0.001,1e-06,1e-06,1e-05]}"
54,cfg_b6b7ef5d03244790,"{""batch"":[32,32,64,16],""buffer"":[5000,5000,5000,5000],""eps_decay"":[0.9906627297196399,0.9954932209136262,0.9924612889458021,0.9995944972791959],""eps_min"":[0.03,0.05,0.15,0.01],""lr"":[0.0012058544242189283,0.00023496605240094323,0.004395426800553549,0.0024585218679964898],""optimizer"":[""adam"",""adamw"",""adam"",""adamw""],""replay_steps"":[8,2,1,2],""weight_decay"":[1e-05,0.0001,0.001,1e-06]}"
55,cfg_73f76a38eb0acb06,"{""batch"":[16,128,16,64],""buffer"":[5000,10000,2000,1000],""eps_decay"":[0.9981467283140755,0.9996144483015703,0.992801753923725,0.9977275337924177],""eps_min"":[0.03,0.05,0.08,0.1],""lr"":[0.001136973413119676,0.0013946214727965983,0.004332565655364866,0.0006505009327918849],""optimizer"":[""adam"",""adam"",""adamw"",""adam""],""replay_steps"":[8,8,8,8],""weight_decay"":[1e-05,0.001,1e-06,0.001]}"
56,cfg_f7ebf601320db815,"{""batch"":[32,64,16,64],""buffer"":[2000,5000,500,2000],""eps_decay"":[0.9976997259176704,0.998633905724717,0.9987986337895888,0.9993806824490816],""eps_min"":[0.05,0.2,0.1,0.1],""lr"":[0.001369906596171502,0.002727501992363998,0.0012709599009388623,0.003281244439847688],""optimizer"":[""adamw"",""adamw"",""adam"",""adam""],""replay_steps"":[4,2,4,1],""weight_decay"":[1e-06,0.001,1e-05,0.001]}"
57,cfg_01f783e80e869a7d,"{""batch"":[32,128,16,16],""buffer"":[5000,2000,10000,500],""eps_decay"":[0.9992767009839096,0.9997594360490537,0.9923017592857777,0.9964140869691782],""eps_min"":[0.03,0.1,0.2,0.08],""lr"":[0.0003902656526051083,0.0019026534805281845,0.00040325102787312013,0.001693287588225537],""optimizer"":[""adam"",""adamw"",""adamw"",""adamw""],""replay_steps"":[4,4,1,4],""weight_decay"":[0.0001,1e-06,0.0001,0.001]}"
58,cfg_2e6120ff8d88a40c,"{""batch"":[16,64,32,64],""buffer"":[10000,5000,2000,10000],""eps_decay"":[0.9996628729041127,0.9995344938896218,0.9989961947786679,0.9998561205388069],""eps_min"":[0.08,0.03,0.05,0.01],""lr"":[0.0008271503364107795,0.0004183896423283633,0.003595600276408903,0.00309572313995986],""optimizer"":[""adam"",""adam"",""adam"",""adamw""],""replay_steps"":[8,4,1,8],""weight_decay"":[1e-05,1e-05,1e-06,0.0001]}"
59,cfg_35b18c101907e8f7,"{""batch"":[16,128,64,16],""buffer"":[10000,500,500,500],""eps_decay"":[0.9971687852477684,0.9913351633168552,0.9998013278844537,0.9895840711646878],""eps_min"":[0.01,0.1,0.03,0.2],""lr"":[0.000542956119542904,0.00033516541895569995,0.0025227796676020224,0.00018732894084000327],""optimizer"":[""adam"",""adam"",""adam"",""adamw""],""replay_steps"":[8,4,8,1],""weight_decay"":[0.001,1e-06,1e-05,0.0001]}"
60,cfg_e4689556ec89d17f,"{""batch"":[128,128,64,128],""buffer"":[500,1000,500,500],""eps_decay"":[0.9996327980200344,0.9979894656532715,0.9905397097984169,0.9985788070081569],""eps_min"":[0.05,0.1,0.03,0.2],""lr"":[0.0006730254991492466,0.00020377628154097304,0.00021488638855958757,0.00026218573724481425],""optimizer"":[""adamw"",""adam"",""adam"",""adam""],""replay_steps"":[2,1,1,4],""weight_decay"":[1e-05,1e-05,1e-05,0.0001]}"
61,cfg_112ab160800be982,"{""batch"":[32,16,64,32],""buffer"":[5000,500,500,1000],""eps_decay"":[0.9998633589112474,0.9967743379347732,0.9983106521663355,0.9998983295872598],""eps_min"":[0.05,0.15,0.08,0.05],""lr"":[0.0006414609778934467,0.00012255622522837082,0.003527588179231638,0.003640200490116143],""optimizer"":[""adam"",""adam"",""adam"",""adam""],""replay_steps"":[4,4,1,2],""weight_decay"":[1e-05,1e-05,1e-06,1e-05]}"
62,cfg_c0c3b2bf01fb5e89,"{""batch"":[32,16,64,128],""buffer"":[5000,500,10000,500],""eps_decay"":[0.9998582971807397,0.9972867968070164,0.9985779754036613,0.9974820088042451],""eps_min"":[0.01,0.05,0.08,0.15],""lr"":[0.000171186836022233,0.00025869774011867957,0.0017493497456596546,0.0003389981847288734],""optimizer"":[""adamw"",""adamw"",""adam"",""adam""],""replay_steps"":[2,1,2,2],""weight_decay"":[0.0001,0.0001,1e-05,0.0001]}"
63,cfg_5d6f53255622fc86,"{""batch"":[32,32,32,16],""buffer"":[10000,500,10000,5000],""eps_decay"":[0.9985390253071315,0.9960427969438994,0.9995628905924152,0.9951827177274627],""eps_min"":[0.01,0.08,0.08,0.1],""lr"":[0.0028904257011074267,0.00313791597115491,0.0012737724293441029,0.0008321142128771892],""optimizer"":[""adamw"",""adam"",""adamw"",""adamw""],""replay_steps"":[8,8,8,8],""weight_decay"":[1e-05,0.001,0.001,0.0001]}"
64,cfg_1237be640a05f8d2,"{""batch"":[16,16,32,128],""buffer"":[500,2000,10000,5000],""eps_decay"":[0.9995520258991946,0.9998642359932839,0.9931928787771193,0.999561942030003],""eps_min"":[0.01,0.08,0.1,0.05],""lr"":[0.00019769688029753872,0.00016940126632981322,0.00023234228730691442,0.00017026026678585243],""optimizer"":[""adamw"",""adam"",""adam"",""adam""],""replay_steps"":[8,1,4,8],""weight_decay"":[1e-05,1e-06,1e-05,1e-05]}"
65,cfg_0d035afcf1d388b0,"{""batch"":[64,128,32,16],""buffer"":[5000,5000,2000,5000],""eps_decay"":[0.9998116080326475,0.9995549551672839,0.9993863901815521,0.9995972774560085],""eps_min"":[0.1,0.03,0.08,0.08],""lr"":[0.0015347704414361385,0.003284244389276928,0.002649578445997155,0.00046874763805434654],""optimizer"":[""adamw"",""adam"",""adam"",""adamw""],""replay_steps"":[4,4,2,1],""weight_decay"":[0.001,0.001,1e-06,0.001]}"
66,cfg_888c505b59e711cf,"{""batch"":[32,64,64,64],""buffer"":[1000,10000,5000,2000],""eps_decay"":[0.9997210983881331,0.9992874626745373,0.9996654892434347,0.9992072706700879],""eps_min"":[0.1,0.05,0.05,0.2],""lr"":[0.00022549097180467299,0.0009617963816356071,0.00388027284780538,0.0025736781821159398],""optimizer"":[""adamw"",""adam"",""adam"",""adam""],""replay_steps"":[4,2,8,1],""weight_decay"":[1e-06,1e-05,1e-06,1e-05]}"
67,cfg_9140c5d86c1b44f6,"{""batch"":[32,32,128,128],""buffer"":[5000,500,1000,2000],""eps_decay"":[0.9997491951036803,0.9887264738367356,0.9996265510420769,0.9995903443988726],""eps_min"":[0.15,0.08,0.03,0.01],""lr"":[0.0001677303606890255,0.0007898391979929035,0.00019294362489324964,0.0001776661873776606],""optimizer"":[""adamw"",""adamw"",""adam"",""adam""],""replay_steps"":[2,2,8,2],""weight_decay"":[1e-05,1e-05,1e-06,1e-05]}"
68,cfg_7847196cd0b80d5c,"{""batch"":[16,128,32,16],""buffer"":[10000,500,10000,10000],""eps_decay"":[0.9989137872120224,0.9991457118005344,0.9985725409150925,0.983708835677276],""eps_min"":[0.1,0.01,0.2,0.03],""lr"":[0.0021702531514111306,0.0011880472380454503,0.0005401906268117133,0.0007846837954205997],""optimizer"":[""adam"",""adam"",""adamw"",""adam""],""replay_steps"":[4,1,8,2],""weight_decay"":[1e-05,0.0001,0.0001,0.0001]}"
69,cfg_05558f4655bef353,"{""batch"":[16,128,64,128],""buffer"":[5000,500,500,2000],""eps_decay"":[0.9997542692615607,0.9949168610501418,0.9871482353860537,0.9997995716771052],""eps_min"":[0.01,0.1,0.15,0.15],""lr"":[0.00028733398004271617,0.00012870511493286477,0.0003898932316636528,0.0003488134949964745],""optimizer"":[""adamw"",""adam"",""adam"",""adamw""],""replay_steps"":[8,2,4,8],""weight_decay"":[1e-06,1e-06,0.0001,1e-05]}"
70,cfg_a08cd97b6dc29803,"{""batch"":[128,64,32,32],""buffer"":[2000,10000,2000,5000],""eps_decay"":[0.9995398641847908,0.999870252325587,0.9987294233595976,0.9923822337205845],""eps_min"":[0.1,0.01,0.1,0.03],""lr"":[0.0001888728390604831,0.001612395480080332,0.002238444833858591,0.004299436236498248],""optimizer"":[""adam"",""adam"",""adamw"",""adam""],""replay_steps"":[2,1,4,8],""weight_decay"":[1e-05,0.0001,1e-05,0.0001]}"
71,cfg_3560bce8b4283ea3,"{""batch"":[64,16,64,128],""buffer"":[500,5000,500,500],""eps_decay"":[0.996743928443407,0.9997568303210594,0.9997967082582299,0.9985282409335734],""eps_min"":[0.01,0.05,0.01,0.2],""lr"":[0.00022309416448240577,0.004164484621280994,0.0002144876592563619,0.0007624420428037421],""optimizer"":[""adam"",""adam"",""adam"",""adam""],""replay_steps"":[8,8,1,4],""weight_decay"":[1e-05,1e-05,1e-06,0.001]}"
72,cfg_1533db6fd5835b5e,"{""batch"":[32,128,32,128],""buffer"":[2000,5000,1000,500],""eps_decay"":[0.9877603571955795,0.9941246563456244,0.999530981304477,0.9829336376251728],""eps_min"":[0.01,0.05,0.15,0.01],""lr"":[0.0003543742435135137,0.0006143654375608355,0.0014954777578198603,0.004462561127782357],""optimizer"":[""adamw"",""adam"",""adam"",""adam""],""replay_steps"":[2,4,8,2],""weight_decay"":[0.0001,0.001,1e-06,0.0001]}"
73,cfg_b2b77bec967af277,"{""batch"":[32,64,128,32],""buffer"":[500,500,5000,5000],""eps_decay"":[0.9950696520794192,0.9998362054793821,0.9898047595950284,0.9931481520053778],""eps_min"":[0.01,0.2,0.05,0.08],""lr"":[0.0035639714633827523,0.00011307103382646178,0.0012493045274245744,0.0029479360693049433],""optimizer"":[""adam"",""adam"",""adamw"",""adam""],""replay_steps"":[1,8,2,1],""weight_decay"":[1e-06,1e-05,0.001,0.0001]}"
74,cfg_28dcd7c2e8e8df2d,"{""batch"":[128,64,64,128],""buffer"":[1000,500,500,1000],""eps_decay"":[0.99686395419874,0.9996627937115429,0.9870811401879219,0.9993677285258997],""eps_min"":[0.15,0.08,0.1,0.01],""lr"":[0.0001601035457663277,0.0001881883487316935,0.0005351801684052848,0.00018287631277608894],""optimizer"":[""adamw"",""adamw"",""adamw"",""adam""],""replay_steps"":[8,8,4,1],""weight_decay"":[1e-06,1e-05,0.001,0.001]}"
75,cfg_30980d4c99536709,"{""batch"":[32,64,32,64],""buffer"":[2000,5000,500,10000],""eps_decay"":[0.9983428416538596,0.9998215040068898,0.9919900407398812,0.998303080646291],""eps_min"":[0.2,0.03,0.01,0.03],""lr"":[0.003522497810510329,0.002716455783866366,0.00266718809361274,0.00012695444153932174],""optimizer"":[""adamw"",""adam"",""adam"",""adamw""],""replay_steps"":[2,8,8,8],""weight_decay"":[0.001,0.0001,0.001,1e-06]}"
76,cfg_7dbfd6560a44fb89,"{""batch"":[128,64,128,16],""buffer"":[500,5000,10000,5000],""eps_decay"":[0.9998960310201347,0.9876683742180814,0.9991386714013325,0.9836844467903484],""eps_min"":[0.2,0.1,0.03,0.1],""lr"":[0.0003437302665198036,0.0003244669598463082,0.00016261716598010164,0.00018635193184061172],""optimizer"":[""adam"",""adam"",""adamw"",""adamw""],""replay_steps"":[4,2,8,4],""weight_decay"":[0.001,0.001,0.0001,1e-05]}"
77,cfg_7939a2565938acee,"{""batch"":[128,64,64,16],""buffer"":[1000,500,1000,10000],""eps_decay"":[0.999840618796883,0.9997862482394428,0.9980204723243086,0.9857555826227625],""eps_min"":[0.2,0.08,0.01,0.08],""lr"":[0.00427202630760477,0.00030602365547189914,0.0012257239150721348,0.0018315843750939243],""optimizer"":[""adam"",""adam"",""adamw"",""adam""],""replay_steps"":[4,4,4,4],""weight_decay"":[0.001,1e-06,1e-05,1e-05]}"
78,cfg_dd7f59131063b6cb,"{""batch"":[32,16,128,64],""buffer"":[2000,2000,5000,10000],""eps_decay"":[0.9997800157439674,0.9980871810319738,0.9997818087783917,0.9995884150582556],""eps_min"":[0.1,0.03,0.01,0.05],""lr"":[0.0005084155843875378,0.0005681315001991378,0.0009413601461749325,0.0020164409875901455],""optimizer"":[""adamw"",""adam"",""adam"",""adam""],""replay_steps"":[2,4,2,8],""weight_decay"":[1e-06,0.0001,0.001,0.0001]}"
79,cfg_148020230c306bc9,"{""batch"":[16,64,32,32],""buffer"":[10000,2000,2000,10000],""eps_decay"":[0.9949500543376121,0.9993367832591902,0.9873181080175458,0.9980559572736046],""eps_min"":[0.15,0.03,0.1,0.05],""lr"":[0.0003735307435419235,0.0017499699618092896,0.0004504219398475541,0.0043696715075740985],""optimizer"":[""adam"",""adam"",""adamw"",""adam""],""replay_steps"":[8,2,2,4],""weight_decay"":[1e-05,0.0001,0.001,0.001]}"
80,cfg_99ce9f0df03c5331,"{""batch"":[32,64,32,64],""buffer"":[10000,500,1000,5000],""eps_decay"":[0.9901192860921553,0.9985308890932164,0.9963810860225127,0.9996324114097532],""eps_min"":[0.05,0.15,0.15,0.08],""lr"":[0.0002651027936754996,0.0007382033109802701,0.001517214497031721,0.0004322036229972398],""optimizer"":[""adamw"",""adamw"",""adam"",""adamw""],""replay_steps"":[8,4,1,8],""weight_decay"":[1e-05,0.0001,1e-06,1e-05]}"
81,cfg_46e6fbc9bb34102b,"{""batch"":[32,16,16,32],""buffer"":[1000,500,5000,500],""eps_decay"":[0.999742815677647,0.9998308866217515,0.9997222382894623,0.9803989035745324],""eps_min"":[0.01,0.1,0.2,0.03],""lr"":[0.0018987092442745606,0.0001879816386420311,0.0005545654245015581,0.00012958868019981014],""optimizer"":[""adam"",""adam"",""adam"",""adam""],""replay_steps"":[1,4,1,8],""weight_decay"":[1e-06,0.0001,0.001,1e-05]}"
82,cfg_fb6a147973202707,"{""batch"":[128,64,32,128],""buffer"":[2000,10000,2000,500],""eps_decay"":[0.9940578861543891,0.9979127611632671,0.9986027534698649,0.9996977306152617],""eps_min"":[0.03,0.15,0.01,0.05],""lr"":[0.0012291866284537172,0.0032984881662653665,0.00022594243222651803,0.0008032913129831914],""optimizer"":[""adamw"",""adamw"",""adamw"",""adam""],""replay_steps"":[1,2,4,4],""weight_decay"":[0.001,1e-06,1e-05,1e-06]}"
83,cfg_e828e2da09e14fc1,"{""batch"":[64,128,64,16],""buffer"":[2000,500,5000,1000],""eps_decay"":[0.9950173044161035,0.997225617334621,0.9998876806723248,0.9990302469186643],""eps_min"":[0.08,0.15,0.05,0.15],""lr"":[0.0006246777987607528,0.0016383404493908258,0.0001076371691906951,0.000590689311544116],""optimizer"":[""adam"",""adamw"",""adamw"",""adamw""],""replay_steps"":[2,8,8,1],""weight_decay"":[1e-06,0.001,1e-05,0.0001]}"
84,cfg_bbda3deb044a323f,"{""batch"":[64,16,32,16],""buffer"":[5000,1000,1000,5000],""eps_decay"":[0.998142721710504,0.9998471951526509,0.9971845990911979,0.9996923313420435],""eps_min"":[0.08,0.15,0.2,0.03],""lr"":[0.0003784711882816964,0.000223641477667417,0.00013671369255285643,0.00032102396543202375],""optimizer"":[""adam"",""adam"",""adamw"",""adam""],""replay_steps"":[1,2,4,2],""weight_decay"":[1e-05,0.001,1e-05,0.0001]}"
85,cfg_e04d00787c143efd,"{""batch"":[32,128,16,16],""buffer"":[10000,1000,5000,5000],""eps_decay"":[0.9979670929503713,0.9997057029220209,0.9979061334272767,0.9981979431094847],""eps_min"":[0.01,0.1,0.1,0.03],""lr"":[0.0006733544827158963,0.00024946591248502047,0.0004301628892544688,0.00016572926853564547],""optimizer"":[""adamw"",""adamw"",""adam"",""adam""],""replay_steps"":[1,2,1,1],""weight_decay"":[0.001,0.001,0.0001,0.001]}"
86,cfg_f43f9c800def7e04,"{""batch"":[64,64,64,128],""buffer"":[500,10000,10000,1000],""eps_decay"":[0.9968570523347319,0.9991056677733967,0.9832308069395028,0.9987983126908392],""eps_min"":[0.08,0.05,0.05,0.03],""lr"":[0.003520802483684844,0.0030335837034034196,0.000529640382975902,0.00010593290131200318],""optimizer"":[""adam"",""adam"",""adamw"",""adam""],""replay_steps"":[2,4,8,1],""weight_decay"":[1e-06,0.001,1e-05,1e-06]}"
87,cfg_f5fce08547affa33,"{""batch"":[128,16,32,16],""buffer"":[10000,5000,500,1000],""eps_decay"":[0.9997926027927887,0.9984890740942857,0.9985850221391701,0.9971353523864355],""eps_min"":[0.1,0.01,0.03,0.05],""lr"":[0.0007225886036980198,0.0012146857956841402,0.0015200147656986586,0.0003610547259553561],""optimizer"":[""adamw"",""adam"",""adamw"",""adam""],""replay_steps"":[8,1,1,8],""weight_decay"":[0.0001,1e-05,0.0001,1e-05]}"
88,cfg_af745001bd7ee880,"{""batch"":[16,64,16,16],""buffer"":[5000,500,2000,10000],""eps_decay"":[0.9837046848133169,0.9993834271701791,0.9820089690479167,0.9972614272270766],""eps_min"":[0.15,0.03,0.08,0.2],""lr"":[0.0002500437004180623,0.00021233741593294067,0.001407258685511632,0.00021207981522260817],""optimizer"":[""adamw"",""adam"",""adam"",""adam""],""replay_steps"":[4,1,8,1],""weight_decay"":[1e-05,1e-05,1e-05,0.001]}"
89,cfg_203de514188e7992,"{""batch"":[128,128,64,64],""buffer"":[1000,500,500,2000],""eps_decay"":[0.9985687634170709,0.9971209098727424,0.9987848252523281,0.9998117563445802],""eps_min"":[0.1,0.05,0.2,0.08],""lr"":[0.000268733882983575,0.0035930873360591345,0.00020016696918498449,0.00011531813013703718],""optimizer"":[""adam"",""adam"",""adam"",""adam""],""replay_steps"":[8,8,1,1],""weight_decay"":[0.0001,1e-06,1e-06,1e-06]}"
90,cfg_0e3dc460d0cb375e,"{""batch"":[128,16,128,32],""buffer"":[2000,2000,500,5000],""eps_decay"":[0.9971929898832221,0.9964429216023657,0.9997544303520738,0.9993787603948713],""eps_min"":[0.2,0.15,0.08,0.2],""lr"":[0.002211223475725499,0.0006940035731434876,0.004832605137903085,0.00010005905889173513],""optimizer"":[""adam"",""adamw"",""adamw"",""adamw""],""replay_steps"":[8,4,1,8],""weight_decay"":[0.001,0.001,0.001,1e-06]}"
91,cfg_7a6f0db549ca1fed,"{""batch"":[64,128,64,16],""buffer"":[500,5000,1000,5000],""eps_decay"":[0.9998056099269264,0.9985540037330591,0.9997175491319925,0.9969889116083755],""eps_min"":[0.2,0.05,0.03,0.01],""lr"":[0.00010499231441954036,0.001438369758642171,0.0009079667922219909,0.0024487003492158163],""optimizer"":[""adam"",""adam"",""adamw"",""adamw""],""replay_steps"":[2,2,8,2],""weight_decay"":[0.001,1e-06,1e-05,0.001]}"
92,cfg_26b7e6faa1d7f91a,"{""batch"":[64,16,32,128],""buffer"":[1000,2000,1000,10000],""eps_decay"":[0.9998590870307738,0.9970460270901991,0.9994663815719628,0.9998402436708665],""eps_min"":[0.08,0.03,0.05,0.08],""lr"":[0.0013100013542432381,0.00024028199178814118,0.00010587716702022997,0.0005447829993960637],""optimizer"":[""adamw"",""adam"",""adam"",""adam""],""replay_steps"":[4,4,2,4],""weight_decay"":[0.001,1e-05,1e-06,0.0001]}"
93,cfg_49ca3a8254c81500,"{""batch"":[16,64,128,128],""buffer"":[5000,500,1000,2000],""eps_decay"":[0.9945114989991155,0.9996906074175625,0.9988854677098755,0.9988433290484052],""eps_min"":[0.03,0.15,0.01,0.08],""lr"":[0.0004942263068654389,0.0022061906756519725,0.0017666251503300385,0.0032026150912322746],""optimizer"":[""adamw"",""adamw"",""adamw"",""adam""],""replay_steps"":[1,8,8,8],""weight_decay"":[0.0001,1e-06,1e-06,0.001]}"
94,cfg_c9e6ed3a62b669cf,"{""batch"":[128,32,32,32],""buffer"":[2000,2000,5000,1000],""eps_decay"":[0.9801195992821022,0.9997560268682246,0.9993111778894432,0.9996868562867378],""eps_min"":[0.03,0.08,0.05,0.15],""lr"":[0.0004877963291844749,0.0004089669863360536,0.0023628539581721842,0.0001497796976128112],""optimizer"":[""adamw"",""adam"",""adamw"",""adamw""],""replay_steps"":[4,8,1,1],""weight_decay"":[0.001,0.0001,0.0001,0.001]}"
95,cfg_59af4f413747c471,"{""batch"":[16,64,32,32],""buffer"":[5000,2000,2000,2000],""eps_decay"":[0.9996447579798697,0.9950012215622157,0.9957873957631976,0.9998874295013209],""eps_min"":[0.05,0.15,0.15,0.03],""lr"":[0.0022650788430610483,0.00069234839069932,0.0012487570904365657,0.0023230578085581227],""optimizer"":[""adam"",""adamw"",""adam"",""adamw""],""replay_steps"":[8,2,1,1],""weight_decay"":[1e-05,1e-05,1e-06,0.0001]}"
96,cfg_26b6ca76bae3be6a,"{""batch"":[16,128,64,32],""buffer"":[500,10000,500,5000],""eps_decay"":[0.986457613257997,0.9969412459669574,0.9909869200438846,0.9972451553931313],""eps_min"":[0.01,0.15,0.05,0.05],""lr"":[0.0006605977383634734,0.004131572875886546,0.004288416839706046,0.000999694534003876],""optimizer"":[""adamw"",""adam"",""adam"",""adam""],""replay_steps"":[2,4,2,2],""weight_decay"":[1e-05,1e-06,1e-06,0.0001]}"
97,cfg_4e91ca186ec9efff,"{""batch"":[64,32,32,32],""buffer"":[10000,500,2000,500],""eps_decay"":[0.9997267386659962,0.9939010215398061,0.9998653155559906,0.9841415100667404],""eps_min"":[0.15,0.03,0.08,0.1],""lr"":[0.0008565408639695523,0.0027041244174250646,0.0004965784650878958,0.0005842212645677357],""optimizer"":[""adamw"",""adam"",""adamw"",""adamw""],""replay_steps"":[2,2,4,8],""weight_decay"":[0.001,0.0001,0.001,0.001]}"
98,cfg_b8f6b2a7976cd39a,"{""batch"":[16,128,16,16],""buffer"":[10000,2000,1000,10000],""eps_decay"":[0.9983373690059466,0.9810927531549296,0.9997996394859932,0.9998912547774017],""eps_min"":[0.15,0.1,0.01,0.1],""lr"":[0.003489075100801548,0.0011826082154736983,0.001513811638336455,0.00016757787268080877],""optimizer"":[""adam"",""adam"",""adamw"",""adamw""],""replay_steps"":[8,8,8,1],""weight_decay"":[1e-06,0.0001,0.001,0.0001]}"
99,cfg_bd4b0695a83d7524,"{""batch"":[16,128,64,16],""buffer"":[5000,5000,500,1000],""eps_decay"":[0.9807079069694582,0.9997250331360625,0.9997145750672712,0.9996600670779102],""eps_min"":[0.1,0.15,0.08,0.1],""lr"":[0.0017063229406288022,0.0019225976919994409,0.0001382262496912995,0.0009254594153978513],""optimizer"":[""adamw"",""adam"",""adamw"",""adamw""],""replay_steps"":[4,8,2,2],""weight_decay"":[1e-05,0.001,0.001,1e-05]}"
100,cfg_bf707926f3229121,"{""batch"":[32,32,16,16],""buffer"":[10000,1000,5000,10000],""eps_decay"":[0.9982432042840137,0.9998117730060955,0.9953274186641181,0.9995669930198772],""eps_min"":[0.01,0.08,0.1,0.2],""lr"":[0.002640782122912202,0.0009443163402257231,0.00016028108962961126,0.0003779058923928222],""optimizer"":[""adamw"",""adam"",""adamw"",""adam""],""replay_steps"":[1,8,1,8],""weight_decay"":[1e-06,0.0001,0.0001,1e-06]}"
101,cfg_12399c2149bd54e4,"{""batch"":[64,64,128,32],""buffer"":[1000,1000,500,5000],""eps_decay"":[0.9877949894643301,0.9997108838353741,0.9961165429040313,0.9990429435314095],""eps_min"":[0.01,0.03,0.03,0.01],""lr"":[0.00011797044505048367,0.0006648849988198312,0.00010121340258894854,0.000582702317076719],""optimizer"":[""adamw"",""adam"",""adamw"",""adam""],""replay_steps"":[4,8,4,4],""weight_decay"":[0.001,1e-06,0.0001,1e-05]}"
102,cfg_062625419a27be50,"{""batch"":[64,16,64,32],""buffer"":[500,10000,1000,1000],""eps_decay"":[0.998024691347029,0.9997991869911448,0.9994249910772728,0.9994973444200034],""eps_min"":[0.1,0.03,0.08,0.01],""lr"":[0.0019791557779670274,0.0010885469174608119,0.0025523765336171655,0.002721376753126999],""optimizer"":[""adamw"",""adam"",""adam"",""adam""],""replay_steps"":[2,4,2,1],""weight_decay"":[1e-06,1e-06,1e-05,0.001]}"
103,cfg_042a6e04886cd411,"{""batch"":[32,64,128,32],""buffer"":[1000,2000,2000,10000],""eps_decay"":[0.9896226295697678,0.9996621854016392,0.9985970466997997,0.9940898614192181],""eps_min"":[0.01,0.08,0.05,0.1],""lr"":[0.00435244275153204,0.00016454794492957905,0.0002429640435338851,0.002310373754286199],""optimizer"":[""adam"",""adam"",""adam"",""adam""],""replay_steps"":[2,2,1,8],""weight_decay"":[0.0001,0.001,0.0001,1e-05]}"
104,cfg_c1ce1420c2f5d56b,"{""batch"":[32,32,128,32],""buffer"":[2000,10000,500,10000],""eps_decay"":[0.99963280543085,0.9933508225002555,0.9834141496237007,0.9985919159334937],""eps_min"":[0.1,0.1,0.05,0.1],""lr"":[0.002179295418406258,0.00298371306208375,0.0006405946224502236,0.0030821507417315283],""optimizer"":[""adamw"",""adam"",""adam"",""adamw""],""replay_steps"":[8,4,2,1],""weight_decay"":[0.001,0.001,0.001,0.0001]}"
105,cfg_beba405984c3a8b5,"{""batch"":[128,128,128,16],""buffer"":[5000,5000,10000,10000],""eps_decay"":[0.9995850245218921,0.9956672285203759,0.9907318740578805,0.9977502055201766],""eps_min"":[0.05,0.03,0.1,0.05],""lr"":[0.0001864794478486451,0.0002696922497224099,0.0028221133762478313,0.0006048941315234006],""optimizer"":[""adam"",""adamw"",""adamw"",""adamw""],""replay_steps"":[4,4,8,2],""weight_decay"":[0.0001,0.001,1e-06,1e-05]}"
106,cfg_39c97b4eebdb3999,"{""batch"":[16,32,16,64],""buffer"":[5000,500,1000,5000],""eps_decay"":[0.9989052916895335,0.9903259377838457,0.9946077215339596,0.9922905824044667],""eps_min"":[0.1,0.15,0.05,0.05],""lr"":[0.0001055350294418513,0.001539200836110484,0.00021049939303942702,0.00030473833753417816],""optimizer"":[""adam"",""adamw"",""adamw"",""adamw""],""replay_steps"":[4,1,4,8],""weight_decay"":[0.001,1e-06,1e-06,1e-06]}"
107,cfg_556ff86a742e9d6a,"{""batch"":[64,16,128,16],""buffer"":[5000,5000,500,500],""eps_decay"":[0.9976216862952385,0.9943000163384728,0.9996126978379553,0.9899511718576725],""eps_min"":[0.2,0.1,0.2,0.15],""lr"":[0.004632892868182223,0.0011088242393635784,0.0004227320157591159,0.00011780606357158906],""optimizer"":[""adam"",""adamw"",""adamw"",""adamw""],""replay_steps"":[8,8,1,2],""weight_decay"":[1e-05,1e-05,0.0001,1e-06]}"
108,cfg_66edf107165f0925,"{""batch"":[64,16,128,64],""buffer"":[500,2000,2000,2000],""eps_decay"":[0.9856881667784227,0.998629996794421,0.9988977048168717,0.999805574048764],""eps_min"":[0.01,0.15,0.1,0.2],""lr"":[0.0003281447035055535,0.00022042880914299918,0.002698040445422556,0.0041272935376883745],""optimizer"":[""adam"",""adamw"",""adam"",""adamw""],""replay_steps"":[1,2,1,8],""weight_decay"":[0.001,1e-06,0.0001,0.0001]}"
109,cfg_c165438bf8a6f2d6,"{""batch"":[64,64,64,128],""buffer"":[500,5000,5000,2000],""eps_decay"":[0.9990804446469824,0.9995569070547912,0.9979914091507944,0.9935667330809412],""eps_min"":[0.15,0.01,0.1,0.01],""lr"":[0.0007978423346435501,0.0019503058800855893,0.00013204276897484183,0.004165605150417206],""optimizer"":[""adam"",""adam"",""adamw"",""adamw""],""replay_steps"":[2,8,2,1],""weight_decay"":[0.0001,0.0001,0.001,0.001]}"
110,cfg_9c1eb52476080a80,"{""batch"":[64,16,16,64],""buffer"":[2000,5000,2000,5000],""eps_decay"":[0.9961400351098227,0.9983349426826938,0.9938643877608395,0.9936609280204965],""eps_min"":[0.1,0.08,0.01,0.2],""lr"":[0.0020181040860527757,0.00035018922700604465,0.002321335122376976,0.00029747411431973103],""optimizer"":[""adam"",""adamw"",""adamw"",""adamw""],""replay_steps"":[8,4,2,1],""weight_decay"":[0.001,1e-06,0.0001,0.0001]}"
111,cfg_4795bf8b83579f27,"{""batch"":[128,32,64,64],""buffer"":[5000,2000,10000,5000],""eps_decay"":[0.9926058687770571,0.9963066332450687,0.9995561840344347,0.9939147341315745],""eps_min"":[0.15,0.01,0.15,0.1],""lr"":[0.0005102901567511848,0.0031526376706417793,0.00033972388750839355,0.00014615317390458485],""optimizer"":[""adamw"",""adam"",""adamw"",""adam""],""replay_steps"":[8,1,2,8],""weight_decay"":[0.0001,1e-05,1e-06,0.0001]}"
112,cfg_1576a72ebd70dcbd,"{""batch"":[32,16,64,128],""buffer"":[500,2000,1000,2000],""eps_decay"":[0.9933645993848591,0.9996639322043511,0.9998779277435064,0.9997190448194608],""eps_min"":[0.1,0.15,0.03,0.03],""lr"":[0.002896492885610429,0.003707512154357823,0.00035021009145478287,0.0014293230698516498],""optimizer"":[""adam"",""adam"",""adam"",""adam""],""replay_steps"":[8,2,8,8],""weight_decay"":[1e-06,0.001,0.0001,0.001]}"
113,cfg_290518d1f147e765,"{""batch"":[64,64,32,128],""buffer"":[1000,2000,2000,1000],""eps_decay"":[0.9850872243244707,0.9986314628781064,0.9930521185917627,0.9998178123797173],""eps_min"":[0.2,0.15,0.1,0.15],""lr"":[0.0002033219966736398,0.0006081150752833191,0.00046201322070470234,0.0013697889100949383],""optimizer"":[""adam"",""adam"",""adam"",""adamw""],""replay_steps"":[8,2,8,1],""weight_decay"":[0.001,0.001,1e-06,1e-05]}"
114,cfg_2852406608b02f36,"{""batch"":[32,32,16,32],""buffer"":[1000,2000,5000,1000],""eps_decay"":[0.985104093246248,0.999769683204913,0.9970831366611235,0.9998250956471535],""eps_min"":[0.01,0.2,0.01,0.01],""lr"":[0.0010560815270267104,0.0005757346810063875,0.0005679810121021828,0.00020402571647545976],""optimizer"":[""adam"",""adam"",""adam"",""adam""],""replay_steps"":[4,8,1,1],""weight_decay"":[1e-06,1e-06,1e-06,0.001]}"
115,cfg_06921d8341017e3a,"{""batch"":[64,16,32,64],""buffer"":[5000,10000,1000,1000],""eps_decay"":[0.9994408012662298,0.9983339229195478,0.9993455550476719,0.9907770053791495],""eps_min"":[0.01,0.1,0.15,0.05],""lr"":[0.0005189994861568368,0.0005211500853893014,0.00436752880771691,0.0001933089102868575],""optimizer"":[""adamw"",""adamw"",""adamw"",""adamw""],""replay_steps"":[1,8,2,8],""weight_decay"":[1e-06,0.001,0.001,0.0001]}"
116,cfg_b7ca8315f19fcfeb,"{""batch"":[32,16,16,128],""buffer"":[2000,5000,500,1000],""eps_decay"":[0.994202984162241,0.9854162372134514,0.9973550764851091,0.9996726087974408],""eps_min"":[0.03,0.08,0.1,0.2],""lr"":[0.0006006459876836235,0.0011591691410300974,0.0002672694562646159,0.00012496846612287585],""optimizer"":[""adam"",""adamw"",""adamw"",""adamw""],""replay_steps"":[4,4,4,2],""weight_decay"":[1e-05,0.001,0.0001,0.0001]}"
117,cfg_b54bc47ddef53e78,"{""batch"":[64,128,32,16],""buffer"":[5000,5000,1000,500],""eps_decay"":[0.9994753686119744,0.9995935949685314,0.9995939728946325,0.9998804667320011],""eps_min"":[0.1,0.05,0.05,0.08],""lr"":[0.002812706090352351,0.00019311915258408933,0.00044570292285416935,0.00038598039415147243],""optimizer"":[""adam"",""adam"",""adam"",""adamw""],""replay_steps"":[8,4,8,8],""weight_decay"":[1e-05,0.0001,1e-06,0.001]}"
118,cfg_1bc22a895514106e,"{""batch"":[32,128,128,64],""buffer"":[2000,10000,2000,10000],""eps_decay"":[0.9998839182678815,0.9961992254598953,0.9996827583540778,0.9901102822237275],""eps_min"":[0.05,0.08,0.08,0.2],""lr"":[0.0006217141469892817,0.00011709826794594452,0.004352284353464666,0.0001358091720205549],""optimizer"":[""adam"",""adamw"",""adamw"",""adam""],""replay_steps"":[8,4,1,1],""weight_decay"":[1e-06,1e-05,0.0001,0.0001]}"
119,cfg_93a5bba4439ff3b7,"{""batch"":[16,128,128,16],""buffer"":[5000,10000,2000,10000],""eps_decay"":[0.9936774604447087,0.9971358222068223,0.9997653556365372,0.9987800214719096],""eps_min"":[0.03,0.03,0.05,0.2],""lr"":[0.0013125538439549148,0.0005683461461441702,0.00012014488359793395,0.0033342753220644327],""optimizer"":[""adam"",""adam"",""adamw"",""adam""],""replay_steps"":[1,8,4,8],""weight_decay"":[0.001,0.0001,0.0001,1e-05]}"
120,cfg_b57ca0aba860034f,"{""batch"":[128,128,128,16],""buffer"":[1000,1000,5000,500],""eps_decay"":[0.9974414064028541,0.9975402595780334,0.9994317056868984,0.9994611044731117],""eps_min"":[0.08,0.05,0.05,0.08],""lr"":[0.0004092130196041859,0.001772429047874258,0.001498006131074937,0.0003156390793806185],""optimizer"":[""adam"",""adamw"",""adamw"",""adamw""],""replay_steps"":[4,2,8,4],""weight_decay"":[1e-05,1e-06,0.001,0.0001]}"
121,cfg_950739043bef7e96,"{""batch"":[128,64,32,128],""buffer"":[500,2000,2000,500],""eps_decay"":[0.9968469425901016,0.9949288368809996,0.9987527917888961,0.9979762387375308],""eps_min"":[0.05,0.1,0.08,0.15],""lr"":[0.00017311363757853385,0.0011908905658464552,0.003953199993027114,0.001247139527249803],""optimizer"":[""adam"",""adamw"",""adamw"",""adamw""],""replay_steps"":[1,1,2,1],""weight_decay"":[0.0001,1e-05,0.001,1e-06]}"
122,cfg_d438f02a41880ff2,"{""batch"":[128,32,64,64],""buffer"":[2000,1000,500,2000],""eps_decay"":[0.9948165997066896,0.9979546307691827,0.9998832743850782,0.9981272350559017],""eps_min"":[0.2,0.15,0.05,0.1],""lr"":[0.0030412179338778246,0.0011596506100555073,0.0003524065391848393,0.00018397478689205794],""optimizer"":[""adam"",""adam"",""adamw"",""adam""],""replay_steps"":[8,4,8,2],""weight_decay"":[0.0001,0.0001,0.0001,1e-05]}"
123,cfg_75f93af267aad11a,"{""batch"":[64,128,64,32],""buffer"":[500,2000,500,10000],""eps_decay"":[0.9995478826758026,0.9991035843968843,0.9995412417517272,0.9986093882763623],""eps_min"":[0.08,0.2,0.1,0.01],""lr"":[0.0008826364582449675,0.00014302032857779087,0.0001577278556609695,0.0018175846496714596],""optimizer"":[""adam"",""adamw"",""adam"",""adam""],""replay_steps"":[4,4,1,2],""weight_decay"":[0.0001,0.001,1e-05,1e-05]}"
124,cfg_da4e67e086a78902,"{""batch"":[32,128,128,32],""buffer"":[500,10000,10000,500],""eps_decay"":[0.9932723696421294,0.9998969100241609,0.9997864131898317,0.9998179722643705],""eps_min"":[0.1,0.15,0.15,0.08],""lr"":[0.002113798343555188,0.0017054844367986213,0.0014981122514999801,0.0006672662543256671],""optimizer"":[""adam"",""adamw"",""adamw"",""adam""],""replay_steps"":[8,4,4,4],""weight_decay"":[0.0001,1e-06,1e-06,1e-05]}"
125,cfg_f912651caafc456d,"{""batch"":[64,64,16,32],""buffer"":[10000,10000,10000,1000],""eps_decay"":[0.9873620558662572,0.9996493874448436,0.999600969452205,0.996251284575399],""eps_min"":[0.03,0.01,0.08,0.03],""lr"":[0.001854499553992861,0.0011864942589669082,0.000362581130423386,0.0013047754873914694],""optimizer"":[""adam"",""adam"",""adam"",""adam""],""replay_steps"":[1,1,2,4],""weight_decay"":[1e-06,0.001,0.0001,0.001]}"
126,cfg_50ac17d8be8c1ff8,"{""batch"":[16,32,64,128],""buffer"":[2000,5000,1000,500],""eps_decay"":[0.9979006652413742,0.9984246911000731,0.9919555769533909,0.9998045660549657],""eps_min"":[0.08,0.08,0.2,0.05],""lr"":[0.0001389385398515289,0.0004697686409972766,0.0014449796067955356,0.0005843964380188142],""optimizer"":[""adamw"",""adamw"",""adamw"",""adam""],""replay_steps"":[1,1,1,8],""weight_decay"":[0.0001,0.0001,0.0001,1e-06]}"
127,cfg_821ee6f8bd4a2ce0,"{""batch"":[16,32,32,128],""buffer"":[500,2000,500,500],""eps_decay"":[0.9991225943181231,0.9891113153929807,0.9947201129328912,0.9910862803837864],""eps_min"":[0.01,0.01,0.1,0.1],""lr"":[0.0001451094786666851,0.004750733703254414,0.0007030218360337317,0.0001118565937447184],""optimizer"":[""adam"",""adam"",""adam"",""adam""],""replay_steps"":[1,8,1,8],""weight_decay"":[0.0001,0.0001,0.001,1e-05]}"
128,cfg_c78d5eaeae731292,"{""batch"":[16,128,32,32],""buffer"":[5000,5000,1000,500],""eps_decay"":[0.9849460415826977,0.9969712814961456,0.997004121761126,0.9989236195423067],""eps_min"":[0.2,0.15,0.2,0.05],""lr"":[0.00011357673316293607,0.00017959127153173936,0.003699777124127876,0.0010237633747829935],""optimizer"":[""adam"",""adamw"",""adam"",""adamw""],""replay_steps"":[8,1,1,2],""weight_decay"":[0.0001,0.0001,1e-06,0.001]}"
129,cfg_c082db11f3eba878,"{""batch"":[16,16,128,128],""buffer"":[2000,500,5000,5000],""eps_decay"":[0.9923887071551121,0.9997920434982528,0.994665612143474,0.9995434686449911],""eps_min"":[0.15,0.01,0.1,0.15],""lr"":[0.0014403785982105215,0.0011898960729698894,0.0005264608944014641,0.004045307860509195],""optimizer"":[""adam"",""adamw"",""adamw"",""adam""],""replay_steps"":[2,1,2,4],""weight_decay"":[0.001,0.0001,1e-05,0.001]}"
130,cfg_d40ebef00eaaa74f,"{""batch"":[32,128,64,16],""buffer"":[2000,5000,500,10000],""eps_decay"":[0.9892411645010389,0.9862995794600116,0.999594563129243,0.9996519123349838],""eps_min"":[0.01,0.03,0.2,0.01],""lr"":[0.0002563676524046413,0.001584529050503508,0.00016888287328373135,0.00018838371855805697],""optimizer"":[""adam"",""adam"",""adamw"",""adamw""],""replay_steps"":[1,1,2,8],""weight_decay"":[1e-06,0.0001,0.001,1e-05]}"
131,cfg_080fc930dc6ba426,"{""batch"":[64,16,16,32],""buffer"":[10000,1000,5000,1000],""eps_decay"":[0.9905541312229579,0.9977890891699489,0.9992985976205349,0.9946416324748665],""eps_min"":[0.03,0.03,0.08,0.05],""lr"":[0.003916243040131476,0.00016221396653234662,0.0004443815583344171,0.0029138874360336523],""optimizer"":[""adam"",""adamw"",""adamw"",""adamw""],""replay_steps"":[8,4,2,8],""weight_decay"":[1e-05,1e-05,0.0001,1e-06]}"
132,cfg_3c0a6367c95e25ec,"{""batch"":[16,128,32,32],""buffer"":[500,5000,5000,1000],""eps_decay"":[0.9904845640727186,0.9993059440702794,0.998082638728977,0.9998799507170163],""eps_min"":[0.15,0.1,0.1,0.15],""lr"":[0.0024504373646053604,0.003584660920217225,0.0007095509186706555,0.0014137124682913646],""optimizer"":[""adamw"",""adamw"",""adam"",""adamw""],""replay_steps"":[4,2,8,2],""weight_decay"":[0.0001,0.0001,0.001,0.0001]}"
133,cfg_b0fa6347ac67f4a8,"{""batch"":[64,64,64,32],""buffer"":[10000,10000,500,10000],""eps_decay"":[0.9968805938269695,0.9984722919551281,0.9998942258540993,0.9998498870296116],""eps_min"":[0.01,0.08,0.1,0.1],""lr"":[0.004712955635776405,0.00010802681810679998,0.00011940706650285006,0.0015702277420333302],""optimizer"":[""adam"",""adam"",""adamw"",""adamw""],""replay_steps"":[2,8,4,2],""weight_decay"":[0.0001,0.0001,0.0001,0.0001]}"
134,cfg_8a54da8be124a969,"{""batch"":[128,32,128,128],""buffer"":[5000,500,500,500],""eps_decay"":[0.9989337384958873,0.9947124874626209,0.9997790726558576,0.989658655367159],""eps_min"":[0.05,0.15,0.1,0.2],""lr"":[0.0027844947067055376,0.0016681426951527052,0.0009456231758699681,0.0013772930654452167],""optimizer"":[""adamw"",""adam"",""adamw"",""adam""],""replay_steps"":[1,8,4,4],""weight_decay"":[0.001,1e-05,1e-05,0.001]}"
135,cfg_8a270cf1ba0edaa5,"{""batch"":[16,32,128,128],""buffer"":[10000,2000,500,1000],""eps_decay"":[0.9993371701490015,0.9886852323766276,0.9880631710259403,0.9998271451864027],""eps_min"":[0.15,0.1,0.2,0.03],""lr"":[0.00025943037375724835,0.00047295117674746334,0.0028840404445033153,0.0007613351070093098],""optimizer"":[""adamw"",""adamw"",""adamw"",""adam""],""replay_steps"":[1,1,2,2],""weight_decay"":[1e-06,0.001,0.0001,1e-05]}"
136,cfg_1c9897af035b2939,"{""batch"":[128,128,64,16],""buffer"":[1000,5000,1000,10000],""eps_decay"":[0.9972174640240212,0.9957980305175139,0.9823666146794521,0.9998312003999855],""eps_min"":[0.15,0.03,0.03,0.15],""lr"":[0.00010158371045450712,0.00011281894322582588,0.0004984741021930183,0.00048695805669017573],""optimizer"":[""adam"",""adam"",""adam"",""adam""],""replay_steps"":[4,1,2,2],""weight_decay"":[0.0001,1e-06,0.001,1e-06]}"
137,cfg_bee8bf711579affd,"{""batch"":[128,64,128,32],""buffer"":[10000,2000,500,5000],""eps_decay"":[0.9936969547378373,0.9878864412372048,0.9997217142695828,0.9991502526153182],""eps_min"":[0.05,0.15,0.01,0.1],""lr"":[0.000390872340034402,0.00016941744490151878,0.0003534182305430332,0.0023235043669787747],""optimizer"":[""adam"",""adamw"",""adamw"",""adam""],""replay_steps"":[4,8,1,1],""weight_decay"":[1e-06,0.0001,0.001,0.0001]}"
138,cfg_cba439392a48ab09,"{""batch"":[16,16,64,32],""buffer"":[10000,1000,10000,2000],""eps_decay"":[0.9947853319780888,0.9989736434253782,0.9995566136507616,0.9997426255900191],""eps_min"":[0.03,0.03,0.15,0.08],""lr"":[0.00024831679264939073,0.0003185215657658178,0.001215769462247525,0.0006401384479315233],""optimizer"":[""adamw"",""adamw"",""adamw"",""adam""],""replay_steps"":[1,8,8,8],""weight_decay"":[1e-05,1e-05,0.001,1e-05]}"
139,cfg_c9fa0e8598cc8d97,"{""batch"":[64,32,32,16],""buffer"":[10000,1000,5000,1000],""eps_decay"":[0.9998491497355656,0.9995957479484087,0.999435127551291,0.9914482737260971],""eps_min"":[0.2,0.1,0.03,0.1],""lr"":[0.0010254670016839867,0.002352107948321171,0.004084581832131578,0.001687989444440468],""optimizer"":[""adamw"",""adamw"",""adam"",""adamw""],""replay_steps"":[8,4,8,2],""weight_decay"":[1e-06,1e-05,0.0001,1e-06]}"
140,cfg_4cbb31eaff15652f,"{""batch"":[32,16,32,16],""buffer"":[1000,1000,5000,5000],""eps_decay"":[0.9957143020605881,0.9991071726194274,0.9856384687620362,0.9998622967604891],""eps_min"":[0.2,0.15,0.05,0.1],""lr"":[0.001066372784369668,0.0035524367125752054,0.00017986255661179805,0.00014907697218925905],""optimizer"":[""adam"",""adam"",""adamw"",""adam""],""replay_steps"":[1,2,1,8],""weight_decay"":[1e-05,0.001,0.0001,0.001]}"
141,cfg_ede77ec4fc51f28e,"{""batch"":[64,64,32,32],""buffer"":[5000,5000,5000,5000],""eps_decay"":[0.996553084734187,0.9930602011024429,0.9998584740301154,0.9997794869476234],""eps_min"":[0.05,0.1,0.1,0.15],""lr"":[0.0010048851107768598,0.0027731485824046783,0.000502967775291795,0.0033035106323931872],""optimizer"":[""adamw"",""adamw"",""adamw"",""adam""],""replay_steps"":[8,2,4,1],""weight_decay"":[0.0001,1e-06,1e-05,1e-06]}"
142,cfg_a8f4ed6b11259305,"{""batch"":[128,64,16,32],""buffer"":[2000,1000,500,5000],""eps_decay"":[0.9945859705242335,0.9934919584586576,0.998987231146559,0.9996663515391181],""eps_min"":[0.2,0.15,0.2,0.15],""lr"":[0.0027679061384100387,0.0010141106140517861,0.004130701553598253,0.0011340309100554844],""optimizer"":[""adam"",""adamw"",""adam"",""adam""],""replay_steps"":[4,4,8,4],""weight_decay"":[1e-06,0.001,1e-06,1e-05]}"
143,cfg_85ab70ef198fcdd3,"{""batch"":[16,64,16,64],""buffer"":[2000,2000,10000,10000],""eps_decay"":[0.9962136779077296,0.991951462508386,0.9981225896372399,0.9979253205192257],""eps_min"":[0.03,0.05,0.08,0.15],""lr"":[0.00023654077609048263,0.0037130706785438224,0.004429566131829403,0.0005170011076862152],""optimizer"":[""adam"",""adam"",""adamw"",""adamw""],""replay_steps"":[8,1,4,2],""weight_decay"":[1e-05,0.001,1e-06,1e-05]}"
144,cfg_46102ce3b2205d00,"{""batch"":[32,64,16,64],""buffer"":[5000,1000,10000,5000],""eps_decay"":[0.9972476146238918,0.9971230614178075,0.995064032480734,0.9994518249817909],""eps_min"":[0.2,0.03,0.15,0.1],""lr"":[0.0007137928976047881,0.004490213426235685,0.00011979325010293945,0.00042458551598877363],""optimizer"":[""adam"",""adamw"",""adam"",""adam""],""replay_steps"":[8,4,8,2],""weight_decay"":[0.001,0.0001,1e-05,1e-05]}"
145,cfg_055a4aca2d87c0b5,"{""batch"":[64,16,128,128],""buffer"":[2000,10000,2000,2000],""eps_decay"":[0.9912738266741694,0.9997345907765376,0.9995474182151161,0.9996572915811911],""eps_min"":[0.1,0.03,0.2,0.15],""lr"":[0.0001621579656789069,0.00038204727411140236,0.0016458100942534082,0.0002746708972825831],""optimizer"":[""adam"",""adam"",""adam"",""adamw""],""replay_steps"":[4,1,4,1],""weight_decay"":[0.001,1e-06,0.001,1e-06]}"
146,cfg_b6cb39ae5808410b,"{""batch"":[128,16,128,32],""buffer"":[10000,2000,500,5000],""eps_decay"":[0.9991090372681825,0.9967778100216391,0.9995415477411124,0.99702545610175],""eps_min"":[0.2,0.08,0.15,0.1],""lr"":[0.0013084833962442662,0.0003912645672049987,0.00015897997972425673,0.004600037911922077],""optimizer"":[""adam"",""adam"",""adam"",""adam""],""replay_steps"":[8,1,8,1],""weight_decay"":[0.001,0.0001,0.001,0.001]}"
147,cfg_da970c8c8c1d5c89,"{""batch"":[64,64,64,128],""buffer"":[5000,500,2000,2000],""eps_decay"":[0.9996650565789664,0.9980092891476667,0.9995859050468219,0.9939570341571261],""eps_min"":[0.05,0.01,0.15,0.2],""lr"":[0.0005364316482872468,0.004372891919547739,0.0004051102274920829,0.0003794286713855551],""optimizer"":[""adam"",""adamw"",""adam"",""adam""],""replay_steps"":[2,8,4,8],""weight_decay"":[0.001,1e-05,1e-05,0.001]}"
148,cfg_c1babd4d1503b9d5,"{""batch"":[32,128,64,128],""buffer"":[500,2000,1000,2000],""eps_decay"":[0.994907030520448,0.9889447285725832,0.9976597846066341,0.9998005525443341],""eps_min"":[0.15,0.03,0.2,0.01],""lr"":[0.0024886261621737157,0.003930696643003882,0.0009258360274257752,0.0003651509769231105],""optimizer"":[""adam"",""adam"",""adamw"",""adam""],""replay_steps"":[2,4,2,2],""weight_decay"":[1e-05,1e-06,1e-06,0.001]}"
149,cfg_0a7a8073059e057a,"{""batch"":[64,32,64,16],""buffer"":[500,5000,10000,500],""eps_decay"":[0.9957789230317803,0.9996851035732164,0.9871973322859934,0.9993441624648066],""eps_min"":[0.01,0.01,0.05,0.2],""lr"":[0.002096093860959223,0.00042241014959338923,0.0005279967752685806,0.00023804035598861266],""optimizer"":[""adam"",""adamw"",""adamw"",""adam""],""replay_steps"":[8,4,8,4],""weight_decay"":[1e-05,0.001,1e-06,1e-05]}"
150,cfg_90c4d3bc77652527,"{""batch"":[64,64,128,128],""buffer"":[5000,5000,500,500],""eps_decay"":[0.9803414380476511,0.9884505721198562,0.9845342068927327,0.9968609181728836],""eps_min"":[0.15,0.01,0.01,0.1],""lr"":[0.0008270382483586894,0.0005145750860725798,0.0008672631438782039,0.00026895664721583414],""optimizer"":[""adamw"",""adam"",""adam"",""adamw""],""replay_steps"":[4,2,1,8],""weight_decay"":[1e-06,0.0001,1e-06,1e-05]}"
151,cfg_f17f912d73bb1861,"{""batch"":[64,16,16,16],""buffer"":[10000,1000,10000,2000],""eps_decay"":[0.9995851448323462,0.9987936157100044,0.9990142741061879,0.9980722553537377],""eps_min"":[0.2,0.2,0.05,0.05],""lr"":[0.0014687406268911166,0.0006646210700317193,0.00016837443687930636,0.00045993818996795913],""optimizer"":[""adam"",""adamw"",""adam"",""adamw""],""replay_steps"":[4,4,1,8],""weight_decay"":[1e-05,1e-05,1e-06,1e-06]}"
152,cfg_9903a54750cb77ac,"{""batch"":[32,128,32,128],""buffer"":[500,5000,10000,5000],""eps_decay"":[0.9998623126212131,0.999095744572398,0.9931714145033071,0.9941063500804985],""eps_min"":[0.1,0.15,0.2,0.15],""lr"":[0.000589750447771927,0.0010146794807042309,0.0016909373360974344,0.0023412667747138355],""optimizer"":[""adam"",""adam"",""adam"",""adamw""],""replay_steps"":[8,1,8,1],""weight_decay"":[0.001,1e-06,1e-05,0.0001]}"
153,cfg_dd9174dce3796db5,"{""batch"":[16,128,16,32],""buffer"":[1000,500,5000,2000],""eps_decay"":[0.9998087557810846,0.989195526038474,0.9988398554515631,0.9995694225467808],""eps_min"":[0.03,0.03,0.15,0.01],""lr"":[0.0020681037552402687,0.000916732610057866,0.0008045471550221123,0.0015441222420242535],""optimizer"":[""adam"",""adamw"",""adamw"",""adam""],""replay_steps"":[8,4,2,4],""weight_decay"":[1e-05,0.001,0.0001,0.001]}"
154,cfg_e2234b17df457dbf,"{""batch"":[16,128,128,16],""buffer"":[2000,1000,500,500],""eps_decay"":[0.9970723206454603,0.9998515472100808,0.9976266336885471,0.9996895347900132],""eps_min"":[0.05,0.01,0.15,0.1],""lr"":[0.0024957766675220883,0.0034154198911978857,0.0009328041026097588,0.0004194101091843636],""optimizer"":[""adam"",""adam"",""adam"",""adam""],""replay_steps"":[1,2,2,8],""weight_decay"":[1e-06,1e-05,0.0001,1e-05]}"
155,cfg_69104841769fcbec,"{""batch"":[128,32,32,128],""buffer"":[2000,10000,10000,2000],""eps_decay"":[0.997665718128112,0.9965682433717026,0.9932705785599149,0.9952315661106907],""eps_min"":[0.05,0.08,0.01,0.01],""lr"":[0.00021982340739363582,0.00012407054127498628,0.00032689355775763525,0.0038556376030533593],""optimizer"":[""adam"",""adam"",""adam"",""adam""],""replay_steps"":[1,8,2,2],""weight_decay"":[0.001,1e-05,0.0001,0.001]}"
156,cfg_7e288f5277844268,"{""batch"":[16,64,32,64],""buffer"":[2000,2000,5000,10000],""eps_decay"":[0.9986197211419271,0.9998632168653289,0.9988465307582943,0.9981759169265328],""eps_min"":[0.1,0.01,0.01,0.05],""lr"":[0.0004270795692591469,0.0018891327102716392,0.00012489950093190017,0.0036467102073173417],""optimizer"":[""adamw"",""adamw"",""adamw"",""adamw""],""replay_steps"":[4,1,2,1],""weight_decay"":[1e-05,0.001,1e-05,0.0001]}"
157,cfg_6ba11ddcabb3c383,"{""batch"":[128,128,16,128],""buffer"":[10000,10000,1000,500],""eps_decay"":[0.9993802805521685,0.9938878889134705,0.9998354078740002,0.9973933067081386],""eps_min"":[0.03,0.2,0.05,0.05],""lr"":[0.00429845197845712,0.0021574171601250356,0.0019871157279575265,0.003129462918581561],""optimizer"":[""adam"",""adam"",""adamw"",""adamw""],""replay_steps"":[4,8,2,2],""weight_decay"":[1e-06,0.0001,1e-06,0.0001]}"
158,cfg_9203d81aece82440,"{""batch"":[16,32,128,32],""buffer"":[2000,500,5000,1000],""eps_decay"":[0.9991124924925251,0.9992272057084834,0.9998959113404002,0.999369900271072],""eps_min"":[0.2,0.08,0.15,0.1],""lr"":[0.0004795725819168595,0.0007275534241142575,0.0012266315978107004,0.0012303212468712107],""optimizer"":[""adamw"",""adam"",""adamw"",""adamw""],""replay_steps"":[2,2,2,4],""weight_decay"":[1e-05,1e-06,1e-05,0.001]}"
159,cfg_e0cfe99ef3540f05,"{""batch"":[32,32,16,64],""buffer"":[1000,5000,500,2000],""eps_decay"":[0.998571640646741,0.9996437533043554,0.9993420358790369,0.9998131677605905],""eps_min"":[0.2,0.15,0.01,0.01],""lr"":[0.0016663345178481374,0.0007402271184770612,0.004555432132290194,0.000379174623927827],""optimizer"":[""adamw"",""adam"",""adam"",""adamw""],""replay_steps"":[8,2,2,8],""weight_decay"":[1e-06,1e-05,1e-05,1e-05]}"
160,cfg_d9a4e50670b39f64,"{""batch"":[64,64,16,64],""buffer"":[2000,5000,2000,10000],""eps_decay"":[0.9998724559783149,0.9998912912437937,0.999834587822253,0.9956437397675485],""eps_min"":[0.05,0.08,0.15,0.15],""lr"":[0.00031201553250514725,0.0013225633084897256,0.0017126906368290314,0.0009947790057430606],""optimizer"":[""adam"",""adamw"",""adamw"",""adam""],""replay_steps"":[8,4,4,1],""weight_decay"":[0.001,0.001,1e-06,1e-06]}"
161,cfg_246dac1fee62d9d6,"{""batch"":[16,64,32,64],""buffer"":[5000,1000,500,2000],""eps_decay"":[0.9953392642190305,0.9998844764543419,0.998077617621308,0.9925295839673048],""eps_min"":[0.15,0.08,0.03,0.03],""lr"":[0.0010071251852923056,0.003149279993776113,0.0005639379337339619,0.0002721716414343905],""optimizer"":[""adamw"",""adamw"",""adamw"",""adam""],""replay_steps"":[2,2,8,4],""weight_decay"":[1e-06,0.001,1e-05,0.001]}"
162,cfg_60a0535a4819b8d7,"{""batch"":[64,16,128,128],""buffer"":[500,500,10000,500],""eps_decay"":[0.9998216206582577,0.9998844336069364,0.9987683471100788,0.9989466455520063],""eps_min"":[0.2,0.05,0.01,0.05],""lr"":[0.003922166235443046,0.0004767136509126113,0.00013149990379517028,0.003887326603463489],""optimizer"":[""adamw"",""adamw"",""adam"",""adamw""],""replay_steps"":[4,2,2,4],""weight_decay"":[0.0001,1e-06,1e-05,1e-05]}"
163,cfg_383786b40390c673,"{""batch"":[128,128,16,32],""buffer"":[1000,500,1000,1000],""eps_decay"":[0.9864206814867363,0.9994832635354206,0.9992433928572432,0.9991978457589542],""eps_min"":[0.2,0.05,0.2,0.15],""lr"":[0.0002478987177459125,0.0023145548554148647,0.0005985676141002396,0.002207761213418822],""optimizer"":[""adamw"",""adam"",""adamw"",""adamw""],""replay_steps"":[1,1,4,2],""weight_decay"":[1e-06,0.001,0.001,0.001]}"
164,cfg_830dc77d19c1122b,"{""batch"":[128,128,64,64],""buffer"":[5000,5000,5000,500],""eps_decay"":[0.998651063222769,0.9994110064763353,0.9995740814419859,0.999556580114364],""eps_min"":[0.01,0.08,0.2,0.1],""lr"":[0.0003227965533173038,0.004047495029294367,0.0004588667139257254,0.0008613890850472934],""optimizer"":[""adam"",""adamw"",""adam"",""adam""],""replay_steps"":[4,2,8,2],""weight_decay"":[0.001,1e-05,0.001,1e-06]}"
165,cfg_32e75e9b3adfb913,"{""batch"":[128,64,64,32],""buffer"":[1000,2000,10000,2000],""eps_decay"":[0.9986323043243345,0.9998986635403754,0.995991214194029,0.9995495408659684],""eps_min"":[0.15,0.03,0.03,0.08],""lr"":[0.00349721679530372,0.0009105097595330246,0.00010096387503685576,0.0016851864902727935],""optimizer"":[""adam"",""adam"",""adam"",""adamw""],""replay_steps"":[1,1,1,4],""weight_decay"":[0.001,0.0001,0.0001,0.0001]}"
166,cfg_1718aeb81819700b,"{""batch"":[64,32,16,32],""buffer"":[1000,1000,500,2000],""eps_decay"":[0.9950179395840378,0.9997087296257818,0.9974868874478575,0.9972246029954759],""eps_min"":[0.05,0.15,0.1,0.1],""lr"":[0.0014907517070562528,0.00331605365932152,0.001018735528345713,0.0018993482655934684],""optimizer"":[""adam"",""adam"",""adam"",""adamw""],""replay_steps"":[4,8,8,8],""weight_decay"":[0.0001,1e-05,0.0001,0.0001]}"
167,cfg_48ed503f08f2b52d,"{""batch"":[128,128,64,32],""buffer"":[10000,5000,1000,10000],""eps_decay"":[0.9924930159202633,0.9997294845636459,0.9995839685458915,0.9838428038165176],""eps_min"":[0.01,0.08,0.03,0.15],""lr"":[0.002942032164966437,0.002012530740980577,0.0032806680517961165,0.002493355088898935],""optimizer"":[""adam"",""adamw"",""adam"",""adam""],""replay_steps"":[8,8,4,4],""weight_decay"":[0.0001,0.001,1e-05,1e-05]}"
168,cfg_63fb8a8f0c5eaeee,"{""batch"":[128,64,128,32],""buffer"":[10000,2000,500,1000],""eps_decay"":[0.9915955619932928,0.9853762724196483,0.9996142951873702,0.9871354063538502],""eps_min"":[0.05,0.08,0.08,0.1],""lr"":[0.00026782383283427343,0.0012911342057931497,0.0007813178095615722,0.0009401607389673987],""optimizer"":[""adam"",""adamw"",""adamw"",""adam""],""replay_steps"":[2,1,1,2],""weight_decay"":[0.001,1e-06,1e-06,0.001]}"
169,cfg_0cbb634af8cae8fc,"{""batch"":[16,32,32,32],""buffer"":[1000,2000,500,2000],""eps_decay"":[0.9891412217947562,0.9804211759225806,0.992813357537636,0.982627773670136],""eps_min"":[0.08,0.08,0.08,0.1],""lr"":[0.00013227774211250175,0.0001772905213836411,0.00019494252956316492,0.0035897106833939515],""optimizer"":[""adamw"",""adamw"",""adamw"",""adam""],""replay_steps"":[4,4,8,2],""weight_decay"":[0.0001,0.001,1e-06,0.0001]}"
170,cfg_bb797158d809cbc0,"{""batch"":[128,128,32,16],""buffer"":[10000,2000,5000,1000],""eps_decay"":[0.9998760559460569,0.9998542823565909,0.9986572944027028,0.9993525020200973],""eps_min"":[0.2,0.08,0.15,0.1],""lr"":[0.0025242168147689772,0.0002969323318466523,0.00012802373224372792,0.002213455167633266],""optimizer"":[""adamw"",""adam"",""adamw"",""adam""],""replay_steps"":[8,8,2,8],""weight_decay"":[0.0001,1e-05,0.0001,0.0001]}"
171,cfg_9283703262f05259,"{""batch"":[128,64,64,128],""buffer"":[1000,5000,5000,500],""eps_decay"":[0.9984603107446456,0.9961962668780308,0.9827286744218776,0.9990885467748936],""eps_min"":[0.08,0.1,0.01,0.03],""lr"":[0.003640402079498161,0.00036462435150238815,0.00042082966978086077,0.001723759549504302],""optimizer"":[""adam"",""adam"",""adamw"",""adam""],""replay_steps"":[4,4,2,4],""weight_decay"":[1e-06,1e-05,1e-05,0.0001]}"
172,cfg_79ef3425a31b7eaa,"{""batch"":[32,32,32,64],""buffer"":[5000,10000,500,1000],""eps_decay"":[0.9997494342340913,0.9991714036096279,0.9975291621778521,0.9970827118119544],""eps_min"":[0.05,0.15,0.2,0.1],""lr"":[0.0032919432980386305,0.0022933509249034316,0.00012296271718662737,0.003378861911553218],""optimizer"":[""adam"",""adamw"",""adamw"",""adam""],""replay_steps"":[2,1,8,2],""weight_decay"":[1e-05,0.001,0.001,1e-05]}"
173,cfg_a42be243e9960230,"{""batch"":[32,128,16,128],""buffer"":[2000,5000,2000,500],""eps_decay"":[0.9900554206293578,0.9960270011228456,0.9994597218237974,0.9998919458220226],""eps_min"":[0.15,0.03,0.1,0.15],""lr"":[0.002189432003042144,0.000114900021675179,0.0009338583438038756,0.00011756469672665087],""optimizer"":[""adamw"",""adamw"",""adamw"",""adam""],""replay_steps"":[1,1,2,8],""weight_decay"":[0.0001,0.001,1e-05,0.001]}"
174,cfg_d03b78d397bfe413,"{""batch"":[64,16,128,32],""buffer"":[2000,500,2000,10000],""eps_decay"":[0.9954579740581025,0.9993654331807366,0.999262036565756,0.9866910643612703],""eps_min"":[0.03,0.05,0.03,0.15],""lr"":[0.0005366975354615085,0.0029550961019235477,0.0001614927593021549,0.00088401985254681],""optimizer"":[""adam"",""adam"",""adam"",""adamw""],""replay_steps"":[1,4,4,2],""weight_decay"":[0.0001,1e-06,1e-06,1e-05]}"
175,cfg_8b2a3f95acca0424,"{""batch"":[128,16,16,32],""buffer"":[1000,500,5000,5000],""eps_decay"":[0.9998523496621765,0.9958687115575349,0.9990523106694172,0.9996319147812404],""eps_min"":[0.01,0.03,0.05,0.05],""lr"":[0.0002475186036525983,0.000777999209588189,0.0016596016240351826,0.0017626770514528854],""optimizer"":[""adamw"",""adamw"",""adam"",""adam""],""replay_steps"":[4,2,1,4],""weight_decay"":[0.0001,1e-05,1e-06,1e-05]}"
176,cfg_ef7408066f772d82,"{""batch"":[16,32,16,128],""buffer"":[2000,10000,2000,10000],""eps_decay"":[0.9995924222909154,0.9997059980110707,0.9994086664880345,0.999460620105654],""eps_min"":[0.03,0.03,0.2,0.2],""lr"":[0.00018376781895510378,0.0015939742591389288,0.003888400437004331,0.000615945523722571],""optimizer"":[""adam"",""adam"",""adamw"",""adam""],""replay_steps"":[2,2,4,1],""weight_decay"":[1e-06,0.001,0.001,1e-05]}"
177,cfg_3dfd6eb216207fd4,"{""batch"":[32,16,128,128],""buffer"":[500,10000,10000,500],""eps_decay"":[0.9998017542936922,0.9909396161393923,0.9954018667515356,0.9838492725482572],""eps_min"":[0.05,0.08,0.05,0.05],""lr"":[0.0015062293562627645,0.00012890426630975888,0.00041136041558669157,0.0004584559665848294],""optimizer"":[""adamw"",""adam"",""adam"",""adam""],""replay_steps"":[8,2,2,1],""weight_decay"":[0.001,0.001,0.001,1e-05]}"
178,cfg_94615cf2274d3b84,"{""batch"":[64,64,32,64],""buffer"":[2000,2000,500,10000],""eps_decay"":[0.9998028109942377,0.9994300210410706,0.9965677172230851,0.9998020113620087],""eps_min"":[0.05,0.1,0.01,0.2],""lr"":[0.0033761148552566614,0.0001686343076103217,0.0013849812973055935,0.0002391890795060673],""optimizer"":[""adamw"",""adam"",""adamw"",""adam""],""replay_steps"":[1,8,4,4],""weight_decay"":[1e-05,0.0001,0.0001,1e-05]}"
179,cfg_6b1c95b145b75475,"{""batch"":[16,128,64,16],""buffer"":[10000,1000,5000,5000],""eps_decay"":[0.9950473651982521,0.999459408172847,0.9801470398597357,0.9998156471510106],""eps_min"":[0.01,0.08,0.03,0.01],""lr"":[0.00012953275146319345,0.00010754879723131145,0.0016891009767572736,0.00213126987669403],""optimizer"":[""adam"",""adamw"",""adam"",""adamw""],""replay_steps"":[2,4,2,1],""weight_decay"":[1e-05,0.0001,0.0001,1e-06]}"
180,cfg_f8eebba3ca73782f,"{""batch"":[16,64,128,64],""buffer"":[500,10000,500,2000],""eps_decay"":[0.9997266770139138,0.9983070747947879,0.9988160745388814,0.9916516749094402],""eps_min"":[0.08,0.05,0.03,0.2],""lr"":[0.000206329472848938,0.0004256517726737049,0.0001033933983981413,0.0017670805054389232],""optimizer"":[""adamw"",""adamw"",""adam"",""adamw""],""replay_steps"":[2,2,4,2],""weight_decay"":[1e-05,1e-06,1e-05,0.001]}"
181,cfg_0ce5ceac46f54387,"{""batch"":[32,32,128,32],""buffer"":[1000,500,5000,10000],""eps_decay"":[0.9998022685908846,0.9974628849930374,0.9998321811063098,0.9928095541835087],""eps_min"":[0.08,0.1,0.01,0.03],""lr"":[0.001950445433957088,0.00020104121534264078,0.0001694434762246717,0.00030426963051913487],""optimizer"":[""adamw"",""adamw"",""adam"",""adamw""],""replay_steps"":[8,8,4,2],""weight_decay"":[1e-06,1e-05,1e-05,1e-05]}"
182,cfg_efcc032d5e084a76,"{""batch"":[128,32,32,64],""buffer"":[10000,5000,5000,5000],""eps_decay"":[0.9994332526584215,0.9992034612098206,0.997245862361557,0.9977476075786909],""eps_min"":[0.1,0.05,0.01,0.05],""lr"":[0.00026106807447801646,0.0016597448799035041,0.00015559438112249918,0.0007513138910878438],""optimizer"":[""adamw"",""adam"",""adamw"",""adam""],""replay_steps"":[1,1,2,2],""weight_decay"":[0.0001,1e-06,0.0001,0.001]}"
183,cfg_54b21ffcdda017ab,"{""batch"":[64,128,128,16],""buffer"":[1000,5000,10000,2000],""eps_decay"":[0.9824223886757635,0.9834086547384042,0.9965038471998949,0.9994350893161367],""eps_min"":[0.2,0.15,0.1,0.05],""lr"":[0.0016109013855995803,0.00027750916552506566,0.0017443971738598325,0.004131407919218881],""optimizer"":[""adam"",""adamw"",""adamw"",""adam""],""replay_steps"":[1,4,4,8],""weight_decay"":[1e-05,1e-05,1e-06,1e-05]}"
184,cfg_8bad276573f6f679,"{""batch"":[32,16,64,64],""buffer"":[500,10000,5000,10000],""eps_decay"":[0.999110240877723,0.9998511604209969,0.9998076563939254,0.9998785967642937],""eps_min"":[0.05,0.03,0.01,0.08],""lr"":[0.0004775486278476551,0.0026240399803476267,0.0002307966105844853,0.004322425369281781],""optimizer"":[""adamw"",""adamw"",""adam"",""adamw""],""replay_steps"":[2,2,8,1],""weight_decay"":[1e-05,1e-06,1e-06,1e-06]}"
185,cfg_5eed27a2d6b6eda4,"{""batch"":[32,64,32,16],""buffer"":[10000,1000,1000,10000],""eps_decay"":[0.9998538049000995,0.9963707874066627,0.9988834146397225,0.9993326574134481],""eps_min"":[0.1,0.03,0.08,0.01],""lr"":[0.0010413480952375337,0.0007111312475281529,0.0004697803366952175,0.00010672742186225675],""optimizer"":[""adamw"",""adamw"",""adamw"",""adam""],""replay_steps"":[4,2,2,8],""weight_decay"":[0.0001,1e-05,1e-06,0.001]}"
186,cfg_ae52354cc55d0e79,"{""batch"":[16,16,16,64],""buffer"":[2000,5000,500,2000],""eps_decay"":[0.9997578606294701,0.9998226861713162,0.9949074987361536,0.9991529497634628],""eps_min"":[0.01,0.03,0.1,0.1],""lr"":[0.0037645676601387405,0.0008379239517665023,0.002521941966049284,0.000140313789124276],""optimizer"":[""adam"",""adamw"",""adamw"",""adam""],""replay_steps"":[8,4,1,1],""weight_decay"":[1e-05,1e-05,1e-05,0.0001]}"
187,cfg_f361770afb6fd3fe,"{""batch"":[64,16,128,128],""buffer"":[500,10000,1000,10000],""eps_decay"":[0.9913410306156577,0.9996968601574527,0.9942121246246975,0.9998839847980097],""eps_min"":[0.2,0.01,0.15,0.1],""lr"":[0.0006748786842789369,0.0003091105238643752,0.0014587609854448038,0.002531547090462956],""optimizer"":[""adamw"",""adamw"",""adam"",""adam""],""replay_steps"":[4,1,2,2],""weight_decay"":[0.001,0.0001,1e-05,0.0001]}"
188,cfg_bdd2de0ccddf61ee,"{""batch"":[128,32,64,32],""buffer"":[5000,500,5000,10000],""eps_decay"":[0.9989535870432945,0.9991405609806717,0.9961828343758755,0.9964308198090377],""eps_min"":[0.2,0.1,0.01,0.03],""lr"":[0.00030443863949722793,0.003977481235145583,0.0030999431061067826,0.0006004775611364765],""optimizer"":[""adamw"",""adamw"",""adam"",""adamw""],""replay_steps"":[2,1,2,1],""weight_decay"":[1e-06,1e-06,0.0001,1e-05]}"
189,cfg_8ebea1c8eaa4311b,"{""batch"":[32,16,128,32],""buffer"":[2000,10000,5000,10000],""eps_decay"":[0.9874430987446589,0.9903417390816768,0.9983532756971029,0.998326421267346],""eps_min"":[0.01,0.08,0.2,0.05],""lr"":[0.0037905531037263143,0.004263941616330448,0.0018070554890141967,0.001775767079553285],""optimizer"":[""adam"",""adamw"",""adamw"",""adam""],""replay_steps"":[2,8,4,4],""weight_decay"":[1e-05,0.001,1e-05,0.0001]}"
190,cfg_185e9daecf92855c,"{""batch"":[32,16,32,128],""buffer"":[2000,5000,5000,500],""eps_decay"":[0.9986943992035259,0.9905240903204113,0.9985661892075192,0.9993895816024403],""eps_min"":[0.15,0.03,0.08,0.1],""lr"":[0.0001912733589928464,0.0006436476149975767,0.0009703339515973538,0.0006982354927865483],""optimizer"":[""adam"",""adamw"",""adamw"",""adamw""],""replay_steps"":[2,4,2,4],""weight_decay"":[0.001,1e-05,0.0001,1e-05]}"
191,cfg_7f19b48f905ada78,"{""batch"":[16,64,128,128],""buffer"":[1000,500,2000,2000],""eps_decay"":[0.9919522430312553,0.9998881598858319,0.9972923447859015,0.991524934631509],""eps_min"":[0.15,0.08,0.15,0.08],""lr"":[0.001462521004238139,0.0013893062619215364,0.0008896536845121043,0.0022583172979457646],""optimizer"":[""adam"",""adam"",""adamw"",""adam""],""replay_steps"":[2,2,4,8],""weight_decay"":[1e-06,0.001,1e-05,0.001]}"
192,cfg_155639038f74fc12,"{""batch"":[128,16,32,32],""buffer"":[10000,10000,2000,10000],""eps_decay"":[0.9992307481873253,0.9993954768261012,0.9991261515334517,0.9981260045920407],""eps_min"":[0.2,0.1,0.01,0.05],""lr"":[0.004617244105826965,0.0009477658433506381,0.0024520641555363237,0.0009159543764589393],""optimizer"":[""adamw"",""adam"",""adamw"",""adam""],""replay_steps"":[8,1,8,2],""weight_decay"":[1e-06,0.001,0.0001,1e-05]}"
193,cfg_c6de4da3cdd1351e,"{""batch"":[16,16,64,32],""buffer"":[2000,10000,2000,500],""eps_decay"":[0.9995639759092614,0.9996963297766404,0.9895766523911985,0.9987622916720547],""eps_min"":[0.01,0.05,0.05,0.03],""lr"":[0.00366966872309622,0.00020109677965775887,0.0003096718097786715,0.00015194877318810195],""optimizer"":[""adamw"",""adam"",""adam"",""adamw""],""replay_steps"":[8,2,1,4],""weight_decay"":[0.0001,1e-06,1e-06,0.001]}"
194,cfg_5905956c56871adb,"{""batch"":[128,128,16,64],""buffer"":[1000,5000,2000,2000],""eps_decay"":[0.9998911324419485,0.9801594314123238,0.9971116193626728,0.9930070695155027],""eps_min"":[0.01,0.15,0.1,0.15],""lr"":[0.00010683089910932693,0.00019686222761644415,0.00012832071295662125,0.0023551416356871057],""optimizer"":[""adam"",""adam"",""adamw"",""adamw""],""replay_steps"":[2,4,4,4],""weight_decay"":[1e-06,1e-06,1e-05,1e-06]}"
195,cfg_44bb05264d2d80ce,"{""batch"":[16,32,16,64],""buffer"":[1000,1000,5000,2000],""eps_decay"":[0.9974155293469215,0.9956635044682134,0.9985294519996688,0.9998168787645985],""eps_min"":[0.03,0.08,0.05,0.01],""lr"":[0.00027597262743981883,0.0004575781327225006,0.0009329640536398789,0.0007730893609784891],""optimizer"":[""adam"",""adamw"",""adam"",""adam""],""replay_steps"":[2,4,1,8],""weight_decay"":[0.001,1e-06,1e-05,0.0001]}"
196,cfg_ccef6858d8c2e465,"{""batch"":[128,16,64,16],""buffer"":[10000,2000,1000,10000],""eps_decay"":[0.9935189620578433,0.9996265390780682,0.9983674113898453,0.999348766286113],""eps_min"":[0.1,0.2,0.01,0.05],""lr"":[0.0003871977107543708,0.0022667786969560737,0.0019224921404905827,0.0005475687301034111],""optimizer"":[""adamw"",""adam"",""adam"",""adam""],""replay_steps"":[8,1,1,4],""weight_decay"":[1e-06,1e-06,1e-05,1e-05]}"
197,cfg_1a7f24966e472762,"{""batch"":[64,128,128,32],""buffer"":[10000,2000,500,1000],""eps_decay"":[0.99950003879484,0.9997343932098175,0.9997962918180593,0.9987984971101368],""eps_min"":[0.08,0.15,0.08,0.03],""lr"":[0.00015813217127145154,0.0033831578636114323,0.004529796182934328,0.0007146047791246886],""optimizer"":[""adamw"",""adamw"",""adam"",""adamw""],""replay_steps"":[2,4,2,2],""weight_decay"":[0.0001,0.001,0.0001,0.0001]}"
198,cfg_cce3326a00f5cdb4,"{""batch"":[128,128,16,64],""buffer"":[5000,10000,10000,5000],""eps_decay"":[0.9997166998483287,0.9978396166485176,0.9850929992214152,0.9994637855478274],""eps_min"":[0.03,0.1,0.01,0.05],""lr"":[0.001109443160881552,0.0015572710357553597,0.0022365068296855938,0.002520411329385828],""optimizer"":[""adam"",""adam"",""adam"",""adam""],""replay_steps"":[1,4,4,8],""weight_decay"":[1e-05,1e-06,1e-06,0.001]}"
199,cfg_4829cf864a37953c,"{""batch"":[64,64,128,64],""buffer"":[500,5000,2000,1000],""eps_decay"":[0.9991121267591685,0.9994761439584369,0.9916177611744321,0.999771128298787],""eps_min"":[0.01,0.01,0.03,0.2],""lr"":[0.0005103124129405447,0.0008672644321839105,0.0009292899863757395,0.0012541933700579815],""optimizer"":[""adam"",""adam"",""adamw"",""adam""],""replay_steps"":[2,8,4,2],""weight_decay"":[1e-06,1e-06,1e-05,1e-05]}"
200,cfg_e36d9663ee6d58ce,"{""batch"":[32,64,64,128],""buffer"":[2000,1000,2000,10000],""eps_decay"":[0.9987938319074804,0.9992939842327682,0.9996874036224999,0.9993776142101798],""eps_min"":[0.05,0.15,0.1,0.05],""lr"":[0.0025163281757063856,0.0008658210398768337,0.001571687203766564,0.0006927217504662859],""optimizer"":[""adam"",""adamw"",""adamw"",""adam""],""replay_steps"":[2,2,1,4],""weight_decay"":[1e-05,0.001,0.0001,0.001]}"
201,cfg_5f4df78da5879e54,"{""batch"":[128,64,128,32],""buffer"":[500,10000,5000,1000],""eps_decay"":[0.9985777265068245,0.9977165717359788,0.9994582686190189,0.9997034493471512],""eps_min"":[0.05,0.05,0.15,0.08],""lr"":[0.0010287455473054219,0.0015267417340804905,0.00012032245075324102,0.004951418780064216],""optimizer"":[""adam"",""adam"",""adam"",""adamw""],""replay_steps"":[4,1,8,4],""weight_decay"":[1e-06,1e-05,1e-06,0.0001]}"
202,cfg_0ab2c0107af27cda,"{""batch"":[128,64,128,128],""buffer"":[5000,500,5000,500],""eps_decay"":[0.9994177255320873,0.999801027033211,0.995351516331069,0.9905607591772041],""eps_min"":[0.01,0.15,0.15,0.15],""lr"":[0.001283162196852716,0.000520683436005084,0.004966504809082826,0.0027428476785316446],""optimizer"":[""adam"",""adamw"",""adamw"",""adam""],""replay_steps"":[2,1,1,8],""weight_decay"":[1e-06,1e-06,0.001,1e-06]}"
203,cfg_95260e1f7f3afa17,"{""batch"":[128,16,128,128],""buffer"":[500,500,2000,10000],""eps_decay"":[0.9997376534024349,0.99855420421158,0.9998512268713979,0.992098860479951],""eps_min"":[0.1,0.01,0.2,0.15],""lr"":[0.0006237029783550959,0.000565934362276555,0.0013574959177188226,0.0013084849592758486],""optimizer"":[""adam"",""adam"",""adamw"",""adamw""],""replay_steps"":[4,2,1,2],""weight_decay"":[0.0001,1e-05,0.001,0.0001]}"
204,cfg_6ad4b832201f65a3,"{""batch"":[64,16,128,16],""buffer"":[2000,10000,500,500],""eps_decay"":[0.9959118022652066,0.9998649653274997,0.9991668166842783,0.9991528318975285],""eps_min"":[0.2,0.1,0.05,0.2],""lr"":[0.0006072148059956243,0.0012457176719606969,0.003944407423440488,0.0011956602154111929],""optimizer"":[""adamw"",""adam"",""adamw"",""adamw""],""replay_steps"":[4,2,8,1],""weight_decay"":[1e-06,0.001,1e-06,1e-06]}"
205,cfg_500362393af5c1fa,"{""batch"":[64,64,32,128],""buffer"":[500,1000,10000,1000],""eps_decay"":[0.9996553704461891,0.9995767655995653,0.9853740143007608,0.9996215943255489],""eps_min"":[0.01,0.08,0.15,0.08],""lr"":[0.0012461613276770031,0.00012015442214514496,0.00019379534253628988,0.003667892706125986],""optimizer"":[""adam"",""adam"",""adam"",""adam""],""replay_steps"":[8,8,4,4],""weight_decay"":[0.001,1e-06,1e-06,0.0001]}"
206,cfg_f19ea990307ec438,"{""batch"":[64,128,128,64],""buffer"":[10000,1000,5000,10000],""eps_decay"":[0.9984944348166028,0.9991597404709498,0.9989373459878187,0.988761025110349],""eps_min"":[0.03,0.08,0.05,0.2],""lr"":[0.00010817798977938494,0.00015471336643785137,0.00014428834320376249,0.004795717882094535],""optimizer"":[""adam"",""adamw"",""adamw"",""adam""],""replay_steps"":[1,1,4,8],""weight_decay"":[1e-06,1e-05,0.0001,0.001]}"
207,cfg_80fbb1a17e8311e7,"{""batch"":[128,16,128,16],""buffer"":[500,5000,2000,5000],""eps_decay"":[0.9978600378268566,0.9954765276115567,0.991914013635969,0.9828565499172399],""eps_min"":[0.03,0.05,0.08,0.15],""lr"":[0.0024408715174363094,0.0002948689087305524,0.0001502354686984321,0.0022727488490021353],""optimizer"":[""adamw"",""adamw"",""adamw"",""adam""],""replay_steps"":[8,1,2,1],""weight_decay"":[0.0001,1e-06,1e-05,1e-06]}"
208,cfg_a6ebe7d7ee2de4a5,"{""batch"":[128,32,16,32],""buffer"":[2000,10000,10000,10000],""eps_decay"":[0.9991790389431638,0.9941735324049482,0.980406859114813,0.9996403068706137],""eps_min"":[0.05,0.01,0.01,0.05],""lr"":[0.0013394234674999862,0.0005792784347893566,0.004137836745963813,0.0006419278197366983],""optimizer"":[""adamw"",""adam"",""adam"",""adamw""],""replay_steps"":[8,1,1,1],""weight_decay"":[0.001,0.0001,1e-06,1e-05]}"
209,cfg_2e87fa311b79fadc,"{""batch"":[128,128,64,32],""buffer"":[10000,10000,2000,10000],""eps_decay"":[0.9997892756902881,0.9971864126188127,0.9887041328909417,0.9942434775573444],""eps_min"":[0.08,0.05,0.03,0.03],""lr"":[0.00010992323745230654,0.00013277351553668256,0.0001260735333969138,0.0009230238235933811],""optimizer"":[""adam"",""adamw"",""adam"",""adam""],""replay_steps"":[4,4,8,1],""weight_decay"":[1e-05,1e-06,0.0001,0.0001]}"
210,cfg_8cae7c6272083857,"{""batch"":[64,32,128,64],""buffer"":[10000,500,2000,1000],""eps_decay"":[0.999615072720749,0.9998810833916484,0.9975315445595151,0.9994620510549921],""eps_min"":[0.05,0.1,0.08,0.1],""lr"":[0.0007288551966752481,0.0024221982100737717,0.000378619020342261,0.00043438944021347465],""optimizer"":[""adamw"",""adamw"",""adamw"",""adam""],""replay_steps"":[1,2,2,1],""weight_decay"":[0.001,1e-06,1e-05,0.0001]}"
211,cfg_ced3d62b36086166,"{""batch"":[32,64,64,32],""buffer"":[500,5000,10000,500],""eps_decay"":[0.9956848891133452,0.9996975789665735,0.9993507187579073,0.9992469660809542],""eps_min"":[0.15,0.05,0.01,0.1],""lr"":[0.0013826273079438666,0.0019308024600225458,0.0009718768836031935,0.00031181407174201586],""optimizer"":[""adamw"",""adamw"",""adamw"",""adam""],""replay_steps"":[4,8,8,2],""weight_decay"":[1e-05,1e-06,0.001,0.001]}"
212,cfg_b24de8d22e127f37,"{""batch"":[16,16,16,128],""buffer"":[10000,2000,500,5000],""eps_decay"":[0.999730093038275,0.9994018757100039,0.9962179554650609,0.9992530613435598],""eps_min"":[0.15,0.15,0.15,0.03],""lr"":[0.0034369187098969227,0.0009779290624133746,0.000137241336866767,0.0003225114945244062],""optimizer"":[""adam"",""adam"",""adamw"",""adamw""],""replay_steps"":[4,1,4,8],""weight_decay"":[1e-05,0.001,0.0001,0.001]}"
213,cfg_b6608dfbceae1f51,"{""batch"":[32,64,16,64],""buffer"":[2000,10000,10000,1000],""eps_decay"":[0.9936118910988876,0.9996530915976454,0.9929170285173087,0.9992836035826504],""eps_min"":[0.01,0.15,0.2,0.1],""lr"":[0.00042712977269122594,0.0003738613491768485,0.00018355459759376858,0.00024213774272681263],""optimizer"":[""adam"",""adam"",""adam"",""adamw""],""replay_steps"":[8,1,2,8],""weight_decay"":[1e-05,0.001,1e-06,0.0001]}"
214,cfg_bb26771a663e7533,"{""batch"":[64,32,32,32],""buffer"":[2000,10000,500,500],""eps_decay"":[0.99743960405673,0.9846596622855446,0.9996464809246322,0.9990804332398737],""eps_min"":[0.08,0.2,0.1,0.01],""lr"":[0.00010764736112066601,0.0028475237587822872,0.0012265447999895004,0.0002028173128176006],""optimizer"":[""adam"",""adam"",""adamw"",""adamw""],""replay_steps"":[1,1,8,1],""weight_decay"":[1e-06,0.0001,0.0001,1e-05]}"
215,cfg_d57999ffef36d54e,"{""batch"":[128,128,64,32],""buffer"":[1000,2000,1000,500],""eps_decay"":[0.9983438924943256,0.9997612002002525,0.9945094855454046,0.9936700875486865],""eps_min"":[0.01,0.2,0.1,0.05],""lr"":[0.004999485300018784,0.0013886531897882028,0.0005953785201507735,0.0007053129542232754],""optimizer"":[""adam"",""adam"",""adam"",""adamw""],""replay_steps"":[4,4,1,2],""weight_decay"":[1e-05,0.0001,0.001,1e-06]}"
216,cfg_24edd98c6527581f,"{""batch"":[64,128,32,32],""buffer"":[2000,1000,5000,2000],""eps_decay"":[0.999700951833072,0.9992889617877473,0.9996372815991874,0.9941727467264316],""eps_min"":[0.01,0.05,0.15,0.05],""lr"":[0.003736745680354806,0.0012806095877551727,0.0002447430939301419,0.00016039369424231012],""optimizer"":[""adamw"",""adamw"",""adam"",""adam""],""replay_steps"":[2,8,4,2],""weight_decay"":[1e-05,1e-05,0.001,0.001]}"
217,cfg_0c5f8c7b5c555f5b,"{""batch"":[16,128,32,32],""buffer"":[1000,500,10000,1000],""eps_decay"":[0.9993167119559581,0.9976194230945763,0.9990222514311508,0.9964914361418812],""eps_min"":[0.03,0.1,0.01,0.08],""lr"":[0.0027959660299209294,0.00011534207746961646,0.00354724297010027,0.00012615212474852402],""optimizer"":[""adamw"",""adam"",""adam"",""adam""],""replay_steps"":[1,8,4,4],""weight_decay"":[0.001,1e-05,0.001,0.0001]}"
218,cfg_aa0235b5214a935e,"{""batch"":[16,128,32,32],""buffer"":[5000,1000,10000,2000],""eps_decay"":[0.999024165479135,0.998436477288421,0.9933613890770134,0.9992865101856195],""eps_min"":[0.1,0.08,0.2,0.05],""lr"":[0.0001438981342255273,0.0001153075524081788,0.0034277277458948444,0.00021230912636693974],""optimizer"":[""adam"",""adamw"",""adam"",""adamw""],""replay_steps"":[2,2,8,4],""weight_decay"":[0.001,1e-05,0.001,1e-05]}"
219,cfg_b7910e300e249f53,"{""batch"":[16,128,32,32],""buffer"":[10000,10000,1000,10000],""eps_decay"":[0.9915453829564486,0.9991670971857328,0.9994222881085306,0.9856511762220085],""eps_min"":[0.2,0.03,0.01,0.01],""lr"":[0.00023625634348579684,0.0008179657871534747,0.002883370669637697,0.0005972864546139506],""optimizer"":[""adam"",""adam"",""adamw"",""adamw""],""replay_steps"":[2,1,2,1],""weight_decay"":[1e-06,0.0001,1e-05,1e-05]}"
220,cfg_51435d7cb14747b4,"{""batch"":[64,16,128,32],""buffer"":[500,2000,500,5000],""eps_decay"":[0.9998605158235166,0.9994076134594381,0.9921357430275326,0.9883316990871656],""eps_min"":[0.2,0.08,0.15,0.05],""lr"":[0.00016614641312226377,0.00018475798614723467,0.0001390967561224688,0.001322273743592882],""optimizer"":[""adam"",""adamw"",""adamw"",""adamw""],""replay_steps"":[1,8,1,4],""weight_decay"":[0.001,1e-06,0.0001,1e-06]}"
221,cfg_f981ad55522215d8,"{""batch"":[64,16,32,32],""buffer"":[500,1000,10000,500],""eps_decay"":[0.9968621453323206,0.9998334051864487,0.998121569103612,0.9977104207448494],""eps_min"":[0.01,0.03,0.2,0.2],""lr"":[0.00010883173799619408,0.004699730583263688,0.0002645133803880737,0.00016055154265458732],""optimizer"":[""adam"",""adamw"",""adamw"",""adamw""],""replay_steps"":[2,4,2,2],""weight_decay"":[0.001,0.001,0.0001,0.0001]}"
222,cfg_40b56df70cfee8ea,"{""batch"":[16,16,16,64],""buffer"":[5000,1000,10000,10000],""eps_decay"":[0.9827243672882526,0.9998507203999908,0.999555010433873,0.9939583803228375],""eps_min"":[0.08,0.08,0.01,0.03],""lr"":[0.00010235633581208965,0.0009542918972287482,0.0018719762993275276,0.0022541597471666683],""optimizer"":[""adamw"",""adamw"",""adam"",""adamw""],""replay_steps"":[1,8,8,2],""weight_decay"":[1e-06,0.001,0.0001,0.001]}"
223,cfg_a38ea94f0ac4a8f6,"{""batch"":[128,32,64,128],""buffer"":[2000,10000,2000,2000],""eps_decay"":[0.9958812871356486,0.9990237273138978,0.995448968271368,0.9987037861832879],""eps_min"":[0.08,0.01,0.15,0.08],""lr"":[0.00014649731529678262,0.002840591639511548,0.00047763884560507886,0.0002416655943818175],""optimizer"":[""adam"",""adam"",""adam"",""adam""],""replay_steps"":[8,4,4,8],""weight_decay"":[1e-05,1e-06,1e-06,1e-05]}"
224,cfg_97a3c71f63f473b0,"{""batch"":[32,16,16,128],""buffer"":[1000,5000,1000,500],""eps_decay"":[0.997679285427404,0.9998550165018706,0.9945637360233285,0.9998689159565003],""eps_min"":[0.03,0.08,0.1,0.05],""lr"":[0.0002562510495403861,0.0007701640781512301,0.00034306772791423086,0.00010948708130411741],""optimizer"":[""adam"",""adam"",""adamw"",""adam""],""replay_steps"":[8,4,4,1],""weight_decay"":[0.0001,1e-06,0.0001,1e-06]}"
225,cfg_0702f4968f3fb486,"{""batch"":[32,16,32,16],""buffer"":[10000,10000,5000,1000],""eps_decay"":[0.998976233292907,0.9998979552759386,0.9998969010631593,0.9888989068454316],""eps_min"":[0.1,0.05,0.01,0.2],""lr"":[0.0007421844247105459,0.002904343526313312,0.0033237879315160396,0.004854783084678546],""optimizer"":[""adamw"",""adam"",""adamw"",""adamw""],""replay_steps"":[8,2,4,2],""weight_decay"":[0.001,1e-05,0.001,0.0001]}"
226,cfg_8b39049e23d347a6,"{""batch"":[16,64,64,16],""buffer"":[10000,1000,1000,10000],""eps_decay"":[0.9998863195504405,0.9819340313943314,0.9991861851901584,0.9994345732551393],""eps_min"":[0.05,0.2,0.05,0.03],""lr"":[0.0030754959222360524,0.0024148462662777837,0.0008367504973456274,0.00030575226655253445],""optimizer"":[""adamw"",""adamw"",""adamw"",""adamw""],""replay_steps"":[8,2,1,8],""weight_decay"":[0.001,0.0001,1e-06,1e-05]}"
227,cfg_813002be73477dfb,"{""batch"":[64,32,16,128],""buffer"":[5000,10000,5000,500],""eps_decay"":[0.9997645885203341,0.999228582219105,0.9984763801825389,0.9917910107785741],""eps_min"":[0.08,0.2,0.01,0.2],""lr"":[0.0001492675035366751,0.00133508806898068,0.0025539446847048205,0.0006668709904102079],""optimizer"":[""adam"",""adamw"",""adam"",""adam""],""replay_steps"":[8,4,2,8],""weight_decay"":[0.0001,1e-05,1e-06,1e-05]}"
228,cfg_278101914f6c667b,"{""batch"":[16,128,32,16],""buffer"":[5000,2000,10000,10000],""eps_decay"":[0.9997134382737786,0.9964979959836662,0.9993954010041756,0.9974627190671009],""eps_min"":[0.01,0.15,0.15,0.01],""lr"":[0.003433858191605576,0.003650370345933341,0.002735289469736641,0.0011390222341424632],""optimizer"":[""adamw"",""adamw"",""adamw"",""adam""],""replay_steps"":[8,1,1,4],""weight_decay"":[1e-06,1e-05,0.001,0.001]}"
229,cfg_3b227ccf1ec0b359,"{""batch"":[128,32,128,32],""buffer"":[500,2000,500,5000],""eps_decay"":[0.9989414052710146,0.9960999270959006,0.9870047483044017,0.9956233742348024],""eps_min"":[0.2,0.05,0.1,0.08],""lr"":[0.0018269577374329274,0.004868384763445701,0.00269496362491016,0.00474898458733552],""optimizer"":[""adam"",""adam"",""adamw"",""adam""],""replay_steps"":[2,1,8,8],""weight_decay"":[0.0001,0.001,0.001,0.0001]}"
230,cfg_9fe16a2987e487b7,"{""batch"":[16,64,128,64],""buffer"":[10000,10000,5000,2000],""eps_decay"":[0.9951632857883491,0.9998948971113665,0.9940076476089924,0.9998717359769606],""eps_min"":[0.2,0.05,0.1,0.08],""lr"":[0.0013232380275205945,0.0006592609318269979,0.0006475251630880474,0.0001508047999801524],""optimizer"":[""adamw"",""adamw"",""adam"",""adamw""],""replay_steps"":[4,4,2,1],""weight_decay"":[1e-05,1e-06,0.001,0.0001]}"
231,cfg_6bd7cf41699896a9,"{""batch"":[16,128,128,16],""buffer"":[10000,5000,10000,500],""eps_decay"":[0.9993366845513599,0.9980911027855175,0.9984242271861187,0.9995783330063199],""eps_min"":[0.2,0.1,0.03,0.1],""lr"":[0.000736156837086562,0.0013648116808833834,0.0016924114910624208,0.001842291836746672],""optimizer"":[""adam"",""adam"",""adamw"",""adamw""],""replay_steps"":[8,8,8,1],""weight_decay"":[1e-06,0.0001,1e-05,0.0001]}"
232,cfg_8d3ed63bb1654aec,"{""batch"":[64,32,128,64],""buffer"":[2000,10000,2000,1000],""eps_decay"":[0.9810889453276512,0.9997477444279844,0.9996087202248386,0.9898172225459867],""eps_min"":[0.2,0.15,0.08,0.15],""lr"":[0.001287147825992892,0.000628907547250601,0.002569946829493656,0.00016410410596239843],""optimizer"":[""adamw"",""adam"",""adam"",""adam""],""replay_steps"":[1,8,8,8],""weight_decay"":[1e-05,1e-06,0.0001,1e-06]}"
233,cfg_a2dad8d0d22829f0,"{""batch"":[64,64,64,32],""buffer"":[1000,2000,2000,500],""eps_decay"":[0.9986792589879592,0.9995614395702892,0.9984728901268322,0.9985600541423546],""eps_min"":[0.05,0.15,0.01,0.2],""lr"":[0.0006929511071836585,0.0035530973039115373,0.00017500052676699206,0.0030180625008092727],""optimizer"":[""adamw"",""adam"",""adamw"",""adamw""],""replay_steps"":[4,1,1,8],""weight_decay"":[1e-06,1e-05,0.001,1e-05]}"
234,cfg_636cbe77484ea62b,"{""batch"":[128,64,16,32],""buffer"":[2000,2000,5000,2000],""eps_decay"":[0.9981136145815674,0.988825586660688,0.9912829998234517,0.9994158893410076],""eps_min"":[0.1,0.1,0.2,0.1],""lr"":[0.001637533868857027,0.00014974959229336203,0.0015388254012490973,0.0002726359676880468],""optimizer"":[""adam"",""adam"",""adam"",""adam""],""replay_steps"":[4,4,4,4],""weight_decay"":[1e-05,0.0001,0.0001,1e-05]}"
235,cfg_2650dfc2b92ff0a8,"{""batch"":[32,128,16,16],""buffer"":[1000,10000,5000,10000],""eps_decay"":[0.9984326400985104,0.9983754698715996,0.9997206704557632,0.9998036698370111],""eps_min"":[0.03,0.03,0.15,0.08],""lr"":[0.0006325858354633077,0.0024137342506231705,0.0003473071262982604,0.0017827418080404887],""optimizer"":[""adam"",""adamw"",""adam"",""adam""],""replay_steps"":[8,8,4,4],""weight_decay"":[1e-05,1e-05,1e-06,1e-05]}"
236,cfg_8c938c02958ca88b,"{""batch"":[16,128,64,64],""buffer"":[5000,2000,10000,5000],""eps_decay"":[0.9907316266348569,0.9875058624036673,0.9893686266102487,0.9993186501980365],""eps_min"":[0.1,0.03,0.1,0.05],""lr"":[0.0022039284043011568,0.0005273220205498985,0.00014228623183139597,0.00043621252892779984],""optimizer"":[""adamw"",""adamw"",""adamw"",""adam""],""replay_steps"":[2,1,4,2],""weight_decay"":[0.0001,0.001,1e-05,0.001]}"
237,cfg_11bd66e01daf01c5,"{""batch"":[32,16,64,128],""buffer"":[5000,10000,2000,10000],""eps_decay"":[0.9997647246090187,0.999264084051982,0.9997453592892415,0.9995588123051398],""eps_min"":[0.01,0.2,0.08,0.05],""lr"":[0.004986021592586202,0.0007785293947866924,0.00010366291674420278,0.0024975573718091543],""optimizer"":[""adam"",""adamw"",""adam"",""adam""],""replay_steps"":[8,2,4,1],""weight_decay"":[1e-06,0.001,0.0001,1e-06]}"
238,cfg_30a79277f0b34fcf,"{""batch"":[16,128,64,128],""buffer"":[10000,10000,500,1000],""eps_decay"":[0.9988732253453404,0.9998023638022325,0.9872796393159763,0.9998408223228216],""eps_min"":[0.08,0.03,0.05,0.1],""lr"":[0.004048147415446435,0.0013248390644080097,0.00024469074557660777,0.0007907368825314644],""optimizer"":[""adamw"",""adam"",""adam"",""adam""],""replay_steps"":[4,8,4,8],""weight_decay"":[0.0001,1e-06,0.001,0.0001]}"
239,cfg_b4c93f0ab432bfc3,"{""batch"":[32,32,32,32],""buffer"":[1000,500,2000,1000],""eps_decay"":[0.9976186253887241,0.9988168004672185,0.9899299395415496,0.997746937635366],""eps_min"":[0.2,0.1,0.03,0.01],""lr"":[0.0005352795196037134,0.0005048085878013637,0.0013588576415939945,0.00036216517846837594],""optimizer"":[""adamw"",""adamw"",""adamw"",""adam""],""replay_steps"":[4,4,1,8],""weight_decay"":[1e-05,0.0001,1e-05,1e-06]}"
240,cfg_4d0ed7f248d60b02,"{""batch"":[32,128,16,128],""buffer"":[500,2000,5000,2000],""eps_decay"":[0.9934088171508394,0.9996372664587354,0.9994814120736045,0.989681620737258],""eps_min"":[0.03,0.05,0.2,0.05],""lr"":[0.00013830481429230663,0.0002808374178950209,0.0007924038940438038,0.0006981970910943714],""optimizer"":[""adamw"",""adam"",""adamw"",""adamw""],""replay_steps"":[8,8,8,2],""weight_decay"":[0.001,1e-05,1e-05,0.0001]}"
241,cfg_f7def670e1904875,"{""batch"":[16,64,128,32],""buffer"":[2000,1000,2000,10000],""eps_decay"":[0.999512956137365,0.9970376238811108,0.997225767263757,0.9984978431312863],""eps_min"":[0.15,0.1,0.05,0.1],""lr"":[0.0041124820638035854,0.0008443078708862344,0.0026836768193075652,0.00010945766676798366],""optimizer"":[""adamw"",""adamw"",""adamw"",""adamw""],""replay_steps"":[2,8,2,2],""weight_decay"":[1e-05,0.0001,1e-06,1e-06]}"
242,cfg_540a0a30759fd17d,"{""batch"":[128,16,64,16],""buffer"":[2000,1000,500,10000],""eps_decay"":[0.9997366196070349,0.9997018923630899,0.9993921917325597,0.9985600156797354],""eps_min"":[0.08,0.03,0.08,0.1],""lr"":[0.0007027935726743261,0.003566893443082369,0.0023679703550343223,0.0033887123450899613],""optimizer"":[""adamw"",""adamw"",""adam"",""adam""],""replay_steps"":[1,2,1,1],""weight_decay"":[0.0001,1e-05,0.0001,1e-06]}"
243,cfg_8da2829b4915c13e,"{""batch"":[16,64,32,128],""buffer"":[10000,2000,500,2000],""eps_decay"":[0.9997597380007325,0.9978061250771025,0.9943394208440594,0.9998981803226031],""eps_min"":[0.03,0.01,0.08,0.08],""lr"":[0.0005465206223538149,0.0003719784301323055,0.000864736548663364,0.00371094065634123],""optimizer"":[""adamw"",""adam"",""adamw"",""adamw""],""replay_steps"":[1,8,1,2],""weight_decay"":[1e-06,1e-05,1e-06,1e-06]}"
244,cfg_6a652701ca42bcc3,"{""batch"":[16,64,64,128],""buffer"":[2000,5000,2000,2000],""eps_decay"":[0.9979253941275843,0.9989592351218282,0.9887569990199099,0.9998988259421085],""eps_min"":[0.1,0.08,0.2,0.08],""lr"":[0.0014104699284654494,0.002120709305553549,0.000825323297340864,0.0003745376456328071],""optimizer"":[""adam"",""adamw"",""adam"",""adam""],""replay_steps"":[8,1,2,4],""weight_decay"":[1e-05,1e-06,0.001,1e-06]}"
245,cfg_060c43aa4e59e578,"{""batch"":[128,128,128,128],""buffer"":[500,500,10000,1000],""eps_decay"":[0.9915415325426131,0.9998935685236612,0.995177214553874,0.9973768056089684],""eps_min"":[0.08,0.03,0.08,0.01],""lr"":[0.00032359155555422103,0.00025097239903229475,0.0017755548725553623,0.0008859488005058401],""optimizer"":[""adamw"",""adamw"",""adamw"",""adamw""],""replay_steps"":[2,1,4,2],""weight_decay"":[1e-06,1e-05,1e-05,0.001]}"
246,cfg_6c36a781308f4452,"{""batch"":[16,16,32,64],""buffer"":[500,5000,2000,1000],""eps_decay"":[0.9998014432323292,0.9998059370473611,0.9909842313846224,0.9997259775496239],""eps_min"":[0.05,0.01,0.05,0.05],""lr"":[0.0009003645891672505,0.00017797131499847806,0.0005927583778116372,0.00013450411239712475],""optimizer"":[""adam"",""adamw"",""adamw"",""adam""],""replay_steps"":[4,2,4,2],""weight_decay"":[1e-06,1e-06,1e-05,0.001]}"
247,cfg_e7eb78106f13d918,"{""batch"":[64,32,32,32],""buffer"":[5000,10000,10000,1000],""eps_decay"":[0.9990874911417413,0.9995661560352385,0.9943828217301489,0.9988664970712033],""eps_min"":[0.15,0.05,0.05,0.05],""lr"":[0.00040403345274090963,0.00012596060621266543,0.0023786287100394767,0.001284542497861362],""optimizer"":[""adamw"",""adam"",""adam"",""adam""],""replay_steps"":[2,2,1,1],""weight_decay"":[0.001,0.001,0.001,0.001]}"
248,cfg_f22ad948488fd3bc,"{""batch"":[32,32,16,16],""buffer"":[10000,5000,10000,5000],""eps_decay"":[0.9956311878841728,0.9986351141497275,0.9977048628789313,0.9997164333172796],""eps_min"":[0.15,0.01,0.2,0.05],""lr"":[0.001042298938171067,0.0020650041053218017,0.00018838304702671304,0.00017651342031725382],""optimizer"":[""adam"",""adamw"",""adam"",""adam""],""replay_steps"":[1,1,1,4],""weight_decay"":[0.001,1e-06,1e-06,1e-06]}"
249,cfg_fa0681c1787fb59b,"{""batch"":[64,64,128,16],""buffer"":[5000,1000,500,1000],""eps_decay"":[0.9805044093334685,0.997229506682745,0.9915521535506069,0.9975264477822887],""eps_min"":[0.05,0.01,0.15,0.08],""lr"":[0.00013438073934556434,0.004688426064032114,0.0009260407139156021,0.002356354376731024],""optimizer"":[""adamw"",""adam"",""adam"",""adam""],""replay_steps"":[2,8,1,8],""weight_decay"":[1e-05,0.001,0.0001,0.0001]}"
250,cfg_03d1c4933ec33821,"{""batch"":[32,32,16,16],""buffer"":[2000,500,10000,500],""eps_decay"":[0.9821682796020591,0.9909384108935526,0.9923251863386298,0.999038060585648],""eps_min"":[0.15,0.03,0.15,0.2],""lr"":[0.0002882793147833119,0.0018112439738037283,0.00020699153825877965,0.0005422216017378819],""optimizer"":[""adam"",""adamw"",""adam"",""adamw""],""replay_steps"":[2,2,1,1],""weight_decay"":[0.001,0.001,0.0001,1e-05]}"
251,cfg_4b367e22a63faee8,"{""batch"":[128,16,32,64],""buffer"":[1000,1000,500,10000],""eps_decay"":[0.999491856857281,0.9995461582246138,0.999855439484274,0.9993035935185504],""eps_min"":[0.2,0.01,0.03,0.08],""lr"":[0.00015885684479117988,0.004382856905509235,0.0033197670506279766,0.0008055405720926245],""optimizer"":[""adam"",""adamw"",""adamw"",""adam""],""replay_steps"":[1,4,4,8],""weight_decay"":[1e-06,0.001,1e-06,0.0001]}"
252,cfg_a3cac4c04568a18c,"{""batch"":[32,32,16,32],""buffer"":[5000,500,10000,1000],""eps_decay"":[0.9996815063646068,0.9882953904933675,0.9991710629672387,0.9876377065342137],""eps_min"":[0.01,0.05,0.15,0.05],""lr"":[0.00039508496724295817,0.0006842714204457194,0.0032673874222237847,0.0001023334402043928],""optimizer"":[""adamw"",""adam"",""adam"",""adamw""],""replay_steps"":[8,8,1,1],""weight_decay"":[0.0001,1e-06,0.001,0.0001]}"
253,cfg_a7480ecf948990fa,"{""batch"":[16,64,32,32],""buffer"":[500,500,10000,2000],""eps_decay"":[0.9994303204907767,0.9976698684399888,0.9988557477492814,0.9808944680333419],""eps_min"":[0.15,0.1,0.01,0.05],""lr"":[0.0006948780814913174,0.00031380080167996285,0.0009031403255158092,0.0009206427298968351],""optimizer"":[""adamw"",""adam"",""adam"",""adamw""],""replay_steps"":[8,1,8,8],""weight_decay"":[1e-05,1e-05,1e-06,1e-05]}"
254,cfg_98e51513ffc13c7c,"{""batch"":[16,128,64,64],""buffer"":[2000,10000,2000,1000],""eps_decay"":[0.9962775735019508,0.9995480682890278,0.9991146798270532,0.9969094803488163],""eps_min"":[0.08,0.2,0.2,0.2],""lr"":[0.0009648185766448848,0.0011388119756370572,0.00014789481776812246,0.0009201904895000378],""optimizer"":[""adam"",""adam"",""adam"",""adam""],""replay_steps"":[8,4,4,1],""weight_decay"":[0.001,1e-05,1e-06,0.0001]}"
255,cfg_7afa61f44b12251a,"{""batch"":[32,16,128,16],""buffer"":[5000,10000,500,1000],""eps_decay"":[0.9998904621498914,0.9989842957901763,0.9991577971915426,0.9998953524728202],""eps_min"":[0.05,0.03,0.2,0.05],""lr"":[0.0038293459525777936,0.0004187122998190033,0.003075342170802559,0.00013953062057637248],""optimizer"":[""adam"",""adam"",""adam"",""adamw""],""replay_steps"":[4,2,2,8],""weight_decay"":[1e-06,1e-05,1e-06,1e-06]}"
256,cfg_ef5d88af6a6683ed,"{""batch"":[16,128,128,64],""buffer"":[1000,2000,5000,1000],""eps_decay"":[0.9988587518161912,0.999730684183179,0.9896187638068089,0.9998650175804156],""eps_min"":[0.01,0.05,0.1,0.03],""lr"":[0.00031755953794424473,0.002391924432331397,0.0018199803580086777,0.000727761118065572],""optimizer"":[""adam"",""adam"",""adam"",""adam""],""replay_steps"":[8,2,1,2],""weight_decay"":[0.001,0.001,0.0001,1e-06]}"
257,cfg_3679c543c2555be8,"{""batch"":[64,16,64,32],""buffer"":[2000,1000,2000,5000],""eps_decay"":[0.9993559579358012,0.998070522691856,0.9993627862578539,0.9983532409007142],""eps_min"":[0.03,0.05,0.08,0.03],""lr"":[0.0010306990440091118,0.0012963773392280066,0.0028237188801786173,0.004401354995147126],""optimizer"":[""adamw"",""adam"",""adam"",""adam""],""replay_steps"":[2,2,4,1],""weight_decay"":[0.0001,1e-06,1e-05,1e-06]}"
258,cfg_776096b037039d5c,"{""batch"":[16,128,128,32],""buffer"":[500,5000,10000,500],""eps_decay"":[0.9995527003720114,0.9943522933551282,0.9984510524955053,0.9994369452306318],""eps_min"":[0.15,0.01,0.01,0.05],""lr"":[0.000986272770929197,0.00021737658189154496,0.000163394504672854,0.0037206870747077177],""optimizer"":[""adamw"",""adam"",""adam"",""adam""],""replay_steps"":[4,4,4,2],""weight_decay"":[0.0001,1e-05,0.001,1e-05]}"
259,cfg_93b56942868846c8,"{""batch"":[64,128,16,128],""buffer"":[2000,2000,500,1000],""eps_decay"":[0.9957654509745604,0.9871808443707982,0.9962451709794021,0.999762963653271],""eps_min"":[0.15,0.08,0.15,0.08],""lr"":[0.0010189125682317115,0.0009000676530503107,0.00020151850915363484,0.0014848536584593061],""optimizer"":[""adam"",""adam"",""adamw"",""adam""],""replay_steps"":[1,1,2,4],""weight_decay"":[1e-05,0.0001,0.001,0.0001]}"
260,cfg_7fa48cf32c924417,"{""batch"":[16,128,128,32],""buffer"":[2000,10000,1000,1000],""eps_decay"":[0.9936384762784097,0.9982621687201332,0.9998882856924088,0.9947821332530398],""eps_min"":[0.03,0.1,0.03,0.08],""lr"":[0.002709434780749245,0.00022631193317367745,0.001250186925758799,0.00046020828273091787],""optimizer"":[""adam"",""adam"",""adamw"",""adam""],""replay_steps"":[8,4,1,8],""weight_decay"":[0.0001,1e-06,0.0001,0.0001]}"
261,cfg_965fda349985d715,"{""batch"":[16,16,32,32],""buffer"":[1000,1000,5000,2000],""eps_decay"":[0.9996102729083154,0.9819423753527782,0.9973672531506674,0.9993777149444524],""eps_min"":[0.05,0.01,0.05,0.01],""lr"":[0.0007823610116821884,0.0004728070748316661,0.0005473383643980442,0.0006550507378905298],""optimizer"":[""adamw"",""adamw"",""adam"",""adam""],""replay_steps"":[8,8,2,4],""weight_decay"":[1e-05,0.0001,0.0001,1e-05]}"
262,cfg_e979c9cd872b4449,"{""batch"":[64,32,32,64],""buffer"":[5000,5000,5000,5000],""eps_decay"":[0.9876448595129494,0.9998171462317893,0.9994039043494786,0.9987121333838272],""eps_min"":[0.2,0.05,0.05,0.1],""lr"":[0.00030340558136519955,0.002272237426468638,0.0009662066305367602,0.0004782046089765689],""optimizer"":[""adamw"",""adamw"",""adam"",""adamw""],""replay_steps"":[2,2,4,2],""weight_decay"":[0.0001,1e-05,1e-06,0.001]}"
263,cfg_bafc50977c141d21,"{""batch"":[64,64,32,16],""buffer"":[5000,5000,500,500],""eps_decay"":[0.999738751154067,0.9994316617188511,0.9975857343489157,0.9998983094050425],""eps_min"":[0.03,0.2,0.03,0.08],""lr"":[0.000302512559083793,0.0009629183184882261,0.00010901827139889212,0.0004311129711057248],""optimizer"":[""adamw"",""adamw"",""adamw"",""adamw""],""replay_steps"":[2,8,4,4],""weight_decay"":[1e-06,1e-06,1e-06,1e-06]}"
264,cfg_f075b0e42259f70d,"{""batch"":[64,64,128,64],""buffer"":[10000,5000,2000,500],""eps_decay"":[0.9990998842973525,0.9981223311050986,0.9853412850518504,0.992307055625289],""eps_min"":[0.2,0.2,0.15,0.08],""lr"":[0.00011919000651562937,0.004052019592820458,0.00011508061111079794,0.002602834476316385],""optimizer"":[""adam"",""adam"",""adamw"",""adamw""],""replay_steps"":[2,1,2,2],""weight_decay"":[1e-05,0.0001,0.0001,0.0001]}"
265,cfg_eec7f3e8901d7ba7,"{""batch"":[16,128,32,32],""buffer"":[2000,1000,500,10000],""eps_decay"":[0.9998056174976024,0.998708662069457,0.9978723037857146,0.9998471369949226],""eps_min"":[0.2,0.05,0.2,0.08],""lr"":[0.00047647241875062047,0.0006630228218281691,0.0012834104771229425,0.00022164230350928178],""optimizer"":[""adam"",""adam"",""adam"",""adamw""],""replay_steps"":[2,8,4,1],""weight_decay"":[1e-06,0.0001,1e-06,0.001]}"
266,cfg_90900c1b2418d85d,"{""batch"":[32,64,128,64],""buffer"":[2000,10000,5000,10000],""eps_decay"":[0.9995244489108501,0.9974644708923522,0.9926181021795528,0.9967057065426488],""eps_min"":[0.1,0.1,0.08,0.1],""lr"":[0.0004479411418725209,0.00018291753552219093,0.00019820061504692175,0.00023256148118647334],""optimizer"":[""adam"",""adamw"",""adam"",""adamw""],""replay_steps"":[1,4,2,2],""weight_decay"":[0.001,0.001,1e-06,0.0001]}"
267,cfg_13ff5aa04ff99a40,"{""batch"":[64,64,128,16],""buffer"":[1000,1000,500,10000],""eps_decay"":[0.9995797783878395,0.998511681774633,0.982459665597273,0.9914085264387411],""eps_min"":[0.01,0.2,0.15,0.03],""lr"":[0.0009884965774243164,0.0003047435737920029,0.00010829471829938451,0.00025392605303797686],""optimizer"":[""adam"",""adamw"",""adam"",""adam""],""replay_steps"":[4,2,8,4],""weight_decay"":[1e-06,1e-05,0.0001,0.0001]}"
268,cfg_33fd9c2e3dbfd459,"{""batch"":[128,16,128,128],""buffer"":[500,1000,5000,10000],""eps_decay"":[0.9912985981322229,0.9997179516755161,0.9970701814850006,0.9912531780441657],""eps_min"":[0.1,0.08,0.1,0.2],""lr"":[0.0004505658893134935,0.0003703529960583048,0.00020827815725743063,0.00108806920281492],""optimizer"":[""adamw"",""adam"",""adamw"",""adam""],""replay_steps"":[4,4,2,2],""weight_decay"":[0.0001,0.001,0.001,1e-05]}"
269,cfg_101bd276d3767f89,"{""batch"":[16,16,16,32],""buffer"":[1000,10000,2000,5000],""eps_decay"":[0.9948666194763963,0.9997305147597855,0.9998795932022622,0.9969051546999437],""eps_min"":[0.08,0.05,0.1,0.08],""lr"":[0.00034072325685454504,0.00020032066026465687,0.0015279442305332757,0.0033852797945877434],""optimizer"":[""adamw"",""adam"",""adamw"",""adamw""],""replay_steps"":[2,4,4,8],""weight_decay"":[1e-06,1e-06,0.0001,1e-06]}"
270,cfg_07df480092739838,"{""batch"":[32,64,64,128],""buffer"":[1000,10000,1000,10000],""eps_decay"":[0.9998308076497531,0.9985569819822937,0.9998024931011155,0.9998168007140275],""eps_min"":[0.03,0.1,0.05,0.2],""lr"":[0.0006252996361758557,0.00011125419192584486,0.0003745260027332444,0.0005317183670225821],""optimizer"":[""adamw"",""adamw"",""adam"",""adam""],""replay_steps"":[1,4,2,2],""weight_decay"":[1e-05,0.001,1e-05,1e-06]}"
271,cfg_217aea0fe0317176,"{""batch"":[64,32,32,32],""buffer"":[1000,10000,500,5000],""eps_decay"":[0.9988616912996314,0.9998898259584332,0.9963034669851961,0.9953032595949063],""eps_min"":[0.05,0.03,0.03,0.15],""lr"":[0.002323827392350024,0.0030114560329958496,0.0003971337189636906,0.0009737607591826739],""optimizer"":[""adam"",""adam"",""adam"",""adam""],""replay_steps"":[2,2,4,8],""weight_decay"":[0.0001,1e-06,1e-06,0.0001]}"
272,cfg_1a54efde490be978,"{""batch"":[64,32,32,64],""buffer"":[500,500,500,1000],""eps_decay"":[0.9997996969723185,0.9998516265717018,0.9841761294813626,0.9998745984468124],""eps_min"":[0.08,0.15,0.15,0.1],""lr"":[0.0019682367214718813,0.002831486576750095,0.0017695624191316403,0.0002515991768033996],""optimizer"":[""adamw"",""adamw"",""adamw"",""adam""],""replay_steps"":[4,1,1,1],""weight_decay"":[0.001,0.001,1e-05,1e-06]}"
273,cfg_4015a1a0736a2541,"{""batch"":[64,128,128,32],""buffer"":[5000,2000,2000,1000],""eps_decay"":[0.98129489979058,0.9801633418660894,0.998308602058033,0.9979464237172754],""eps_min"":[0.15,0.05,0.1,0.01],""lr"":[0.0008996866113712614,0.0009450035316191942,0.001337946404699392,0.0027683847392601267],""optimizer"":[""adamw"",""adam"",""adamw"",""adam""],""replay_steps"":[8,8,2,2],""weight_decay"":[0.0001,0.0001,1e-05,1e-06]}"
274,cfg_b3b4b386b441a10c,"{""batch"":[128,16,128,16],""buffer"":[2000,500,5000,500],""eps_decay"":[0.9983106695682649,0.9968324845429836,0.9998420871407877,0.9993777039300172],""eps_min"":[0.08,0.2,0.08,0.1],""lr"":[0.0015877310477454825,0.004930864612307035,0.00018580417554894108,0.0003899132958586282],""optimizer"":[""adam"",""adamw"",""adamw"",""adam""],""replay_steps"":[8,2,4,2],""weight_decay"":[1e-05,0.001,1e-05,0.001]}"
275,cfg_86f24c4377bf24c7,"{""batch"":[32,128,32,64],""buffer"":[1000,1000,500,2000],""eps_decay"":[0.9992484250160336,0.9995402985600722,0.9997359784312027,0.9984584109027038],""eps_min"":[0.08,0.2,0.05,0.1],""lr"":[0.0029045322067186995,0.0009777137268761362,0.0004995053477623082,0.0005139384035566362],""optimizer"":[""adamw"",""adam"",""adam"",""adamw""],""replay_steps"":[2,2,2,4],""weight_decay"":[0.0001,0.0001,1e-05,1e-06]}"
276,cfg_6b198b32fa12b56e,"{""batch"":[64,128,128,128],""buffer"":[1000,10000,10000,5000],""eps_decay"":[0.999703243096032,0.9998719387182854,0.997713531284251,0.997140160178794],""eps_min"":[0.01,0.1,0.01,0.15],""lr"":[0.002244846180576865,0.00011821802273930034,0.0002320424952271909,0.0002131955827466528],""optimizer"":[""adamw"",""adamw"",""adam"",""adamw""],""replay_steps"":[8,1,4,8],""weight_decay"":[1e-05,1e-06,1e-06,1e-05]}"
277,cfg_025ef2aee59c19e4,"{""batch"":[32,32,32,16],""buffer"":[5000,1000,1000,500],""eps_decay"":[0.9829036462372741,0.9998558592657179,0.998124762290837,0.9990656398611751],""eps_min"":[0.01,0.2,0.08,0.1],""lr"":[0.00026059588156369007,0.0002413192254403103,0.00047704728108547773,0.004910486809343397],""optimizer"":[""adamw"",""adamw"",""adam"",""adamw""],""replay_steps"":[4,8,8,2],""weight_decay"":[0.001,1e-05,0.0001,0.001]}"
278,cfg_84e57ef09c1d6377,"{""batch"":[128,16,128,32],""buffer"":[1000,5000,2000,1000],""eps_decay"":[0.9998603186051689,0.9994412553072871,0.9995031271886,0.9995422665213698],""eps_min"":[0.1,0.08,0.01,0.2],""lr"":[0.00022500672261390427,0.0014677601182020265,0.00017539258386833076,0.000886510861300902],""optimizer"":[""adamw"",""adamw"",""adam"",""adamw""],""replay_steps"":[8,2,4,1],""weight_decay"":[1e-05,1e-06,0.0001,1e-05]}"
279,cfg_725cb1dd9b8b7be8,"{""batch"":[128,128,16,32],""buffer"":[5000,5000,500,10000],""eps_decay"":[0.998781066869507,0.9997330302383791,0.9903028903085984,0.9998842962505613],""eps_min"":[0.05,0.08,0.2,0.01],""lr"":[0.0011322182088661474,0.00028084961500164635,0.0003647749565327051,0.0003546749314702795],""optimizer"":[""adamw"",""adam"",""adamw"",""adam""],""replay_steps"":[1,8,2,4],""weight_decay"":[1e-06,1e-06,0.0001,0.0001]}"
280,cfg_144a4562b11f87f8,"{""batch"":[32,128,64,32],""buffer"":[500,10000,1000,10000],""eps_decay"":[0.9998801314148791,0.9865328739990543,0.9953398033429838,0.9980219158858415],""eps_min"":[0.1,0.08,0.15,0.05],""lr"":[0.0016446083005418463,0.00020310247932820837,0.00015917113289305894,0.004459613457509998],""optimizer"":[""adamw"",""adamw"",""adam"",""adamw""],""replay_steps"":[8,4,8,8],""weight_decay"":[1e-05,0.001,0.0001,0.0001]}"
281,cfg_3716a9570ded915f,"{""batch"":[32,64,128,128],""buffer"":[500,10000,500,5000],""eps_decay"":[0.981614945984786,0.9983646431805917,0.9930764940438648,0.999718420831178],""eps_min"":[0.1,0.1,0.1,0.03],""lr"":[0.0005668243799990555,0.0013731517071171602,0.004558068590095857,0.004599760043537508],""optimizer"":[""adamw"",""adamw"",""adam"",""adamw""],""replay_steps"":[8,4,4,1],""weight_decay"":[1e-05,0.001,0.001,0.001]}"
282,cfg_826ce6dd7cf7fa4a,"{""batch"":[16,32,16,128],""buffer"":[500,2000,1000,2000],""eps_decay"":[0.9998481632265706,0.9945800298319046,0.9997776198355917,0.9967505169290001],""eps_min"":[0.2,0.05,0.03,0.08],""lr"":[0.0011263728259254687,0.0013297733363632682,0.0009391255075272009,0.0009555708563199021],""optimizer"":[""adam"",""adamw"",""adam"",""adam""],""replay_steps"":[4,1,8,2],""weight_decay"":[0.0001,0.001,1e-05,0.0001]}"
283,cfg_9a35aca4b1511c1a,"{""batch"":[64,64,64,16],""buffer"":[1000,1000,500,5000],""eps_decay"":[0.9996906204312793,0.9986132014463336,0.9808164750791384,0.992323429321344],""eps_min"":[0.05,0.01,0.01,0.1],""lr"":[0.0007505788905113386,0.0015691766029728804,0.0016165613880334486,0.0011350361986452685],""optimizer"":[""adam"",""adamw"",""adam"",""adam""],""replay_steps"":[4,8,8,2],""weight_decay"":[1e-06,1e-06,0.001,0.001]}"
284,cfg_0bdb3a6c3828ed37,"{""batch"":[128,16,128,32],""buffer"":[1000,500,500,2000],""eps_decay"":[0.9998871838355455,0.9981044086262616,0.9993526000520403,0.9960949714155458],""eps_min"":[0.08,0.15,0.08,0.15],""lr"":[0.0007292419612271783,0.00021135530758443897,0.0005616922049080821,0.00010853606254046367],""optimizer"":[""adam"",""adamw"",""adam"",""adamw""],""replay_steps"":[2,4,2,8],""weight_decay"":[0.001,1e-06,0.0001,0.001]}"
285,cfg_d5097b3944471ec3,"{""batch"":[64,64,32,64],""buffer"":[10000,2000,10000,500],""eps_decay"":[0.9816089440385743,0.9983965890161167,0.9975487639724174,0.999343969273549],""eps_min"":[0.05,0.2,0.01,0.05],""lr"":[0.00033651535812544235,0.0019474760172652472,0.00014466814612383575,0.0008775146029747126],""optimizer"":[""adam"",""adam"",""adamw"",""adam""],""replay_steps"":[1,4,4,2],""weight_decay"":[0.001,1e-06,1e-06,0.0001]}"
286,cfg_237c3365c182af84,"{""batch"":[16,64,16,16],""buffer"":[10000,10000,1000,10000],""eps_decay"":[0.9974940739055965,0.9997543179258938,0.998936070300159,0.9984024486869554],""eps_min"":[0.01,0.08,0.15,0.03],""lr"":[0.002045267213574266,0.0025837226899874883,0.004052510045352588,0.0049316594559590966],""optimizer"":[""adam"",""adam"",""adam"",""adamw""],""replay_steps"":[2,1,8,8],""weight_decay"":[1e-05,0.0001,1e-06,1e-06]}"
287,cfg_4c09184f3c412ece,"{""batch"":[32,128,16,128],""buffer"":[5000,10000,10000,500],""eps_decay"":[0.9996226264452014,0.9995766456572126,0.9908034589729969,0.9994388140505991],""eps_min"":[0.08,0.01,0.08,0.08],""lr"":[0.00010195730803626704,0.00024170896037891947,0.0010036311597514701,0.0001139089661319487],""optimizer"":[""adamw"",""adamw"",""adam"",""adamw""],""replay_steps"":[8,1,1,4],""weight_decay"":[1e-05,0.001,1e-05,1e-06]}"
288,cfg_d3b8dafd0b213354,"{""batch"":[32,64,128,32],""buffer"":[5000,10000,10000,500],""eps_decay"":[0.9811170066949869,0.9881356691701589,0.9980625445645861,0.9998903177166089],""eps_min"":[0.1,0.03,0.1,0.08],""lr"":[0.0035585220013113566,0.0001254634034462782,0.0030971230507302818,0.0006133172346574013],""optimizer"":[""adam"",""adam"",""adamw"",""adam""],""replay_steps"":[2,1,2,8],""weight_decay"":[1e-06,1e-06,0.0001,0.0001]}"
289,cfg_7d8ff32774c7880b,"{""batch"":[32,64,32,16],""buffer"":[2000,2000,500,5000],""eps_decay"":[0.9982847892957326,0.9997530643620325,0.9984648315753099,0.9962346881671543],""eps_min"":[0.08,0.08,0.15,0.2],""lr"":[0.00033391102163158833,0.00012435681989238418,0.00046600280878390294,0.004310826244846887],""optimizer"":[""adam"",""adamw"",""adamw"",""adamw""],""replay_steps"":[4,2,1,1],""weight_decay"":[1e-05,1e-05,1e-05,1e-06]}"
290,cfg_c2c89ea91f9f0c1d,"{""batch"":[128,128,128,16],""buffer"":[10000,500,500,2000],""eps_decay"":[0.999880812536054,0.9984890703420992,0.9988898927468296,0.9977216433292473],""eps_min"":[0.05,0.05,0.03,0.2],""lr"":[0.0011956486916133609,0.00010417859429407152,0.0011519780562044587,0.0036035739336455538],""optimizer"":[""adamw"",""adamw"",""adamw"",""adamw""],""replay_steps"":[1,8,1,1],""weight_decay"":[0.001,1e-06,0.0001,0.001]}"
291,cfg_8fc9b3a37d8c629d,"{""batch"":[32,64,32,128],""buffer"":[5000,500,1000,1000],""eps_decay"":[0.9970461781914483,0.9926927326402588,0.9994936501113082,0.9813946510241496],""eps_min"":[0.2,0.08,0.2,0.1],""lr"":[0.001830729746649329,0.0002671175362497108,0.0002643349387917911,0.0001037007818639861],""optimizer"":[""adamw"",""adamw"",""adam"",""adam""],""replay_steps"":[4,8,8,1],""weight_decay"":[0.001,0.0001,1e-05,1e-05]}"
292,cfg_98592275fd91c3f2,"{""batch"":[128,64,16,16],""buffer"":[1000,2000,500,1000],""eps_decay"":[0.9991476893761635,0.9994182391123794,0.9992880528635979,0.9993665120618072],""eps_min"":[0.1,0.01,0.08,0.08],""lr"":[0.00011322727048574926,0.002907684500640545,0.0026711787744729968,0.00016728948659223438],""optimizer"":[""adamw"",""adam"",""adamw"",""adam""],""replay_steps"":[2,8,8,4],""weight_decay"":[0.0001,0.0001,1e-06,1e-05]}"
293,cfg_6e0da7e38c300974,"{""batch"":[64,32,64,64],""buffer"":[10000,500,2000,10000],""eps_decay"":[0.9993726121788448,0.9903312462829317,0.9991799381488238,0.9816273554224696],""eps_min"":[0.1,0.2,0.08,0.03],""lr"":[0.0011913988096153227,0.004456410271166527,0.00027532442841179835,0.0014118720572773129],""optimizer"":[""adam"",""adamw"",""adamw"",""adamw""],""replay_steps"":[8,8,8,4],""weight_decay"":[0.001,1e-06,1e-06,1e-06]}"
294,cfg_178a84c6b8605bce,"{""batch"":[64,128,128,32],""buffer"":[5000,500,500,2000],""eps_decay"":[0.9991351837941242,0.9998888287953569,0.9993499687617201,0.9954790933506065],""eps_min"":[0.03,0.01,0.01,0.05],""lr"":[0.000616387563012439,0.0009513981529422767,0.00034095365388233734,0.0006253281146478302],""optimizer"":[""adamw"",""adamw"",""adamw"",""adamw""],""replay_steps"":[1,1,8,1],""weight_decay"":[0.001,1e-05,1e-05,1e-06]}"
295,cfg_14d48430870199c8,"{""batch"":[128,16,128,64],""buffer"":[5000,10000,500,2000],""eps_decay"":[0.9990547263851707,0.9998266700550199,0.9848732075963504,0.9927696836353411],""eps_min"":[0.03,0.2,0.08,0.05],""lr"":[0.0019298720853761088,0.0007780656329607378,0.0030365057605922117,0.002949164385651096],""optimizer"":[""adamw"",""adamw"",""adamw"",""adam""],""replay_steps"":[2,2,2,8],""weight_decay"":[1e-06,0.0001,0.001,1e-06]}"
296,cfg_1db72bb63f80069f,"{""batch"":[64,128,64,16],""buffer"":[1000,10000,1000,5000],""eps_decay"":[0.9894961685813756,0.997937348132681,0.998422224431606,0.9995289183280451],""eps_min"":[0.15,0.08,0.05,0.15],""lr"":[0.0006150249616041838,0.0005435828959668293,0.0016100853621190628,0.003019724606702467],""optimizer"":[""adamw"",""adamw"",""adamw"",""adamw""],""replay_steps"":[8,4,1,2],""weight_decay"":[1e-05,0.001,1e-05,0.001]}"
297,cfg_eb46b32b6296a2c0,"{""batch"":[32,16,16,64],""buffer"":[2000,2000,10000,1000],""eps_decay"":[0.9998922789473177,0.9998699916207114,0.988233786426906,0.9994434557014857],""eps_min"":[0.15,0.05,0.15,0.05],""lr"":[0.0012530367596493117,0.0026550153879717634,0.0001305542921233049,0.0001583015163967122],""optimizer"":[""adam"",""adam"",""adam"",""adam""],""replay_steps"":[1,4,4,8],""weight_decay"":[1e-06,1e-06,0.001,0.0001]}"
298,cfg_86a071302838c036,"{""batch"":[16,64,16,128],""buffer"":[2000,10000,1000,500],""eps_decay"":[0.9994961014598144,0.9990394410472655,0.9838081520949572,0.9911873596683376],""eps_min"":[0.03,0.05,0.01,0.08],""lr"":[0.004920361089985514,0.0035723729217251097,0.00014493821697506622,0.0007996900644997064],""optimizer"":[""adamw"",""adam"",""adamw"",""adamw""],""replay_steps"":[2,8,8,8],""weight_decay"":[0.0001,1e-06,0.001,1e-06]}"
299,cfg_4b5d4a10c308a305,"{""batch"":[16,16,16,32],""buffer"":[1000,2000,1000,2000],""eps_decay"":[0.9986358562532891,0.9969533968150173,0.9909842150401531,0.9998942921646582],""eps_min"":[0.08,0.1,0.03,0.03],""lr"":[0.00027349602349535694,0.0010248759884707995,0.00030837126577878314,0.0003030179690197146],""optimizer"":[""adam"",""adamw"",""adamw"",""adam""],""replay_steps"":[4,2,1,2],""weight_decay"":[0.0001,1e-06,0.0001,1e-05]}"
300,cfg_a71393b4f18dcdb5,"{""batch"":[128,16,32,64],""buffer"":[10000,2000,5000,1000],""eps_decay"":[0.9998118585925323,0.9997546202602524,0.9988757596526323,0.9973651335495559],""eps_min"":[0.2,0.2,0.03,0.01],""lr"":[0.0008541688714111892,0.0013766346326600325,0.0005476770285708412,0.0034400275384491434],""optimizer"":[""adamw"",""adam"",""adamw"",""adam""],""replay_steps"":[1,1,4,2],""weight_decay"":[1e-06,1e-05,1e-06,0.0001]}"
301,cfg_5aab0a190287af89,"{""batch"":[64,128,64,32],""buffer"":[5000,5000,500,2000],""eps_decay"":[0.99967237727885,0.998095596115829,0.9996609948011622,0.9899218563348958],""eps_min"":[0.15,0.05,0.2,0.08],""lr"":[0.0012326618909301906,0.0012364334680620363,0.00022898962127685982,0.003383279507593362],""optimizer"":[""adam"",""adam"",""adamw"",""adam""],""replay_steps"":[8,2,1,8],""weight_decay"":[1e-06,0.0001,1e-05,1e-05]}"
302,cfg_6e4c833f6e5e3d63,"{""batch"":[32,16,16,128],""buffer"":[10000,500,1000,1000],""eps_decay"":[0.9983597747957386,0.9996210188511888,0.992532172042427,0.9997784839306312],""eps_min"":[0.2,0.1,0.08,0.01],""lr"":[0.0013258539289926613,0.0024361514755167867,0.0013257875503585844,0.0008136682283603617],""optimizer"":[""adam"",""adamw"",""adam"",""adamw""],""replay_steps"":[1,8,8,8],""weight_decay"":[0.001,1e-05,1e-05,0.001]}"
303,cfg_7e2497d43c07cfaa,"{""batch"":[128,128,16,128],""buffer"":[500,500,5000,5000],""eps_decay"":[0.9981224100062231,0.9997732203694615,0.9996967903292344,0.9963081789344557],""eps_min"":[0.2,0.03,0.03,0.03],""lr"":[0.0026676081094603754,0.0005323976294021195,0.0002506420669106572,0.002761027702164539],""optimizer"":[""adamw"",""adamw"",""adamw"",""adam""],""replay_steps"":[8,1,2,1],""weight_decay"":[1e-06,0.001,1e-06,1e-05]}"
304,cfg_8ac2b517a3065cc2,"{""batch"":[64,128,32,64],""buffer"":[5000,500,5000,10000],""eps_decay"":[0.9989153052534985,0.9907154061254276,0.9981799222551753,0.9987303525224082],""eps_min"":[0.1,0.03,0.1,0.05],""lr"":[0.0035400993597834002,0.0034122497918103157,0.00447114078029138,0.0012014888962302067],""optimizer"":[""adam"",""adam"",""adamw"",""adamw""],""replay_steps"":[1,1,2,8],""weight_decay"":[1e-06,1e-05,0.001,1e-05]}"
305,cfg_ce575c727b149658,"{""batch"":[32,16,128,128],""buffer"":[1000,500,2000,1000],""eps_decay"":[0.9997288780038353,0.9998618012417876,0.9931632420337273,0.9912815371348344],""eps_min"":[0.05,0.15,0.03,0.15],""lr"":[0.00042287779518440606,0.0008039552535206593,0.000294948642935258,0.0007529035195108963],""optimizer"":[""adam"",""adam"",""adam"",""adam""],""replay_steps"":[2,4,8,1],""weight_decay"":[1e-05,0.001,1e-05,0.0001]}"
306,cfg_e84194b0c00531a7,"{""batch"":[16,16,128,16],""buffer"":[2000,10000,10000,5000],""eps_decay"":[0.9996782396398903,0.9995306168768904,0.9998394271387845,0.9995279485072877],""eps_min"":[0.05,0.05,0.03,0.1],""lr"":[0.0008603977217329921,0.0019131330376941607,0.002432751886499329,0.001955762980855487],""optimizer"":[""adamw"",""adamw"",""adam"",""adam""],""replay_steps"":[8,4,1,1],""weight_decay"":[1e-06,0.001,0.001,1e-05]}"
307,cfg_2596145cc03423b0,"{""batch"":[128,128,64,128],""buffer"":[1000,1000,10000,500],""eps_decay"":[0.988043469298023,0.9986069369412441,0.9974508752191307,0.999413533784987],""eps_min"":[0.03,0.03,0.08,0.15],""lr"":[0.0002349175733096826,0.00016622671292002863,0.000261641546832266,0.00358713886462077],""optimizer"":[""adam"",""adam"",""adamw"",""adam""],""replay_steps"":[8,8,8,8],""weight_decay"":[0.0001,0.0001,0.0001,1e-05]}"
308,cfg_49f23dad797337ad,"{""batch"":[16,16,16,16],""buffer"":[10000,500,2000,500],""eps_decay"":[0.9973524617554024,0.9973373119613278,0.995799498848078,0.9998252999686573],""eps_min"":[0.01,0.08,0.03,0.1],""lr"":[0.003990414973571562,0.0021474163865591854,0.0004225647554586855,0.0006225349107046176],""optimizer"":[""adam"",""adamw"",""adam"",""adam""],""replay_steps"":[2,4,2,4],""weight_decay"":[0.001,1e-06,0.001,1e-06]}"
309,cfg_4a8ae0e9efdadf2f,"{""batch"":[32,128,64,64],""buffer"":[1000,10000,2000,1000],""eps_decay"":[0.9994187629451325,0.9998334733405472,0.9994612385058163,0.9998220303663741],""eps_min"":[0.15,0.2,0.03,0.1],""lr"":[0.002371588934013495,0.0015317485644972613,0.00023318974248019153,0.00018233326272985894],""optimizer"":[""adam"",""adam"",""adamw"",""adam""],""replay_steps"":[2,8,8,2],""weight_decay"":[1e-06,1e-05,1e-06,0.001]}"
310,cfg_5b9dc60bb44a271e,"{""batch"":[128,128,32,128],""buffer"":[1000,1000,10000,500],""eps_decay"":[0.9991473044771711,0.9997742073769915,0.994182065628428,0.9959095119991325],""eps_min"":[0.01,0.08,0.08,0.2],""lr"":[0.0003425479502686198,0.0007962449783021341,0.0006019178611011256,0.00028243846293033234],""optimizer"":[""adam"",""adam"",""adam"",""adamw""],""replay_steps"":[1,1,1,8],""weight_decay"":[0.001,0.001,1e-05,0.0001]}"
311,cfg_9c38480d9496b781,"{""batch"":[16,128,32,128],""buffer"":[500,1000,10000,500],""eps_decay"":[0.9997328260592161,0.9954768683327255,0.998930296975989,0.9945729939781308],""eps_min"":[0.1,0.08,0.15,0.05],""lr"":[0.0022688498789178403,0.0002805467275877176,0.0028823339351649966,0.003976771692590127],""optimizer"":[""adamw"",""adamw"",""adam"",""adamw""],""replay_steps"":[2,2,2,1],""weight_decay"":[1e-05,0.0001,0.001,1e-05]}"
312,cfg_a58c46ea93e55dfd,"{""batch"":[16,128,32,16],""buffer"":[500,5000,2000,5000],""eps_decay"":[0.9998996808987803,0.9938393334840889,0.9836132394272455,0.9966702527660634],""eps_min"":[0.2,0.03,0.1,0.2],""lr"":[0.00010111507149078406,0.0009191676241473215,0.004892021247674002,0.0013469822112160738],""optimizer"":[""adam"",""adamw"",""adam"",""adamw""],""replay_steps"":[8,8,1,2],""weight_decay"":[0.001,0.001,0.001,0.0001]}"
313,cfg_2dc618a8a6cfe860,"{""batch"":[16,16,16,16],""buffer"":[500,2000,500,1000],""eps_decay"":[0.9935706933186919,0.9993292444322353,0.9998995443268761,0.9908169942089011],""eps_min"":[0.15,0.03,0.08,0.15],""lr"":[0.0025670408143888194,0.0013819435317580708,0.0016636310949947773,0.00014633798798176936],""optimizer"":[""adamw"",""adam"",""adam"",""adamw""],""replay_steps"":[1,1,8,2],""weight_decay"":[0.001,1e-05,0.001,1e-06]}"
314,cfg_6c10a82c0df3e4a7,"{""batch"":[32,16,128,64],""buffer"":[1000,500,500,2000],""eps_decay"":[0.9954892674829848,0.9997697397670788,0.999357742564127,0.9998893515267501],""eps_min"":[0.1,0.15,0.1,0.05],""lr"":[0.00013968523650091378,0.00031116067523213225,0.0001637203486468044,0.0017495785557061824],""optimizer"":[""adam"",""adamw"",""adamw"",""adamw""],""replay_steps"":[8,1,4,8],""weight_decay"":[1e-05,1e-05,1e-05,0.0001]}"
315,cfg_e5ee1d818a8b8948,"{""batch"":[64,64,32,16],""buffer"":[1000,10000,500,1000],""eps_decay"":[0.9972922074659983,0.9983252263889152,0.9982138677808674,0.9997859557218662],""eps_min"":[0.05,0.01,0.15,0.03],""lr"":[0.0006829201724245925,0.0001671876177702247,0.0007089494012354201,0.0016566346410700572],""optimizer"":[""adamw"",""adamw"",""adamw"",""adam""],""replay_steps"":[8,8,4,4],""weight_decay"":[0.001,0.0001,1e-06,0.0001]}"
316,cfg_b2b78f29dbad1747,"{""batch"":[16,16,32,128],""buffer"":[10000,1000,10000,2000],""eps_decay"":[0.9975662028258878,0.9955371164354374,0.999733482964482,0.9944045485228724],""eps_min"":[0.1,0.05,0.05,0.05],""lr"":[0.0013037657584074058,0.0014298903327938266,0.00011817604818313873,0.000119100773401857],""optimizer"":[""adamw"",""adam"",""adamw"",""adam""],""replay_steps"":[8,8,8,1],""weight_decay"":[0.0001,1e-05,1e-06,0.0001]}"
317,cfg_bb28db786f4184b8,"{""batch"":[64,128,64,64],""buffer"":[5000,5000,10000,10000],""eps_decay"":[0.9997568802331335,0.9996827686687403,0.9998076384516762,0.9991661550984671],""eps_min"":[0.2,0.01,0.1,0.08],""lr"":[0.00026096763389477757,0.00013084041602099778,0.00024329294227104373,0.000649666071731517],""optimizer"":[""adamw"",""adamw"",""adam"",""adam""],""replay_steps"":[4,8,1,8],""weight_decay"":[0.0001,1e-05,1e-05,0.0001]}"
318,cfg_32009256fe2f6fc5,"{""batch"":[128,128,64,16],""buffer"":[10000,500,10000,10000],""eps_decay"":[0.9962658098316238,0.9952572280202838,0.9996751761332219,0.9998331619210357],""eps_min"":[0.01,0.05,0.05,0.01],""lr"":[0.0009238121224305122,0.002208929135682396,0.00017072218967913898,0.00042004818308629516],""optimizer"":[""adam"",""adamw"",""adam"",""adam""],""replay_steps"":[4,2,2,1],""weight_decay"":[0.0001,0.0001,0.001,0.001]}"
319,cfg_f6fef25ca2e84eaf,"{""batch"":[64,16,32,128],""buffer"":[5000,5000,500,10000],""eps_decay"":[0.9985074303191847,0.9958362429762452,0.9996710519483633,0.9984878040276395],""eps_min"":[0.03,0.15,0.15,0.15],""lr"":[0.0002398707800363858,0.0006319252269533055,0.00021655650093508572,0.0012290601486982789],""optimizer"":[""adam"",""adam"",""adamw"",""adam""],""replay_steps"":[4,8,1,2],""weight_decay"":[1e-05,1e-05,1e-06,1e-05]}"
320,cfg_d40feeb7c0f6ec12,"{""batch"":[32,16,64,64],""buffer"":[5000,2000,10000,5000],""eps_decay"":[0.9997137040715923,0.9988481760284619,0.9976165668953464,0.9996631020222471],""eps_min"":[0.01,0.1,0.03,0.03],""lr"":[0.0012720212366679209,0.00011105118336527644,0.0025315911181043008,0.002629174016889773],""optimizer"":[""adam"",""adam"",""adamw"",""adamw""],""replay_steps"":[1,4,2,2],""weight_decay"":[0.001,1e-05,1e-06,1e-05]}"
321,cfg_604b3b5f4dde4c14,"{""batch"":[32,64,64,64],""buffer"":[500,2000,5000,1000],""eps_decay"":[0.9995821929580182,0.9849078394021678,0.9973875131033685,0.9956075790147353],""eps_min"":[0.05,0.2,0.15,0.1],""lr"":[0.0002488523972287878,0.00032109908188650906,0.00057443347619558,0.0005709136194189859],""optimizer"":[""adamw"",""adamw"",""adam"",""adam""],""replay_steps"":[2,2,2,8],""weight_decay"":[0.001,0.0001,1e-06,0.001]}"
322,cfg_94b1106019b05d2f,"{""batch"":[16,16,64,32],""buffer"":[10000,500,500,10000],""eps_decay"":[0.9840284366640473,0.9896523707328888,0.9996679213834254,0.9993219388633057],""eps_min"":[0.08,0.2,0.08,0.2],""lr"":[0.0003238272219567954,0.0003510529741250541,0.0012904889295782258,0.0022254309448668935],""optimizer"":[""adamw"",""adamw"",""adam"",""adam""],""replay_steps"":[2,1,4,1],""weight_decay"":[0.001,1e-05,1e-06,1e-06]}"
323,cfg_9b6ac598f25e1ee2,"{""batch"":[16,64,64,128],""buffer"":[1000,2000,500,5000],""eps_decay"":[0.9922387062277149,0.997335264918304,0.9981081848017914,0.9814583418653324],""eps_min"":[0.15,0.2,0.08,0.15],""lr"":[0.0030115207476403305,0.0004070399257382958,0.0011636631176636639,0.002204482093250729],""optimizer"":[""adam"",""adamw"",""adamw"",""adam""],""replay_steps"":[4,8,4,1],""weight_decay"":[0.001,1e-05,1e-06,1e-05]}"
324,cfg_46fe93307f7320b6,"{""batch"":[32,64,64,64],""buffer"":[500,5000,2000,10000],""eps_decay"":[0.9966985430027566,0.9910853342910092,0.9917753888370959,0.993530357746873],""eps_min"":[0.01,0.03,0.01,0.01],""lr"":[0.0002956250533892097,0.0010401926911666527,0.0008785855272621752,0.004841259900851395],""optimizer"":[""adam"",""adam"",""adam"",""adam""],""replay_steps"":[2,1,4,2],""weight_decay"":[1e-06,1e-06,1e-05,1e-05]}"
325,cfg_527160b5247ff737,"{""batch"":[128,128,128,128],""buffer"":[10000,5000,1000,10000],""eps_decay"":[0.9978070087310161,0.9994937125289352,0.9907907044355213,0.9996453772773871],""eps_min"":[0.1,0.01,0.05,0.08],""lr"":[0.00013310386122797433,0.0017418469596497314,0.00010666025405070837,0.0016731597198538536],""optimizer"":[""adam"",""adamw"",""adam"",""adamw""],""replay_steps"":[1,2,2,1],""weight_decay"":[0.001,1e-05,1e-05,0.0001]}"
326,cfg_708dc2bdd847386d,"{""batch"":[64,32,32,64],""buffer"":[2000,1000,1000,1000],""eps_decay"":[0.9998038660355348,0.9998871422683921,0.9984819529557574,0.999353064517174],""eps_min"":[0.15,0.1,0.08,0.01],""lr"":[0.001713380259684766,0.00012436378240953037,0.004457694772102521,0.00014297996673500542],""optimizer"":[""adam"",""adam"",""adam"",""adam""],""replay_steps"":[8,2,8,2],""weight_decay"":[1e-05,0.0001,0.0001,1e-06]}"
327,cfg_be478afe532e92a0,"{""batch"":[32,16,128,128],""buffer"":[5000,10000,1000,1000],""eps_decay"":[0.9992750175787877,0.9948861120473199,0.9956765517557014,0.9848562099457279],""eps_min"":[0.1,0.03,0.03,0.1],""lr"":[0.0010706809298895294,0.00016157521739063,0.00033673220914745165,0.0020374135503405974],""optimizer"":[""adam"",""adamw"",""adam"",""adamw""],""replay_steps"":[1,4,8,2],""weight_decay"":[1e-05,0.001,1e-06,1e-06]}"
328,cfg_8b2ea58e071c4ddf,"{""batch"":[16,128,16,64],""buffer"":[10000,5000,10000,1000],""eps_decay"":[0.9993748739204199,0.9992242125048917,0.9998989557137526,0.9939372045003851],""eps_min"":[0.1,0.08,0.03,0.05],""lr"":[0.004683439089174594,0.0017174985079719419,0.0001218093108033404,0.000793434762614732],""optimizer"":[""adamw"",""adamw"",""adamw"",""adamw""],""replay_steps"":[2,2,8,1],""weight_decay"":[0.0001,0.001,0.0001,1e-05]}"
329,cfg_2f6022ff44a20926,"{""batch"":[128,32,128,16],""buffer"":[500,2000,2000,5000],""eps_decay"":[0.9892181833263877,0.9979249371339728,0.9961462796913316,0.9980583774522248],""eps_min"":[0.08,0.05,0.1,0.01],""lr"":[0.0013635217674252981,0.0003747983191237819,0.00011638280060450728,0.00030287797555774733],""optimizer"":[""adam"",""adam"",""adam"",""adamw""],""replay_steps"":[2,8,4,2],""weight_decay"":[0.0001,1e-06,1e-06,0.001]}"
330,cfg_c0afc9ad09a578fe,"{""batch"":[128,16,64,64],""buffer"":[10000,10000,5000,1000],""eps_decay"":[0.9993261936202154,0.9984403135335728,0.9963858641016284,0.9832132750017275],""eps_min"":[0.01,0.2,0.03,0.08],""lr"":[0.0009710825844219363,0.00031257828558971105,0.00010616340478545252,0.00018635764524603155],""optimizer"":[""adamw"",""adamw"",""adamw"",""adam""],""replay_steps"":[4,1,8,1],""weight_decay"":[1e-06,1e-06,1e-05,0.001]}"
331,cfg_db6da2ccbf7c2e30,"{""batch"":[64,128,32,64],""buffer"":[500,5000,1000,500],""eps_decay"":[0.9864163553914572,0.9990679552862016,0.9937155158876186,0.9972629180346799],""eps_min"":[0.1,0.01,0.05,0.08],""lr"":[0.00012270866697771258,0.0004266823917028687,0.0006651682678554593,0.0034471718278074786],""optimizer"":[""adam"",""adam"",""adam"",""adamw""],""replay_steps"":[1,2,8,8],""weight_decay"":[1e-05,1e-06,1e-06,1e-06]}"
332,cfg_bc446e287d680d97,"{""batch"":[128,64,16,64],""buffer"":[5000,500,10000,1000],""eps_decay"":[0.9951114423150507,0.9991990926546129,0.9930958633517222,0.9987565555460423],""eps_min"":[0.05,0.05,0.01,0.1],""lr"":[0.0007771225252485674,0.002943881441337754,0.002043407426135478,0.004233655895892581],""optimizer"":[""adam"",""adam"",""adam"",""adam""],""replay_steps"":[2,1,8,8],""weight_decay"":[0.0001,1e-06,0.001,1e-05]}"
333,cfg_f85fb23f1374fcb3,"{""batch"":[16,32,32,64],""buffer"":[500,500,1000,10000],""eps_decay"":[0.9964651149335596,0.997121822845333,0.9983743274456808,0.9987826580566989],""eps_min"":[0.01,0.15,0.05,0.03],""lr"":[0.0023990021575565177,0.00018139378442402705,0.001111939758991304,0.0015499550470985022],""optimizer"":[""adamw"",""adam"",""adamw"",""adam""],""replay_steps"":[4,8,8,8],""weight_decay"":[0.001,0.0001,1e-05,1e-06]}"
334,cfg_fa683348a3f33451,"{""batch"":[128,16,32,64],""buffer"":[5000,10000,5000,500],""eps_decay"":[0.9942007423632332,0.9997850137692537,0.9807283380956522,0.9907939198424971],""eps_min"":[0.03,0.2,0.05,0.15],""lr"":[0.0003214774720725165,0.0015732598579665034,0.00012325795647593187,0.0002004510965754083],""optimizer"":[""adamw"",""adamw"",""adam"",""adam""],""replay_steps"":[8,4,4,8],""weight_decay"":[1e-06,1e-05,1e-05,0.0001]}"
335,cfg_e1dbb4270b12f15d,"{""batch"":[64,128,32,128],""buffer"":[500,5000,1000,500],""eps_decay"":[0.9997876807657873,0.9842222474778881,0.9928767695374182,0.9994454874422107],""eps_min"":[0.03,0.05,0.05,0.15],""lr"":[0.00044997925331734354,0.00032964689800720235,0.00015513464464064747,0.0005532615104693815],""optimizer"":[""adam"",""adamw"",""adamw"",""adamw""],""replay_steps"":[1,2,8,4],""weight_decay"":[0.0001,1e-06,1e-05,0.001]}"
336,cfg_0e0a3664a4e2e30f,"{""batch"":[128,128,128,32],""buffer"":[2000,500,500,5000],""eps_decay"":[0.9989158306623572,0.9989054547261083,0.9994183359642831,0.9973166181300184],""eps_min"":[0.2,0.15,0.1,0.1],""lr"":[0.0009903652671648252,0.00042015169223972475,0.0006007075250422184,0.0009543733455889265],""optimizer"":[""adamw"",""adamw"",""adamw"",""adam""],""replay_steps"":[2,8,2,4],""weight_decay"":[1e-06,1e-06,0.001,0.001]}"
337,cfg_9cf7d56f015eb1ea,"{""batch"":[16,128,128,64],""buffer"":[1000,10000,5000,1000],""eps_decay"":[0.9969368516940932,0.9802876175432774,0.999891444260507,0.9905244946110119],""eps_min"":[0.03,0.15,0.15,0.08],""lr"":[0.00010545489223735016,0.002612823463276813,0.00020998746046986517,0.0019590555157819305],""optimizer"":[""adamw"",""adamw"",""adamw"",""adam""],""replay_steps"":[1,1,4,8],""weight_decay"":[0.0001,0.0001,0.001,0.001]}"
338,cfg_affbf157045d137d,"{""batch"":[128,128,16,32],""buffer"":[5000,500,10000,500],""eps_decay"":[0.9968132210517039,0.9965299280040508,0.9850873995381414,0.9998977846158251],""eps_min"":[0.2,0.2,0.05,0.05],""lr"":[0.0009374050701631111,0.0005203431308052552,0.0040486729837775,0.0002237888068278714],""optimizer"":[""adam"",""adam"",""adamw"",""adamw""],""replay_steps"":[1,1,4,8],""weight_decay"":[1e-06,1e-05,0.0001,1e-05]}"
339,cfg_36de5e6205915f88,"{""batch"":[128,32,64,128],""buffer"":[1000,10000,5000,5000],""eps_decay"":[0.9992997607024777,0.9991426648085551,0.9997459454272043,0.9942536132559747],""eps_min"":[0.2,0.15,0.1,0.01],""lr"":[0.00048197727597923434,0.0035534242520245483,0.004666446330153211,0.0014530823645989134],""optimizer"":[""adamw"",""adam"",""adamw"",""adam""],""replay_steps"":[1,2,8,4],""weight_decay"":[0.0001,0.0001,1e-06,0.0001]}"
340,cfg_010cda327c761ac0,"{""batch"":[16,16,32,32],""buffer"":[500,500,2000,1000],""eps_decay"":[0.9987083870578279,0.9974722757968271,0.9994132436355416,0.999425460866556],""eps_min"":[0.2,0.15,0.1,0.01],""lr"":[0.0001899320324599042,0.00017305202396288307,0.004325723939512144,0.00012514086716560995],""optimizer"":[""adam"",""adam"",""adam"",""adamw""],""replay_steps"":[8,2,2,2],""weight_decay"":[0.001,0.001,1e-06,0.0001]}"
341,cfg_11afc1a22d382234,"{""batch"":[128,128,128,16],""buffer"":[5000,500,2000,2000],""eps_decay"":[0.9998452059580917,0.9922812399521936,0.9994377182766355,0.9974192967184453],""eps_min"":[0.03,0.05,0.01,0.08],""lr"":[0.001404282085160596,0.0019809588280682005,0.0029152144851302287,0.004542415582724005],""optimizer"":[""adamw"",""adam"",""adamw"",""adam""],""replay_steps"":[8,8,1,1],""weight_decay"":[0.0001,0.001,1e-06,0.0001]}"
342,cfg_8c1f3778da05930c,"{""batch"":[32,64,16,16],""buffer"":[500,5000,2000,2000],""eps_decay"":[0.9960070243983044,0.99972869967638,0.9831728426911377,0.9997939185175261],""eps_min"":[0.1,0.2,0.08,0.01],""lr"":[0.00041029339766586107,0.0026798246075453586,0.00037504164662474296,0.0009741404874256041],""optimizer"":[""adamw"",""adamw"",""adam"",""adamw""],""replay_steps"":[2,4,2,8],""weight_decay"":[1e-05,0.0001,1e-05,1e-06]}"
343,cfg_6d048c7379b0ee8b,"{""batch"":[16,64,128,64],""buffer"":[10000,5000,5000,2000],""eps_decay"":[0.9998463929126452,0.9936842415222354,0.9815523612800481,0.9995135122526471],""eps_min"":[0.01,0.15,0.01,0.15],""lr"":[0.00025319976535846103,0.0030395903881411295,0.00011294477643482086,0.0001294026559276938],""optimizer"":[""adam"",""adamw"",""adamw"",""adam""],""replay_steps"":[2,4,1,8],""weight_decay"":[1e-06,0.001,0.0001,0.001]}"
344,cfg_bf6a3c6edc6bc0f4,"{""batch"":[64,128,64,16],""buffer"":[500,5000,1000,500],""eps_decay"":[0.9998629768535672,0.9968267623526836,0.9998094724075589,0.9995372504444423],""eps_min"":[0.08,0.03,0.2,0.15],""lr"":[0.00021973151189010376,0.0009369547347553315,0.0003927172642724588,0.00145819996083055],""optimizer"":[""adamw"",""adam"",""adam"",""adam""],""replay_steps"":[1,2,2,4],""weight_decay"":[0.0001,0.0001,0.001,1e-06]}"
345,cfg_724763c9b5e8bf64,"{""batch"":[128,128,32,16],""buffer"":[2000,2000,2000,5000],""eps_decay"":[0.9983903190946128,0.9978251952960441,0.9818487659300724,0.988395314804159],""eps_min"":[0.01,0.08,0.08,0.03],""lr"":[0.004990992056440677,0.002657427615179343,0.00018270195785013012,0.0002692770858094524],""optimizer"":[""adamw"",""adamw"",""adamw"",""adam""],""replay_steps"":[4,8,1,4],""weight_decay"":[1e-06,1e-05,0.0001,0.0001]}"
346,cfg_36a391085b0c91de,"{""batch"":[32,128,32,128],""buffer"":[10000,10000,10000,1000],""eps_decay"":[0.9866661095785351,0.9989227707524164,0.995854419307208,0.9998994993166639],""eps_min"":[0.03,0.2,0.2,0.08],""lr"":[0.00045487548234627066,0.0018891416208905542,0.00020144642139862255,0.00014381181519576032],""optimizer"":[""adam"",""adamw"",""adamw"",""adamw""],""replay_steps"":[1,1,4,4],""weight_decay"":[0.001,0.0001,0.0001,1e-05]}"
347,cfg_4030c1af50d6ba77,"{""batch"":[64,32,32,32],""buffer"":[500,2000,5000,1000],""eps_decay"":[0.9998986751250094,0.9998938663891604,0.9995484384666561,0.9974019396908206],""eps_min"":[0.01,0.05,0.05,0.08],""lr"":[0.0001919395137268041,0.00017684181218667448,0.0001682601289526164,0.002303979058651117],""optimizer"":[""adam"",""adam"",""adamw"",""adam""],""replay_steps"":[4,1,8,2],""weight_decay"":[0.0001,0.0001,1e-06,0.001]}"
348,cfg_7bb34f5b218e1718,"{""batch"":[16,32,32,16],""buffer"":[1000,1000,5000,1000],""eps_decay"":[0.98800559477001,0.9811237885764937,0.9998625652591046,0.999884587403252],""eps_min"":[0.05,0.01,0.2,0.2],""lr"":[0.0016277846140468528,0.0011006584629344963,0.0018923032046557812,0.00014727464451704566],""optimizer"":[""adam"",""adam"",""adam"",""adamw""],""replay_steps"":[8,8,8,1],""weight_decay"":[1e-05,0.0001,1e-05,0.001]}"
349,cfg_103efb7c8abdc079,"{""batch"":[32,64,16,128],""buffer"":[2000,2000,5000,500],""eps_decay"":[0.9946130719113783,0.9997422910147135,0.9981176350409479,0.9808815985420707],""eps_min"":[0.2,0.1,0.15,0.15],""lr"":[0.00011720689787788125,0.00020533065808379749,0.0005354616906702697,0.00020156221432754686],""optimizer"":[""adam"",""adam"",""adam"",""adam""],""replay_steps"":[1,4,8,4],""weight_decay"":[1e-06,0.001,0.001,0.0001]}"
350,cfg_af11766ec7dfc189,"{""batch"":[16,64,32,128],""buffer"":[2000,1000,500,1000],""eps_decay"":[0.999833130747346,0.9942946891994523,0.9996776386645414,0.9996002693780054],""eps_min"":[0.03,0.01,0.01,0.08],""lr"":[0.00018294948808317496,0.0006326125950011393,0.000786395791023115,0.0026471235653893477],""optimizer"":[""adamw"",""adam"",""adamw"",""adamw""],""replay_steps"":[2,4,8,2],""weight_decay"":[1e-06,0.001,0.001,0.001]}"
351,cfg_c76f5bc8cfe77c97,"{""batch"":[64,32,128,64],""buffer"":[5000,1000,500,500],""eps_decay"":[0.9903416596848886,0.9984120381671939,0.9855037672165226,0.9987642984710333],""eps_min"":[0.05,0.1,0.2,0.05],""lr"":[0.0012227486857580348,0.0007302941054703924,0.0008874547744821316,0.004760089441233692],""optimizer"":[""adamw"",""adam"",""adamw"",""adamw""],""replay_steps"":[1,1,1,1],""weight_decay"":[0.0001,1e-06,1e-06,0.0001]}"
352,cfg_1184ba8d67838b44,"{""batch"":[32,64,64,128],""buffer"":[500,2000,2000,10000],""eps_decay"":[0.9980683308794146,0.9994995721427772,0.9998547497948215,0.9996572401349268],""eps_min"":[0.2,0.2,0.08,0.08],""lr"":[0.0008021853838135701,0.0034146972973719677,0.000992726455242243,0.0001902274937422182],""optimizer"":[""adam"",""adamw"",""adamw"",""adamw""],""replay_steps"":[1,8,8,2],""weight_decay"":[0.0001,1e-06,1e-05,0.0001]}"
353,cfg_23d45fced0dae19e,"{""batch"":[64,128,16,16],""buffer"":[5000,1000,5000,1000],""eps_decay"":[0.9937033513930463,0.9994816463608663,0.9957747126050324,0.9994914961150115],""eps_min"":[0.1,0.08,0.2,0.03],""lr"":[0.0005133061340985936,0.001003139227747604,0.00028923745984975866,0.002279178710745055],""optimizer"":[""adamw"",""adam"",""adam"",""adamw""],""replay_steps"":[1,2,4,4],""weight_decay"":[0.0001,1e-06,0.001,1e-05]}"
354,cfg_fe64355d167bc8d9,"{""batch"":[16,64,128,128],""buffer"":[1000,10000,1000,5000],""eps_decay"":[0.9969347464311604,0.9998398276630921,0.9978933801451619,0.9971154429650767],""eps_min"":[0.03,0.15,0.01,0.05],""lr"":[0.002671709691736512,0.001596123391875771,0.0002655179245467711,0.0002803434769041191],""optimizer"":[""adamw"",""adamw"",""adamw"",""adamw""],""replay_steps"":[2,8,8,2],""weight_decay"":[1e-06,0.0001,0.001,1e-05]}"
355,cfg_0fd5ac0c93829a40,"{""batch"":[64,16,16,16],""buffer"":[500,1000,1000,2000],""eps_decay"":[0.9913706942847521,0.9998111500153355,0.9985482613793627,0.9829577135178148],""eps_min"":[0.01,0.08,0.15,0.15],""lr"":[0.0013510965732270676,0.0037420252166491526,0.00015916779678248696,0.0006336021635049622],""optimizer"":[""adam"",""adam"",""adam"",""adamw""],""replay_steps"":[4,8,2,4],""weight_decay"":[1e-06,0.0001,0.001,0.001]}"
356,cfg_2035ef2b4b44cf00,"{""batch"":[32,128,32,16],""buffer"":[1000,500,1000,5000],""eps_decay"":[0.9984579084865877,0.9985722342245869,0.9997824497892136,0.9998395383867338],""eps_min"":[0.01,0.15,0.01,0.08],""lr"":[0.0029235407290127855,0.0032310449914771232,0.0006159576404508327,0.0009552793049978409],""optimizer"":[""adam"",""adamw"",""adam"",""adamw""],""replay_steps"":[1,1,1,2],""weight_decay"":[0.001,0.001,0.001,1e-05]}"
357,cfg_00b18404d554fad4,"{""batch"":[16,16,32,64],""buffer"":[2000,2000,5000,1000],""eps_decay"":[0.996942995534746,0.9997329844570721,0.9816167129990072,0.998266098951518],""eps_min"":[0.01,0.01,0.03,0.01],""lr"":[0.0010423633583369308,0.0008213867122748917,0.0007990241657661999,0.0033411712453015664],""optimizer"":[""adam"",""adam"",""adamw"",""adam""],""replay_steps"":[2,1,8,8],""weight_decay"":[0.0001,0.001,0.001,1e-05]}"
358,cfg_16c0ad7002662773,"{""batch"":[32,128,64,32],""buffer"":[10000,1000,10000,500],""eps_decay"":[0.9989385557281347,0.9985004220024825,0.9997756379071537,0.9882039589993656],""eps_min"":[0.1,0.1,0.01,0.1],""lr"":[0.00013695308500824167,0.001298382619927387,0.0024755021632657257,0.0006548918003361258],""optimizer"":[""adamw"",""adamw"",""adam"",""adam""],""replay_steps"":[8,4,8,2],""weight_decay"":[0.0001,0.0001,1e-05,1e-06]}"
359,cfg_e1b3f43e24387453,"{""batch"":[32,128,16,32],""buffer"":[2000,10000,5000,500],""eps_decay"":[0.9993247214552847,0.997351561806874,0.994600775826895,0.9998674793883672],""eps_min"":[0.15,0.15,0.05,0.15],""lr"":[0.00010763141771592554,0.00019231703236550975,0.002500474671169158,0.0004473518423997847],""optimizer"":[""adamw"",""adamw"",""adam"",""adamw""],""replay_steps"":[1,8,2,8],""weight_decay"":[1e-05,0.0001,1e-06,1e-05]}"
360,cfg_3e2b8dffb03935a6,"{""batch"":[16,16,64,32],""buffer"":[2000,2000,10000,5000],""eps_decay"":[0.9823385009831876,0.9991702110439592,0.9968915246909863,0.9997760101913495],""eps_min"":[0.05,0.01,0.05,0.2],""lr"":[0.0031287855703328333,0.0009703888954733971,0.0003617573141218748,0.0010901069208515267],""optimizer"":[""adam"",""adamw"",""adamw"",""adam""],""replay_steps"":[2,1,4,2],""weight_decay"":[1e-05,1e-05,1e-05,0.0001]}"
361,cfg_bed359fe962bda00,"{""batch"":[32,32,128,128],""buffer"":[500,500,1000,5000],""eps_decay"":[0.9998978820071085,0.9981724552678976,0.9995133542489564,0.9993912551998653],""eps_min"":[0.1,0.15,0.08,0.15],""lr"":[0.0019828734371988457,0.003859980845599083,0.001920327500569755,0.001084909746644044],""optimizer"":[""adamw"",""adam"",""adamw"",""adam""],""replay_steps"":[4,1,1,4],""weight_decay"":[0.0001,1e-06,1e-05,1e-06]}"
362,cfg_d2fe72f5a6c65ac5,"{""batch"":[64,32,32,32],""buffer"":[1000,500,10000,2000],""eps_decay"":[0.9847736592022426,0.9881374062075718,0.9953771484697096,0.9944809370476699],""eps_min"":[0.1,0.1,0.01,0.01],""lr"":[0.0011955581239712024,0.0003385182457568487,0.001543878406938315,0.00010446329930273622],""optimizer"":[""adam"",""adam"",""adamw"",""adamw""],""replay_steps"":[2,1,4,1],""weight_decay"":[1e-05,1e-05,0.0001,0.0001]}"
363,cfg_aa0dec7815905881,"{""batch"":[64,64,64,32],""buffer"":[500,2000,500,2000],""eps_decay"":[0.9997831062741135,0.9978848010692183,0.9989535129655821,0.9976612170848279],""eps_min"":[0.05,0.05,0.08,0.01],""lr"":[0.00017198462874083747,0.0004364355599133282,0.000469862704646399,0.0016041519303014058],""optimizer"":[""adamw"",""adamw"",""adamw"",""adamw""],""replay_steps"":[2,8,4,1],""weight_decay"":[0.001,1e-05,1e-05,0.0001]}"
364,cfg_c58e1d9dd6678e9b,"{""batch"":[16,64,16,16],""buffer"":[1000,2000,5000,2000],""eps_decay"":[0.9863948833385909,0.9998417268503452,0.9994609721490637,0.9878310738525364],""eps_min"":[0.01,0.01,0.08,0.2],""lr"":[0.0010940028303032892,0.0016430576935449763,0.0023780123611729996,0.0003819518944105795],""optimizer"":[""adam"",""adamw"",""adam"",""adamw""],""replay_steps"":[8,1,1,1],""weight_decay"":[1e-06,0.0001,1e-05,1e-06]}"
365,cfg_2f4fd1aee2b94fc5,"{""batch"":[64,64,64,32],""buffer"":[2000,1000,500,5000],""eps_decay"":[0.9994108467112223,0.9993022195652285,0.9998765229648234,0.9948323274421902],""eps_min"":[0.1,0.15,0.08,0.01],""lr"":[0.002439756487854679,0.003715000334712745,0.0021005652569133864,0.0005187613553760127],""optimizer"":[""adamw"",""adam"",""adamw"",""adamw""],""replay_steps"":[2,4,8,4],""weight_decay"":[0.001,0.0001,1e-05,0.001]}"
366,cfg_2dc3ab118545dc86,"{""batch"":[64,16,16,128],""buffer"":[5000,10000,1000,1000],""eps_decay"":[0.9980542732498154,0.9976636749047691,0.99981598529702,0.9997617603633927],""eps_min"":[0.15,0.05,0.01,0.1],""lr"":[0.0001155481597306953,0.00018027095048708282,0.0014054489522835618,0.000502495963232158],""optimizer"":[""adam"",""adam"",""adam"",""adam""],""replay_steps"":[2,1,1,1],""weight_decay"":[0.001,1e-06,1e-05,1e-05]}"
367,cfg_1f4a0810ce28c0c9,"{""batch"":[32,64,128,16],""buffer"":[2000,5000,10000,2000],""eps_decay"":[0.9887066508591054,0.9997742024304477,0.9994481149600183,0.9956089801732413],""eps_min"":[0.05,0.15,0.15,0.03],""lr"":[0.0014583930072877044,0.0001362710859460308,0.0011390548226360472,0.001568484013465978],""optimizer"":[""adamw"",""adamw"",""adam"",""adamw""],""replay_steps"":[4,1,8,2],""weight_decay"":[0.0001,0.001,1e-05,1e-06]}"
368,cfg_60009e9d052df4c1,"{""batch"":[64,16,128,64],""buffer"":[5000,2000,5000,2000],""eps_decay"":[0.9983847809678187,0.9992363884071108,0.999775569843508,0.9986813799829155],""eps_min"":[0.1,0.08,0.1,0.08],""lr"":[0.00025872566992712003,0.0002434669170426453,0.00014384323279984147,0.002926063870044592],""optimizer"":[""adam"",""adam"",""adamw"",""adamw""],""replay_steps"":[1,4,8,2],""weight_decay"":[1e-05,0.001,0.0001,1e-05]}"
369,cfg_ac7888240368ad6b,"{""batch"":[16,32,32,16],""buffer"":[500,5000,2000,10000],""eps_decay"":[0.9998738702719183,0.9804722003861548,0.9961843701106442,0.995147778621481],""eps_min"":[0.15,0.03,0.1,0.1],""lr"":[0.000306500193022997,0.0030797032303705903,0.000991235032291853,0.0007671715824587188],""optimizer"":[""adamw"",""adam"",""adamw"",""adamw""],""replay_steps"":[4,8,4,4],""weight_decay"":[0.0001,1e-06,0.0001,0.0001]}"
370,cfg_142c93bed066821e,"{""batch"":[32,128,64,64],""buffer"":[1000,2000,2000,1000],""eps_decay"":[0.9916517229532574,0.9973911985853172,0.9950207694801053,0.9986435066496112],""eps_min"":[0.1,0.2,0.08,0.1],""lr"":[0.00022457351783725535,0.004383888172995548,0.00038066954988144196,0.00011952801045817835],""optimizer"":[""adamw"",""adam"",""adamw"",""adam""],""replay_steps"":[8,4,2,4],""weight_decay"":[1e-06,1e-06,1e-05,1e-05]}"
371,cfg_66a25f70c4ee0abb,"{""batch"":[16,64,32,128],""buffer"":[10000,5000,10000,5000],""eps_decay"":[0.9961437266784333,0.9998836704416432,0.9998351424332206,0.9997895875957149],""eps_min"":[0.15,0.08,0.2,0.15],""lr"":[0.0015850048418789339,0.0012845419915187067,0.0028703769502026293,0.0038533551483410193],""optimizer"":[""adam"",""adamw"",""adamw"",""adamw""],""replay_steps"":[8,1,2,8],""weight_decay"":[1e-05,1e-05,0.001,0.001]}"
372,cfg_052b223d9f1c99f9,"{""batch"":[128,32,128,32],""buffer"":[5000,10000,1000,5000],""eps_decay"":[0.9930846045880878,0.9952550556872863,0.9997755382919845,0.9996702949885994],""eps_min"":[0.03,0.15,0.01,0.05],""lr"":[0.0001641458609753246,0.00023672599996354366,0.00011422651267483978,0.00037626007972244995],""optimizer"":[""adam"",""adamw"",""adam"",""adam""],""replay_steps"":[4,8,8,1],""weight_decay"":[0.0001,0.0001,0.001,0.001]}"
373,cfg_b93212bbd5aa8dbd,"{""batch"":[32,128,128,128],""buffer"":[1000,10000,10000,1000],""eps_decay"":[0.9981024849146506,0.9997314296048653,0.9998876814066625,0.9870884869130351],""eps_min"":[0.08,0.05,0.08,0.08],""lr"":[0.0002385578104611948,0.0006638290335389262,0.0002899437399775418,0.00023111802295786577],""optimizer"":[""adam"",""adam"",""adam"",""adamw""],""replay_steps"":[1,2,2,4],""weight_decay"":[1e-06,0.001,1e-05,0.0001]}"
374,cfg_f7e6c886d4d35afc,"{""batch"":[32,64,64,64],""buffer"":[2000,1000,10000,10000],""eps_decay"":[0.9994888678297603,0.9946964978244178,0.9998823420085056,0.9997574580032313],""eps_min"":[0.2,0.05,0.03,0.15],""lr"":[0.003275705186555102,0.0006699912038211014,0.0021791277459250837,0.0032617700350551808],""optimizer"":[""adam"",""adamw"",""adam"",""adam""],""replay_steps"":[4,2,4,2],""weight_decay"":[1e-05,1e-06,0.0001,0.001]}"
375,cfg_7707c111d65b1aa2,"{""batch"":[16,128,128,32],""buffer"":[10000,2000,2000,2000],""eps_decay"":[0.9885077290843142,0.999715844408465,0.9928282176881226,0.9998440966851871],""eps_min"":[0.2,0.15,0.08,0.2],""lr"":[0.0006306077683753827,0.0011217625698224448,0.00014484232520721804,0.00043607493716732194],""optimizer"":[""adamw"",""adamw"",""adam"",""adamw""],""replay_steps"":[8,1,4,8],""weight_decay"":[1e-06,0.001,0.001,1e-06]}"
376,cfg_2bcae1d2592ae399,"{""batch"":[128,16,32,16],""buffer"":[5000,10000,2000,1000],""eps_decay"":[0.9878731489553553,0.9998835505192494,0.9898850454641108,0.9998429674616013],""eps_min"":[0.15,0.2,0.03,0.03],""lr"":[0.0028397610644816367,0.00031528382079889437,0.000821044192191727,0.0024151628564153143],""optimizer"":[""adam"",""adam"",""adam"",""adamw""],""replay_steps"":[2,1,4,2],""weight_decay"":[1e-06,1e-06,1e-06,0.001]}"
377,cfg_962541fac6ac2d0a,"{""batch"":[32,64,32,32],""buffer"":[10000,5000,5000,1000],""eps_decay"":[0.9990240002589168,0.9998768138212926,0.9982605989963952,0.9855291230180434],""eps_min"":[0.08,0.08,0.1,0.03],""lr"":[0.0004915502671750239,0.00041135575954567117,0.0011158205671307408,0.00016184972228721202],""optimizer"":[""adamw"",""adamw"",""adamw"",""adam""],""replay_steps"":[1,1,4,1],""weight_decay"":[0.0001,0.0001,0.001,1e-06]}"
378,cfg_f602103aa6ea6bd0,"{""batch"":[16,16,64,16],""buffer"":[1000,10000,500,500],""eps_decay"":[0.9982527076390396,0.9993498394135903,0.9998663714270135,0.9896115205281958],""eps_min"":[0.15,0.1,0.03,0.15],""lr"":[0.0002343991167068929,0.0045923404051711105,0.000844508261470744,0.0001282450618668729],""optimizer"":[""adam"",""adamw"",""adamw"",""adam""],""replay_steps"":[8,4,8,4],""weight_decay"":[0.0001,0.0001,0.001,0.001]}"
379,cfg_6d77e76da28985a8,"{""batch"":[32,32,16,64],""buffer"":[10000,1000,500,500],""eps_decay"":[0.9996385373561615,0.999020175892742,0.9964276252935922,0.9916908404713144],""eps_min"":[0.01,0.01,0.1,0.2],""lr"":[0.00011628894000770175,0.003981061244378917,0.0018306635088051965,0.0018137736856471724],""optimizer"":[""adamw"",""adam"",""adam"",""adamw""],""replay_steps"":[8,2,4,2],""weight_decay"":[0.001,1e-05,1e-05,0.0001]}"
380,cfg_37af638b2de563ec,"{""batch"":[128,16,128,128],""buffer"":[500,1000,2000,5000],""eps_decay"":[0.9997683253218356,0.9958698706789529,0.9989403723841983,0.9998168751731319],""eps_min"":[0.15,0.15,0.1,0.01],""lr"":[0.004699464391907646,0.0007921238645575021,0.001256936361376322,0.00016508191524623015],""optimizer"":[""adam"",""adamw"",""adamw"",""adam""],""replay_steps"":[2,2,4,8],""weight_decay"":[1e-05,0.001,1e-06,0.0001]}"
381,cfg_99894896d286a351,"{""batch"":[16,128,32,32],""buffer"":[10000,1000,5000,5000],""eps_decay"":[0.9998493742253851,0.9992885984367892,0.9982887471137508,0.9990802143168801],""eps_min"":[0.05,0.03,0.1,0.2],""lr"":[0.004014693859403152,0.0022774540437287653,0.0008839909006718856,0.00012660548572860421],""optimizer"":[""adam"",""adamw"",""adam"",""adamw""],""replay_steps"":[4,2,2,2],""weight_decay"":[1e-06,1e-06,0.001,0.001]}"
382,cfg_20622eae7b0895bc,"{""batch"":[64,16,64,128],""buffer"":[5000,2000,5000,500],""eps_decay"":[0.9991912096882163,0.9991007343140361,0.9998355873803882,0.9961428043251076],""eps_min"":[0.03,0.05,0.05,0.15],""lr"":[0.0014611929723212847,0.0004100193883129896,0.00032153617196687193,0.00017296868644175794],""optimizer"":[""adamw"",""adam"",""adamw"",""adam""],""replay_steps"":[8,8,4,1],""weight_decay"":[0.001,0.001,1e-05,1e-06]}"
383,cfg_d307c147bbc9f9f0,"{""batch"":[16,16,128,32],""buffer"":[5000,10000,5000,10000],""eps_decay"":[0.9899330227029387,0.9988207717867695,0.9998706896985355,0.9849711551488444],""eps_min"":[0.05,0.03,0.2,0.01],""lr"":[0.004929162786341804,0.0006230305885875296,0.0014428487451181,0.0016203991067036878],""optimizer"":[""adamw"",""adamw"",""adamw"",""adamw""],""replay_steps"":[1,4,4,1],""weight_decay"":[1e-05,1e-06,0.0001,1e-05]}"
384,cfg_ba66255a5b2adbb7,"{""batch"":[32,128,64,64],""buffer"":[10000,500,5000,2000],""eps_decay"":[0.9996542712432445,0.9845661215076822,0.9984149561820054,0.9971929272409897],""eps_min"":[0.03,0.2,0.2,0.05],""lr"":[0.0001677711775103653,0.00017484133812539155,0.00457619784904439,0.00014871657148240482],""optimizer"":[""adamw"",""adamw"",""adamw"",""adam""],""replay_steps"":[8,8,4,8],""weight_decay"":[0.001,0.0001,0.001,0.0001]}"
385,cfg_5bf23bbc20418ace,"{""batch"":[16,32,32,64],""buffer"":[2000,1000,5000,5000],""eps_decay"":[0.9998117550157746,0.9930872504548002,0.9932244515701364,0.9994560518394598],""eps_min"":[0.08,0.1,0.08,0.08],""lr"":[0.00021182379833641142,0.0009117208005994234,0.00036776564032092116,0.0002607962996575638],""optimizer"":[""adam"",""adamw"",""adamw"",""adam""],""replay_steps"":[4,4,2,4],""weight_decay"":[0.0001,0.001,0.001,1e-05]}"
386,cfg_578ba8a6b322b692,"{""batch"":[32,16,64,64],""buffer"":[500,1000,5000,500],""eps_decay"":[0.9994968914273348,0.9979398179017863,0.982132642023957,0.996990557851085],""eps_min"":[0.1,0.1,0.05,0.15],""lr"":[0.0006837672673884096,0.0012001241166597549,0.000275695023159344,0.0032378345930954558],""optimizer"":[""adam"",""adam"",""adamw"",""adamw""],""replay_steps"":[8,4,8,1],""weight_decay"":[1e-05,1e-05,1e-05,0.0001]}"
387,cfg_ab94fd830f5143a7,"{""batch"":[128,64,64,64],""buffer"":[2000,2000,10000,10000],""eps_decay"":[0.9998820078034082,0.999734782981145,0.9967255796034008,0.9896890541358419],""eps_min"":[0.03,0.2,0.08,0.15],""lr"":[0.0001013704918166431,0.0002518296695674453,0.0001552863448481887,0.0015376960512566852],""optimizer"":[""adam"",""adamw"",""adam"",""adamw""],""replay_steps"":[1,4,1,8],""weight_decay"":[0.0001,1e-05,1e-06,0.001]}"
388,cfg_b3db4e47afcb5863,"{""batch"":[64,128,32,128],""buffer"":[2000,1000,5000,500],""eps_decay"":[0.9998297572568005,0.9985740790723082,0.9973286165775231,0.9930295134262199],""eps_min"":[0.15,0.15,0.08,0.01],""lr"":[0.0021058597761779234,0.00024457090766994127,0.0013688901996126762,0.0021203728866263497],""optimizer"":[""adam"",""adamw"",""adamw"",""adam""],""replay_steps"":[2,4,8,2],""weight_decay"":[0.0001,0.0001,1e-06,0.0001]}"
389,cfg_f675f42807b1d639,"{""batch"":[16,128,64,16],""buffer"":[2000,1000,500,2000],""eps_decay"":[0.9867310194158861,0.9844229647578642,0.9998130761030647,0.9977109035801526],""eps_min"":[0.03,0.01,0.2,0.01],""lr"":[0.0006527179544762369,0.00191532061751298,0.001095252633461669,0.000320916743550513],""optimizer"":[""adamw"",""adamw"",""adam"",""adam""],""replay_steps"":[2,4,8,8],""weight_decay"":[0.001,0.001,0.001,1e-05]}"
390,cfg_5431f6e8bfb15bb3,"{""batch"":[128,32,64,128],""buffer"":[500,10000,10000,2000],""eps_decay"":[0.9977960517562455,0.9998405320025402,0.9997349845798754,0.999811889323069],""eps_min"":[0.01,0.2,0.15,0.08],""lr"":[0.001584176806408662,0.002782246544471775,0.0002532007954169115,0.002480194711556762],""optimizer"":[""adamw"",""adam"",""adamw"",""adam""],""replay_steps"":[4,1,1,8],""weight_decay"":[0.0001,1e-05,0.0001,0.0001]}"
391,cfg_80805883a94d414b,"{""batch"":[32,32,64,32],""buffer"":[10000,10000,1000,1000],""eps_decay"":[0.999762630208725,0.9856178406336927,0.9995232902849913,0.9998448837092062],""eps_min"":[0.2,0.1,0.08,0.08],""lr"":[0.0012909257180668072,0.0007469852059866011,0.003809415893826935,0.00010699280873112278],""optimizer"":[""adamw"",""adam"",""adam"",""adam""],""replay_steps"":[8,2,1,4],""weight_decay"":[0.0001,0.0001,0.001,1e-05]}"
392,cfg_9b026e466468bb9f,"{""batch"":[32,128,16,64],""buffer"":[5000,2000,1000,1000],""eps_decay"":[0.9947620669744711,0.9973193564330761,0.9991069996469987,0.9868260821859438],""eps_min"":[0.2,0.15,0.1,0.1],""lr"":[0.0036860169243717105,0.00013574059192880707,0.0012920843894118246,0.0001184092325993913],""optimizer"":[""adamw"",""adam"",""adamw"",""adamw""],""replay_steps"":[8,8,2,8],""weight_decay"":[1e-05,1e-06,0.0001,0.0001]}"
393,cfg_efdb3f9a24e64868,"{""batch"":[32,64,16,64],""buffer"":[2000,5000,500,1000],""eps_decay"":[0.9986798553360967,0.991124838779746,0.9998654112572811,0.9949025913500347],""eps_min"":[0.1,0.01,0.08,0.05],""lr"":[0.00012329167150136125,0.00022083191657295084,0.0002581383438514063,0.0014307825598937108],""optimizer"":[""adam"",""adamw"",""adam"",""adam""],""replay_steps"":[4,1,2,1],""weight_decay"":[1e-06,0.0001,0.0001,0.0001]}"
394,cfg_1abea48147cfed32,"{""batch"":[32,16,32,64],""buffer"":[1000,1000,5000,5000],""eps_decay"":[0.9904845888027436,0.9980938403506044,0.9995299649265433,0.9898076392501918],""eps_min"":[0.01,0.05,0.2,0.05],""lr"":[0.0005159086531074227,0.003130788759822311,0.0037748430789560725,0.0012873992697921277],""optimizer"":[""adamw"",""adam"",""adam"",""adamw""],""replay_steps"":[2,2,4,8],""weight_decay"":[0.001,1e-05,0.0001,1e-05]}"
395,cfg_efd5bca888731424,"{""batch"":[128,16,64,64],""buffer"":[1000,2000,10000,5000],""eps_decay"":[0.9995050216646609,0.9858519208826033,0.9926460083084777,0.998779631729797],""eps_min"":[0.03,0.1,0.08,0.2],""lr"":[0.00011301438643119287,0.0002289231649457504,0.00031776401067599096,0.0015613359635912789],""optimizer"":[""adam"",""adamw"",""adamw"",""adamw""],""replay_steps"":[8,1,2,8],""weight_decay"":[1e-06,1e-05,0.001,0.0001]}"
396,cfg_0a5a23f4890f3fdb,"{""batch"":[16,32,64,64],""buffer"":[500,1000,10000,500],""eps_decay"":[0.9993417746106792,0.9952674065597145,0.9903059298381784,0.9994975519536607],""eps_min"":[0.01,0.05,0.08,0.08],""lr"":[0.0014473121283651604,0.00013885746106963008,0.0028442209728468215,0.00036554265440836035],""optimizer"":[""adam"",""adamw"",""adamw"",""adamw""],""replay_steps"":[8,4,8,1],""weight_decay"":[1e-05,0.001,0.001,0.0001]}"
397,cfg_31e36cb9177da458,"{""batch"":[128,64,128,128],""buffer"":[1000,1000,5000,500],""eps_decay"":[0.9935841188700489,0.9981036126203447,0.9990285996623842,0.9994196326016832],""eps_min"":[0.2,0.08,0.08,0.03],""lr"":[0.0002278809681007778,0.00024931052609841243,0.0014159051570227191,0.00047382951236442345],""optimizer"":[""adam"",""adam"",""adam"",""adam""],""replay_steps"":[8,4,4,8],""weight_decay"":[0.001,1e-05,0.0001,1e-06]}"
398,cfg_33a5224509d02467,"{""batch"":[32,32,128,64],""buffer"":[1000,5000,2000,1000],""eps_decay"":[0.9997885782613815,0.9962363106589162,0.99850896703051,0.9996300093151793],""eps_min"":[0.01,0.01,0.2,0.03],""lr"":[0.0007001009153271311,0.00029627321827928663,0.0027658435613070985,0.002569121202032597],""optimizer"":[""adam"",""adam"",""adamw"",""adam""],""replay_steps"":[1,1,4,4],""weight_decay"":[1e-05,0.001,0.0001,0.0001]}"
399,cfg_78ed0d16f787eb58,"{""batch"":[128,64,64,128],""buffer"":[2000,500,5000,5000],""eps_decay"":[0.9979522854050623,0.9995076814976658,0.9988593622896369,0.9998807924213902],""eps_min"":[0.15,0.05,0.15,0.15],""lr"":[0.00031174493905038067,0.0001674896834488992,0.00045416399267254187,0.0031589754306642335],""optimizer"":[""adamw"",""adam"",""adamw"",""adam""],""replay_steps"":[4,8,8,8],""weight_decay"":[1e-06,1e-05,0.001,0.001]}"
400,cfg_19ebbafa54fec1f2,"{""batch"":[64,16,32,16],""buffer"":[500,1000,2000,2000],""eps_decay"":[0.9998353857891673,0.9989500610371281,0.9997143810174558,0.9990711822411378],""eps_min"":[0.15,0.05,0.03,0.03],""lr"":[0.0013436348336973,0.0027403591987680107,0.0017862406862599366,0.00014384141423270087],""optimizer"":[""adamw"",""adamw"",""adam"",""adam""],""replay_steps"":[4,2,2,1],""weight_decay"":[1e-06,0.001,0.0001,0.001]}"
401,cfg_47f722d241187282,"{""batch"":[64,16,64,128],""buffer"":[1000,2000,2000,5000],""eps_decay"":[0.9996085127529216,0.9972205111890655,0.9996999012825765,0.996753569024128],""eps_min"":[0.1,0.05,0.08,0.03],""lr"":[0.002227876434187613,0.00027350458480344156,0.0001271272666047097,0.0044551969835015595],""optimizer"":[""adamw"",""adam"",""adam"",""adam""],""replay_steps"":[2,4,4,4],""weight_decay"":[0.0001,1e-06,0.0001,1e-05]}"
402,cfg_4373161a5eeea7bb,"{""batch"":[32,32,32,128],""buffer"":[10000,1000,2000,10000],""eps_decay"":[0.9863285553025448,0.9997245882607375,0.9997089505048101,0.9918085297036486],""eps_min"":[0.15,0.01,0.05,0.15],""lr"":[0.0002809226959165728,0.0001285241261639682,0.002328842766861925,0.002288951207864439],""optimizer"":[""adamw"",""adamw"",""adam"",""adam""],""replay_steps"":[4,4,4,8],""weight_decay"":[0.001,1e-06,0.0001,1e-05]}"
403,cfg_8d7fd939476ec97f,"{""batch"":[64,32,64,64],""buffer"":[2000,5000,500,2000],""eps_decay"":[0.9862235091122061,0.9963324675736905,0.9998413173984065,0.9848958095723163],""eps_min"":[0.05,0.01,0.15,0.01],""lr"":[0.002120800327602092,0.00013796902371831932,0.0008921327122265026,0.004354084582763693],""optimizer"":[""adam"",""adamw"",""adam"",""adam""],""replay_steps"":[1,8,4,8],""weight_decay"":[1e-05,0.001,0.001,0.001]}"
404,cfg_4000acc1362de775,"{""batch"":[128,16,128,16],""buffer"":[2000,2000,1000,10000],""eps_decay"":[0.9995587167770176,0.9859278425328684,0.9963077342716599,0.9939694314690684],""eps_min"":[0.08,0.05,0.01,0.2],""lr"":[0.0006055011079636581,0.0013235245999600827,0.001622542340906258,0.0019339049134037892],""optimizer"":[""adamw"",""adam"",""adam"",""adam""],""replay_steps"":[2,8,4,1],""weight_decay"":[1e-06,0.001,0.001,0.0001]}"
405,cfg_c395cf30bd90a2dd,"{""batch"":[128,16,16,128],""buffer"":[1000,500,500,1000],""eps_decay"":[0.9992726292441567,0.999711965012609,0.9883980388589948,0.9972544077852081],""eps_min"":[0.15,0.03,0.08,0.1],""lr"":[0.003460825742993826,0.0001072871435115247,0.00043875225240493716,0.001337234806848962],""optimizer"":[""adam"",""adamw"",""adamw"",""adamw""],""replay_steps"":[2,8,8,8],""weight_decay"":[1e-05,0.0001,0.0001,0.0001]}"
406,cfg_7682f208ee33db44,"{""batch"":[32,32,64,128],""buffer"":[10000,5000,5000,5000],""eps_decay"":[0.9998710409748424,0.9988601641510771,0.9981852316490103,0.9997636324005785],""eps_min"":[0.05,0.15,0.2,0.05],""lr"":[0.0036364982084696037,0.0026525926672007214,0.0031472025317494023,0.0038165878267507657],""optimizer"":[""adamw"",""adamw"",""adamw"",""adam""],""replay_steps"":[8,2,2,8],""weight_decay"":[1e-05,1e-05,1e-06,1e-05]}"
407,cfg_55729bc945fc9a4f,"{""batch"":[64,16,16,128],""buffer"":[500,1000,500,500],""eps_decay"":[0.9985525084647967,0.9930609918467455,0.9955510882427888,0.9910841085548443],""eps_min"":[0.08,0.2,0.1,0.05],""lr"":[0.002147806797273268,0.0012388703399879174,0.0005357058292520948,0.00011184553540856317],""optimizer"":[""adamw"",""adamw"",""adamw"",""adam""],""replay_steps"":[8,4,2,8],""weight_decay"":[0.0001,0.0001,1e-06,1e-05]}"
408,cfg_83152b7b5e43d041,"{""batch"":[128,32,32,64],""buffer"":[1000,10000,10000,2000],""eps_decay"":[0.9987715106685982,0.9889388852648827,0.9888917140446335,0.9987328940593563],""eps_min"":[0.15,0.08,0.2,0.1],""lr"":[0.0031330667705097804,0.0003367131255437928,0.0002096529925447585,0.0007473659983334118],""optimizer"":[""adam"",""adamw"",""adamw"",""adamw""],""replay_steps"":[8,4,2,1],""weight_decay"":[1e-05,0.0001,1e-05,0.0001]}"
409,cfg_403691f0cc03b341,"{""batch"":[32,64,16,16],""buffer"":[5000,2000,2000,1000],""eps_decay"":[0.9992547266993905,0.9932147736589564,0.9992376016565525,0.9989929660859695],""eps_min"":[0.01,0.15,0.03,0.15],""lr"":[0.00012897241996946888,0.0004796150141674094,0.00021544700931493946,0.0007713671971611764],""optimizer"":[""adamw"",""adam"",""adam"",""adamw""],""replay_steps"":[1,8,8,8],""weight_decay"":[0.001,1e-05,0.001,0.001]}"
410,cfg_22f9c8d37c89b6ed,"{""batch"":[32,16,64,32],""buffer"":[10000,5000,500,2000],""eps_decay"":[0.9918254961031432,0.9832382870074048,0.9972999447623911,0.9941348218787672],""eps_min"":[0.01,0.2,0.08,0.08],""lr"":[0.00020883689988533934,0.002606280599555604,0.0024871068764134386,0.0010202216497693494],""optimizer"":[""adam"",""adam"",""adamw"",""adamw""],""replay_steps"":[1,2,2,2],""weight_decay"":[1e-06,0.0001,0.001,0.001]}"
411,cfg_d84d654f9b4d8b1e,"{""batch"":[128,64,16,32],""buffer"":[2000,10000,10000,10000],""eps_decay"":[0.9957968785657626,0.9998253876859392,0.9998935829134017,0.9991690181149482],""eps_min"":[0.03,0.05,0.05,0.01],""lr"":[0.00028475449273916237,0.0011747610580235043,0.0038324606480126993,0.00010846904449040067],""optimizer"":[""adamw"",""adam"",""adamw"",""adamw""],""replay_steps"":[8,4,8,2],""weight_decay"":[0.0001,0.001,1e-06,1e-06]}"
412,cfg_7839f3f74747f6c5,"{""batch"":[16,128,128,64],""buffer"":[10000,10000,5000,1000],""eps_decay"":[0.9997517697486654,0.9961191297458388,0.9998872000798037,0.9996317347868396],""eps_min"":[0.05,0.05,0.03,0.01],""lr"":[0.0005772277391045389,0.002970606647791018,0.0017431135638246694,0.0001847992134345768],""optimizer"":[""adam"",""adam"",""adamw"",""adam""],""replay_steps"":[1,4,8,2],""weight_decay"":[0.001,1e-05,0.0001,0.001]}"
413,cfg_716b71b10419dfbf,"{""batch"":[32,16,64,16],""buffer"":[10000,5000,5000,2000],""eps_decay"":[0.9996117146957351,0.995297490909305,0.9937006427730827,0.9996654752514222],""eps_min"":[0.05,0.03,0.01,0.2],""lr"":[0.0003213413435504185,0.0038808739390776793,0.0010647102714297077,0.0004580079475918591],""optimizer"":[""adamw"",""adam"",""adam"",""adamw""],""replay_steps"":[1,4,8,4],""weight_decay"":[0.0001,0.0001,0.0001,1e-06]}"
414,cfg_79d2f9e4561f4ebc,"{""batch"":[128,128,16,128],""buffer"":[500,2000,500,2000],""eps_decay"":[0.9997892291094836,0.9939169338319264,0.9861782134829523,0.9825052234370883],""eps_min"":[0.1,0.1,0.15,0.05],""lr"":[0.0035049878161168674,0.00020665759120740216,0.00199457043965638,0.00013695004338237793],""optimizer"":[""adam"",""adamw"",""adam"",""adam""],""replay_steps"":[2,2,2,8],""weight_decay"":[1e-05,1e-05,0.0001,1e-05]}"
415,cfg_7a2c54e0be05dd8c,"{""batch"":[128,64,16,64],""buffer"":[10000,2000,10000,10000],""eps_decay"":[0.9938783699949372,0.9978713152589015,0.9993050790745112,0.9977013844901451],""eps_min"":[0.15,0.1,0.03,0.1],""lr"":[0.0017269487431261074,0.0001482140723459646,0.0029836782394153287,0.00016654759395952375],""optimizer"":[""adam"",""adamw"",""adamw"",""adam""],""replay_steps"":[2,2,1,2],""weight_decay"":[1e-06,0.001,1e-05,0.0001]}"
416,cfg_6e16089cc936eba9,"{""batch"":[16,32,64,64],""buffer"":[500,10000,2000,1000],""eps_decay"":[0.9978867935991395,0.9997752692531908,0.9974090369443785,0.9800560294940965],""eps_min"":[0.03,0.1,0.03,0.08],""lr"":[0.0015214528029847737,0.0014372390271167018,0.00010089841647818864,0.00029445880257789926],""optimizer"":[""adamw"",""adam"",""adam"",""adam""],""replay_steps"":[8,2,2,1],""weight_decay"":[0.001,1e-06,1e-06,1e-05]}"
417,cfg_54fb0b3d9d3207ce,"{""batch"":[16,16,32,16],""buffer"":[2000,1000,500,5000],""eps_decay"":[0.99467031014944,0.9987609314319271,0.9998068471727402,0.99914528714406],""eps_min"":[0.05,0.01,0.01,0.05],""lr"":[0.00010235244465479021,0.00040646694810816096,0.0006646176815365151,0.002422860316311113],""optimizer"":[""adam"",""adamw"",""adamw"",""adamw""],""replay_steps"":[4,2,8,2],""weight_decay"":[0.0001,1e-05,1e-06,0.0001]}"
418,cfg_a7aafae0b7bcc4b4,"{""batch"":[128,16,32,64],""buffer"":[5000,10000,1000,2000],""eps_decay"":[0.9959766967217021,0.9972041942483979,0.9864125447097791,0.9929732560054967],""eps_min"":[0.2,0.2,0.01,0.08],""lr"":[0.0001334131875114267,0.00011136654376861398,0.00032579213812214956,0.00019515800044939773],""optimizer"":[""adamw"",""adamw"",""adam"",""adamw""],""replay_steps"":[8,4,8,2],""weight_decay"":[1e-06,1e-05,1e-06,0.0001]}"
419,cfg_f3af0dc3c60c064c,"{""batch"":[128,16,128,32],""buffer"":[500,500,500,10000],""eps_decay"":[0.9967971384214471,0.9989018192175607,0.9995444499969489,0.9993960841653927],""eps_min"":[0.2,0.08,0.08,0.05],""lr"":[0.002836026412771712,0.0005840779514352153,0.003626406346903119,0.00045510251077007465],""optimizer"":[""adam"",""adam"",""adamw"",""adamw""],""replay_steps"":[1,2,1,2],""weight_decay"":[1e-05,1e-06,0.001,0.0001]}"
420,cfg_f4fa43373166a0e7,"{""batch"":[16,32,128,32],""buffer"":[5000,5000,1000,10000],""eps_decay"":[0.999265269346723,0.999738134358919,0.9998786992732299,0.9899397078443204],""eps_min"":[0.2,0.15,0.15,0.01],""lr"":[0.004038111548594483,0.00010024265428470742,0.0021982040908224564,0.00011105588440252836],""optimizer"":[""adamw"",""adamw"",""adam"",""adamw""],""replay_steps"":[2,4,2,8],""weight_decay"":[0.0001,0.0001,1e-05,1e-05]}"
421,cfg_989d6c3c9b71559a,"{""batch"":[128,128,64,128],""buffer"":[5000,1000,2000,2000],""eps_decay"":[0.9982734755414076,0.9997069522696377,0.9848147489992964,0.990561334940084],""eps_min"":[0.03,0.05,0.08,0.01],""lr"":[0.0026538492453563713,0.000996558316810099,0.00034082038007906233,0.0013338522039784476],""optimizer"":[""adamw"",""adamw"",""adam"",""adam""],""replay_steps"":[1,4,2,4],""weight_decay"":[0.001,1e-05,1e-06,0.0001]}"
422,cfg_0ce431f88020a9af,"{""batch"":[16,64,64,32],""buffer"":[10000,5000,500,1000],""eps_decay"":[0.9984589784292022,0.9994277505690518,0.9945284624124764,0.9933584362301667],""eps_min"":[0.01,0.08,0.03,0.05],""lr"":[0.0032705307230202116,0.0043406586306974386,0.004160824916751902,0.0015147731332704852],""optimizer"":[""adamw"",""adamw"",""adam"",""adam""],""replay_steps"":[4,2,2,1],""weight_decay"":[1e-06,1e-06,0.0001,0.001]}"
423,cfg_3ac6f2ea11f16396,"{""batch"":[16,32,32,16],""buffer"":[5000,5000,5000,1000],""eps_decay"":[0.9981600095019194,0.9919525083285234,0.9997277200075954,0.9967165173106006],""eps_min"":[0.2,0.2,0.2,0.05],""lr"":[0.00048828122983075867,0.002048189647423276,0.00024267703984891256,0.004735043023511758],""optimizer"":[""adam"",""adamw"",""adamw"",""adam""],""replay_steps"":[1,2,2,8],""weight_decay"":[0.001,1e-05,1e-06,0.001]}"
424,cfg_b1f1d85435e51d41,"{""batch"":[32,128,16,16],""buffer"":[1000,10000,5000,5000],""eps_decay"":[0.9997609314817605,0.9997885879412911,0.9898182519167341,0.9997487276452354],""eps_min"":[0.15,0.1,0.08,0.01],""lr"":[0.0002590453381267352,0.0003736803848862898,0.0008004435401720222,0.0014752753245275351],""optimizer"":[""adamw"",""adamw"",""adam"",""adam""],""replay_steps"":[8,1,2,1],""weight_decay"":[0.001,0.0001,1e-05,0.0001]}"
425,cfg_07c198477f07049d,"{""batch"":[32,32,32,16],""buffer"":[1000,500,10000,500],""eps_decay"":[0.9996700826136344,0.9998045055553706,0.9998925296385253,0.9996996879322606],""eps_min"":[0.08,0.01,0.05,0.08],""lr"":[0.0010874095370062944,0.0001907200231515595,0.0023235734819676552,0.0003674789528046826],""optimizer"":[""adam"",""adam"",""adam"",""adamw""],""replay_steps"":[4,8,2,8],""weight_decay"":[1e-05,1e-06,0.001,1e-05]}"
426,cfg_5359d8fd439b8229,"{""batch"":[128,32,16,64],""buffer"":[2000,2000,10000,1000],""eps_decay"":[0.9949415496093003,0.9997091188626014,0.9949581574974201,0.9995969008384299],""eps_min"":[0.15,0.1,0.08,0.15],""lr"":[0.0010816049164881192,0.0005760088323189842,0.0008266341377335063,0.00048188481803008017],""optimizer"":[""adam"",""adam"",""adam"",""adam""],""replay_steps"":[4,8,8,2],""weight_decay"":[0.001,1e-06,1e-06,1e-06]}"
427,cfg_baf08688f98478fa,"{""batch"":[32,64,16,128],""buffer"":[5000,2000,500,10000],""eps_decay"":[0.9954263288069571,0.999726505895478,0.999282487030369,0.9925191033019535],""eps_min"":[0.2,0.01,0.15,0.05],""lr"":[0.0012383745517899737,0.00023026669171897783,0.0002645885608550913,0.0009461462234311902],""optimizer"":[""adam"",""adam"",""adamw"",""adam""],""replay_steps"":[2,8,8,8],""weight_decay"":[0.001,1e-06,1e-06,0.0001]}"
428,cfg_bd069f292481d9f7,"{""batch"":[16,16,16,128],""buffer"":[2000,10000,1000,1000],""eps_decay"":[0.9986017423842002,0.9973526832470908,0.9923442072563005,0.9982341926674632],""eps_min"":[0.03,0.05,0.03,0.08],""lr"":[0.0005043958096411661,0.00014563040561613644,0.00017748841481723753,0.00012792376096235414],""optimizer"":[""adam"",""adamw"",""adamw"",""adamw""],""replay_steps"":[2,2,8,2],""weight_decay"":[1e-05,1e-05,1e-05,1e-06]}"
429,cfg_26fe12b163b77754,"{""batch"":[128,16,16,64],""buffer"":[500,5000,10000,5000],""eps_decay"":[0.9983156815563274,0.9992937941941927,0.9998938459526943,0.9987715847692527],""eps_min"":[0.08,0.1,0.15,0.08],""lr"":[0.0009455094448651681,0.00014571489606880652,0.0004612949839718365,0.00016081819740971243],""optimizer"":[""adamw"",""adam"",""adam"",""adamw""],""replay_steps"":[8,4,2,2],""weight_decay"":[1e-06,1e-05,1e-05,0.001]}"
430,cfg_b5d4f602dcfc4ec1,"{""batch"":[64,64,32,32],""buffer"":[2000,500,1000,2000],""eps_decay"":[0.9998780567222564,0.9947188647935654,0.989790460174918,0.9998534890909654],""eps_min"":[0.05,0.1,0.15,0.08],""lr"":[0.0008455248722522003,0.00011293886002895969,0.00010120858520511944,0.0004574045512525502],""optimizer"":[""adam"",""adam"",""adam"",""adamw""],""replay_steps"":[4,1,8,2],""weight_decay"":[1e-06,0.0001,0.0001,1e-05]}"
431,cfg_420f609575aae989,"{""batch"":[128,16,128,32],""buffer"":[2000,5000,1000,500],""eps_decay"":[0.9965541172495225,0.9998728322959737,0.9998681132406518,0.999856601665549],""eps_min"":[0.03,0.1,0.15,0.15],""lr"":[0.00014873830513111467,0.0018905404340551562,0.0007405035034993723,0.0003832349557152638],""optimizer"":[""adamw"",""adam"",""adam"",""adamw""],""replay_steps"":[4,4,1,8],""weight_decay"":[1e-05,1e-05,0.001,1e-05]}"
432,cfg_6eecf67e58a9e683,"{""batch"":[64,16,128,16],""buffer"":[5000,5000,1000,2000],""eps_decay"":[0.9947630351741982,0.9997905955647282,0.9960435049893841,0.9992147209437222],""eps_min"":[0.15,0.15,0.01,0.08],""lr"":[0.0004402550115524374,0.0017991253924950043,0.0007170882096048821,0.0022279364331286087],""optimizer"":[""adamw"",""adam"",""adam"",""adamw""],""replay_steps"":[8,8,4,4],""weight_decay"":[1e-06,1e-05,1e-05,0.0001]}"
433,cfg_b301aa8bf49eaa28,"{""batch"":[128,32,32,64],""buffer"":[2000,10000,500,1000],""eps_decay"":[0.9968947719901846,0.9994033012531198,0.9992918896013969,0.999330259845353],""eps_min"":[0.1,0.2,0.03,0.03],""lr"":[0.000255697923623253,0.000271303511306942,0.0002147069707430721,0.00022290771280392239],""optimizer"":[""adamw"",""adamw"",""adam"",""adamw""],""replay_steps"":[8,8,4,8],""weight_decay"":[1e-06,0.0001,0.001,1e-05]}"
434,cfg_a794c4e98bd627ee,"{""batch"":[64,32,16,32],""buffer"":[10000,500,1000,2000],""eps_decay"":[0.9917833553082905,0.9936265987873405,0.9972890892521955,0.9898666017087158],""eps_min"":[0.03,0.2,0.08,0.05],""lr"":[0.000291053448727077,0.00017528774007762024,0.0004122726152826818,0.0015076478540263921],""optimizer"":[""adamw"",""adamw"",""adamw"",""adamw""],""replay_steps"":[4,2,8,1],""weight_decay"":[0.0001,0.001,0.001,1e-05]}"
435,cfg_60ec7b4ce99ce18c,"{""batch"":[64,64,64,64],""buffer"":[2000,10000,2000,10000],""eps_decay"":[0.9932500194015501,0.998075237424512,0.9815199885962204,0.9993197224662284],""eps_min"":[0.01,0.01,0.2,0.03],""lr"":[0.002836701124808479,0.0005974963156825631,0.00011661597236279992,0.0027311157567292336],""optimizer"":[""adam"",""adamw"",""adamw"",""adamw""],""replay_steps"":[1,1,8,2],""weight_decay"":[0.0001,1e-05,1e-05,0.0001]}"
436,cfg_82522bee0a0a23a1,"{""batch"":[32,16,64,64],""buffer"":[500,500,10000,2000],""eps_decay"":[0.9982579894714888,0.9905689373727175,0.9972370877100731,0.9980817385308681],""eps_min"":[0.15,0.01,0.08,0.01],""lr"":[0.0002755433197997157,0.0015431752527299049,0.00036721622717494657,0.000162520625952529],""optimizer"":[""adamw"",""adam"",""adamw"",""adam""],""replay_steps"":[2,8,1,4],""weight_decay"":[0.0001,0.0001,0.001,1e-05]}"
437,cfg_7c50aec036a554e9,"{""batch"":[16,128,16,64],""buffer"":[10000,1000,5000,2000],""eps_decay"":[0.9941344248811143,0.9987434321370279,0.9994934568459216,0.9983191278718423],""eps_min"":[0.15,0.2,0.01,0.08],""lr"":[0.0019992067700228167,0.0011721939979993914,0.0004972187304685299,0.002884915813638553],""optimizer"":[""adam"",""adamw"",""adamw"",""adam""],""replay_steps"":[1,2,2,8],""weight_decay"":[1e-06,0.0001,0.001,0.0001]}"
438,cfg_963d4130fd6e334c,"{""batch"":[32,128,64,16],""buffer"":[5000,5000,500,500],""eps_decay"":[0.9881795048589139,0.9976294945252661,0.9918928392203373,0.9919788484024581],""eps_min"":[0.08,0.03,0.08,0.15],""lr"":[0.0036994703978382587,0.0013822214015761674,0.0015049539681858065,0.0013516491888221787],""optimizer"":[""adam"",""adamw"",""adamw"",""adam""],""replay_steps"":[2,8,1,8],""weight_decay"":[1e-06,1e-06,1e-05,1e-06]}"
439,cfg_24f21260c9afcc93,"{""batch"":[128,64,16,64],""buffer"":[2000,500,10000,2000],""eps_decay"":[0.99988942400734,0.9957437649837468,0.9995318235669733,0.9951072246718857],""eps_min"":[0.1,0.05,0.2,0.05],""lr"":[0.0001502605753862818,0.00012166989636380756,0.0004035140220168227,0.0002441592474918566],""optimizer"":[""adam"",""adamw"",""adamw"",""adam""],""replay_steps"":[8,4,1,8],""weight_decay"":[0.0001,0.0001,0.0001,1e-05]}"
440,cfg_f5354d087cf5d6a7,"{""batch"":[64,32,128,128],""buffer"":[1000,2000,2000,5000],""eps_decay"":[0.9810301548109273,0.996576940481749,0.9998850007126159,0.999517870983339],""eps_min"":[0.1,0.08,0.2,0.05],""lr"":[0.00019534444774667743,0.0019613636325241514,0.00023792724161291178,0.0001587757569922133],""optimizer"":[""adam"",""adam"",""adamw"",""adamw""],""replay_steps"":[4,8,4,2],""weight_decay"":[1e-05,0.001,0.0001,1e-06]}"
441,cfg_3265e5f5c88e6af3,"{""batch"":[16,128,32,16],""buffer"":[1000,10000,10000,5000],""eps_decay"":[0.9992321946055712,0.9974416464029918,0.991773899621465,0.9984055943798676],""eps_min"":[0.05,0.2,0.2,0.05],""lr"":[0.0007314181376760974,0.0004913825466150824,0.00012859229063488887,0.0024331779403394815],""optimizer"":[""adam"",""adamw"",""adam"",""adamw""],""replay_steps"":[4,4,2,2],""weight_decay"":[1e-06,0.0001,1e-06,0.001]}"
442,cfg_67470ba0eb326d2f,"{""batch"":[128,128,32,16],""buffer"":[2000,10000,1000,2000],""eps_decay"":[0.9997559151835478,0.9964149324858016,0.9909873010444349,0.9998855943213245],""eps_min"":[0.1,0.03,0.08,0.05],""lr"":[0.000261286670477868,0.002736103446396185,0.002356581879375742,0.0008429880558633959],""optimizer"":[""adamw"",""adamw"",""adamw"",""adam""],""replay_steps"":[8,8,4,4],""weight_decay"":[1e-05,0.0001,0.0001,1e-05]}"
443,cfg_c370685d99fdcd50,"{""batch"":[128,128,128,32],""buffer"":[10000,5000,500,1000],""eps_decay"":[0.9996080344689162,0.988683840799675,0.9846508201866482,0.9997697677043412],""eps_min"":[0.08,0.01,0.05,0.05],""lr"":[0.0006220696508335556,0.0023162084327514815,0.00187706810334897,0.000702505259284902],""optimizer"":[""adamw"",""adam"",""adamw"",""adam""],""replay_steps"":[8,8,2,2],""weight_decay"":[0.0001,0.001,1e-05,1e-06]}"
444,cfg_1a9cc976a42e74f4,"{""batch"":[128,16,128,32],""buffer"":[1000,10000,5000,5000],""eps_decay"":[0.9929008461218254,0.9979156269777391,0.9978062788955966,0.9994177243427735],""eps_min"":[0.08,0.08,0.05,0.1],""lr"":[0.00019605500642790966,0.0013468361500882005,0.0014091903766478705,0.0014969264578526572],""optimizer"":[""adamw"",""adam"",""adamw"",""adam""],""replay_steps"":[8,2,8,4],""weight_decay"":[1e-05,1e-06,1e-05,1e-06]}"
445,cfg_70e0f9d3e35f810b,"{""batch"":[128,64,64,16],""buffer"":[2000,1000,5000,10000],""eps_decay"":[0.9914432888526244,0.9994774692905964,0.9911389454862247,0.9839989648623246],""eps_min"":[0.08,0.05,0.03,0.1],""lr"":[0.0002127194095710894,0.001928607394065577,0.00040225092959310317,0.0009516541674901219],""optimizer"":[""adamw"",""adam"",""adamw"",""adamw""],""replay_steps"":[8,2,2,2],""weight_decay"":[1e-05,0.0001,0.001,1e-05]}"
446,cfg_337a02b2b97f150f,"{""batch"":[16,32,32,32],""buffer"":[500,5000,10000,1000],""eps_decay"":[0.9992285220544154,0.9998683718111357,0.9982339200659326,0.9971699611349548],""eps_min"":[0.15,0.01,0.05,0.2],""lr"":[0.0019946708359178367,0.002016285147075067,0.00010259217108950232,0.0039029365357664404],""optimizer"":[""adamw"",""adam"",""adamw"",""adamw""],""replay_steps"":[2,2,4,4],""weight_decay"":[1e-05,0.001,0.0001,1e-05]}"
447,cfg_4b374aef70f50d95,"{""batch"":[32,64,32,16],""buffer"":[500,5000,10000,2000],""eps_decay"":[0.9982494914729291,0.9953767291034958,0.9998557100736755,0.9808796420886526],""eps_min"":[0.1,0.2,0.1,0.03],""lr"":[0.0008702670350610597,0.00022937629087801134,0.001668498180528849,0.0022904276913210744],""optimizer"":[""adam"",""adam"",""adamw"",""adam""],""replay_steps"":[1,1,8,8],""weight_decay"":[0.0001,0.0001,1e-05,0.0001]}"
448,cfg_617059e667227802,"{""batch"":[64,128,128,32],""buffer"":[1000,10000,1000,5000],""eps_decay"":[0.9993287221477067,0.9804075386057273,0.9994224106777303,0.9969663608946053],""eps_min"":[0.01,0.15,0.1,0.15],""lr"":[0.0018370272761339972,0.0012084867620840419,0.0035491077772651968,0.00019055493773185422],""optimizer"":[""adam"",""adam"",""adamw"",""adamw""],""replay_steps"":[2,4,1,4],""weight_decay"":[0.0001,1e-06,0.0001,0.001]}"
449,cfg_6b598113653e9ace,"{""batch"":[16,128,128,32],""buffer"":[5000,10000,5000,10000],""eps_decay"":[0.9939525418958762,0.9992241898190792,0.9953226076440925,0.9997337160996438],""eps_min"":[0.05,0.2,0.05,0.15],""lr"":[0.002910661997770034,0.0001606416134459417,0.0016263825994058034,0.004446027686158743],""optimizer"":[""adam"",""adam"",""adamw"",""adamw""],""replay_steps"":[2,4,2,4],""weight_decay"":[0.001,1e-05,0.0001,1e-06]}"
450,cfg_cd6b28721a32fa43,"{""batch"":[16,64,16,16],""buffer"":[2000,10000,10000,5000],""eps_decay"":[0.998845609577351,0.9981331193654074,0.9982074128520914,0.9915576495258811],""eps_min"":[0.15,0.15,0.2,0.1],""lr"":[0.00038787408998776276,0.00011287021381464784,0.002344478326469553,0.0001877436522142233],""optimizer"":[""adam"",""adam"",""adamw"",""adam""],""replay_steps"":[4,8,8,4],""weight_decay"":[0.0001,1e-05,1e-06,1e-05]}"
451,cfg_29c0ce5263574110,"{""batch"":[32,128,16,128],""buffer"":[1000,1000,2000,1000],""eps_decay"":[0.993514880544055,0.9997710711614848,0.9863425063042309,0.9924063037519891],""eps_min"":[0.15,0.2,0.15,0.2],""lr"":[0.0014997300181732829,0.0002820298941060594,0.001132645182214484,0.004905819291580681],""optimizer"":[""adam"",""adamw"",""adam"",""adamw""],""replay_steps"":[2,2,8,2],""weight_decay"":[1e-06,1e-05,0.0001,0.001]}"
452,cfg_521ea31f0851add8,"{""batch"":[32,64,32,32],""buffer"":[1000,1000,1000,10000],""eps_decay"":[0.9964109338805976,0.9914925899128988,0.9981595597231834,0.998728750762982],""eps_min"":[0.03,0.01,0.2,0.08],""lr"":[0.002227666860967025,0.0006644065155606789,0.00036410627690925746,0.0003629087214181044],""optimizer"":[""adamw"",""adamw"",""adamw"",""adamw""],""replay_steps"":[1,2,4,8],""weight_decay"":[1e-06,1e-05,1e-06,1e-05]}"
453,cfg_191635bd711daf7e,"{""batch"":[64,32,32,32],""buffer"":[5000,2000,2000,10000],""eps_decay"":[0.9975242011363208,0.9997324595282674,0.9851560315577667,0.9915942879158542],""eps_min"":[0.08,0.2,0.01,0.2],""lr"":[0.00021414031442492832,0.001898304815778371,0.0001432154048547742,0.0009241359353399585],""optimizer"":[""adamw"",""adamw"",""adamw"",""adamw""],""replay_steps"":[1,2,4,2],""weight_decay"":[1e-06,1e-05,1e-06,1e-06]}"
454,cfg_027b0d805e7f8073,"{""batch"":[16,128,16,64],""buffer"":[1000,2000,10000,5000],""eps_decay"":[0.9978446575697212,0.9985821189213003,0.9915913836900809,0.9815116112917206],""eps_min"":[0.15,0.2,0.03,0.03],""lr"":[0.0006405038172247813,0.0002488047191259797,0.0002349427282962191,0.00025882130303964503],""optimizer"":[""adam"",""adamw"",""adam"",""adam""],""replay_steps"":[8,1,2,2],""weight_decay"":[1e-06,0.001,0.0001,0.0001]}"
455,cfg_46fd3c9aab8cd7a4,"{""batch"":[64,32,16,64],""buffer"":[5000,500,500,2000],""eps_decay"":[0.9959010080321041,0.9989028658613066,0.9953154518673073,0.9825512607046101],""eps_min"":[0.01,0.2,0.15,0.05],""lr"":[0.0005311317598632345,0.0009805918758067776,0.0014145251786986538,0.0006137609981442381],""optimizer"":[""adam"",""adamw"",""adam"",""adamw""],""replay_steps"":[1,8,4,4],""weight_decay"":[1e-06,1e-06,0.001,1e-05]}"
456,cfg_441e1bb3a8596d0f,"{""batch"":[32,64,16,128],""buffer"":[2000,1000,10000,2000],""eps_decay"":[0.9998946059326085,0.9976198501304867,0.994075999033033,0.9926895808727212],""eps_min"":[0.01,0.2,0.2,0.01],""lr"":[0.00011660698527086742,0.00045759940413577866,0.0002774692190545131,0.00015010408423310866],""optimizer"":[""adamw"",""adam"",""adamw"",""adam""],""replay_steps"":[2,4,4,2],""weight_decay"":[1e-06,1e-05,1e-06,1e-06]}"
457,cfg_3fd5a215b3636ae8,"{""batch"":[128,64,32,32],""buffer"":[500,1000,1000,500],""eps_decay"":[0.9997759451630372,0.9988884798617286,0.9850775135106667,0.9925127059074399],""eps_min"":[0.15,0.08,0.05,0.1],""lr"":[0.0003574802492098901,0.001335409954640492,0.002869733792955287,0.0001301787168773948],""optimizer"":[""adam"",""adamw"",""adamw"",""adamw""],""replay_steps"":[1,2,1,1],""weight_decay"":[0.0001,0.001,0.001,1e-05]}"
458,cfg_5d34dfc0319de502,"{""batch"":[64,32,32,16],""buffer"":[5000,500,2000,5000],""eps_decay"":[0.9953239165041909,0.990785254791089,0.9983658305559774,0.9996675250432214],""eps_min"":[0.05,0.03,0.08,0.05],""lr"":[0.0010509680704216665,0.0008630067622542426,0.0033393840780697277,0.0010404936486188348],""optimizer"":[""adamw"",""adam"",""adamw"",""adam""],""replay_steps"":[1,4,8,2],""weight_decay"":[0.0001,0.001,1e-05,0.001]}"
459,cfg_bcc296c45726a6f6,"{""batch"":[32,64,128,128],""buffer"":[500,2000,2000,5000],""eps_decay"":[0.9993638001488382,0.9940128070985748,0.9877765617167602,0.9979998501478389],""eps_min"":[0.03,0.01,0.03,0.01],""lr"":[0.000649237480640127,0.0004676978388078161,0.0045632906761117675,0.0035007097967633947],""optimizer"":[""adamw"",""adam"",""adam"",""adamw""],""replay_steps"":[4,8,1,2],""weight_decay"":[1e-05,1e-06,1e-05,0.0001]}"
460,cfg_8cb143653eee3d5e,"{""batch"":[128,64,16,32],""buffer"":[500,2000,500,10000],""eps_decay"":[0.9996977287048731,0.9991935048545728,0.99735233106392,0.9870968839568371],""eps_min"":[0.1,0.01,0.2,0.01],""lr"":[0.0009550158847301922,0.004548104376797054,0.0004923120254370309,0.0010639934658098914],""optimizer"":[""adam"",""adamw"",""adam"",""adamw""],""replay_steps"":[8,2,2,4],""weight_decay"":[1e-05,0.001,1e-06,1e-06]}"
461,cfg_14fe220ed4ef9a51,"{""batch"":[128,32,16,128],""buffer"":[10000,2000,5000,10000],""eps_decay"":[0.9924781007366384,0.9998589774251417,0.9968096824268916,0.9997899036836908],""eps_min"":[0.1,0.03,0.2,0.03],""lr"":[0.0002142379780561863,0.0002945847929130922,0.00010301827444221259,0.00011311801558269907],""optimizer"":[""adamw"",""adamw"",""adamw"",""adam""],""replay_steps"":[1,8,2,2],""weight_decay"":[1e-05,1e-06,1e-05,1e-05]}"
462,cfg_a85fbe0a906f9e21,"{""batch"":[32,16,64,128],""buffer"":[5000,5000,2000,2000],""eps_decay"":[0.9922848903979701,0.9994815867034486,0.9997256432771999,0.999891102038494],""eps_min"":[0.2,0.05,0.15,0.03],""lr"":[0.0030425612956342892,0.00017442663551315841,0.0005938469350238947,0.00032251380729339394],""optimizer"":[""adam"",""adamw"",""adam"",""adamw""],""replay_steps"":[8,4,2,2],""weight_decay"":[1e-05,1e-06,1e-05,0.0001]}"
463,cfg_23bb7e8ce98d7733,"{""batch"":[64,64,64,32],""buffer"":[1000,500,5000,500],""eps_decay"":[0.999838813711706,0.9986829575902316,0.9949172355101225,0.9992358268129781],""eps_min"":[0.05,0.05,0.01,0.08],""lr"":[0.0038347102703047376,0.00026552966357376573,0.0004478810774620934,0.0003685998796390776],""optimizer"":[""adamw"",""adam"",""adamw"",""adam""],""replay_steps"":[1,2,8,1],""weight_decay"":[0.001,1e-06,1e-05,1e-05]}"
464,cfg_04fd8850e0588a0c,"{""batch"":[16,32,128,32],""buffer"":[10000,10000,5000,5000],""eps_decay"":[0.9995198475094783,0.9945556580949698,0.9836127305210587,0.9997398193940334],""eps_min"":[0.01,0.05,0.01,0.2],""lr"":[0.00027084800093560654,0.003283405877756287,0.0009707204933030034,0.0006601305284431459],""optimizer"":[""adamw"",""adamw"",""adam"",""adam""],""replay_steps"":[1,1,4,8],""weight_decay"":[1e-06,1e-05,0.0001,1e-06]}"
465,cfg_284a1b0fa669a021,"{""batch"":[64,64,16,32],""buffer"":[10000,2000,2000,2000],""eps_decay"":[0.9998057932389818,0.9938010318808069,0.9984656914782283,0.999675683599113],""eps_min"":[0.05,0.15,0.08,0.05],""lr"":[0.000446734854906902,0.0006297754213722257,0.0005264454319530745,0.001357093551136041],""optimizer"":[""adam"",""adam"",""adamw"",""adam""],""replay_steps"":[2,2,4,8],""weight_decay"":[0.0001,0.001,0.001,1e-05]}"
466,cfg_25aab78ac81b8dc1,"{""batch"":[128,32,16,32],""buffer"":[1000,10000,5000,2000],""eps_decay"":[0.9998702954765849,0.9998563909079305,0.9998025957120819,0.9945805825883143],""eps_min"":[0.1,0.1,0.03,0.03],""lr"":[0.0019820677532601735,0.00011993173983118495,0.0014542521004919475,0.002434814599020586],""optimizer"":[""adamw"",""adamw"",""adamw"",""adamw""],""replay_steps"":[1,8,4,8],""weight_decay"":[0.0001,1e-06,1e-06,1e-05]}"
467,cfg_2c1af29faaaf0582,"{""batch"":[16,16,64,64],""buffer"":[5000,1000,2000,500],""eps_decay"":[0.9997361862150707,0.9804980554651813,0.9990695618813689,0.9985099054255686],""eps_min"":[0.03,0.08,0.15,0.01],""lr"":[0.0006181366601930067,0.002036822570406496,0.00013464097898251457,0.0007456433571758932],""optimizer"":[""adamw"",""adamw"",""adam"",""adamw""],""replay_steps"":[1,1,2,2],""weight_decay"":[0.0001,0.0001,1e-05,0.0001]}"
468,cfg_0a38ebc082ed7f80,"{""batch"":[64,64,32,128],""buffer"":[5000,2000,5000,5000],""eps_decay"":[0.9998263788446848,0.9956240814214766,0.9932578617353965,0.9826795016227673],""eps_min"":[0.03,0.01,0.15,0.2],""lr"":[0.00046733488617457943,0.00015805917767410796,0.0024448266299578,0.003296375858214517],""optimizer"":[""adam"",""adamw"",""adamw"",""adamw""],""replay_steps"":[8,4,2,1],""weight_decay"":[0.0001,0.001,1e-06,1e-06]}"
469,cfg_3f28682a4363a898,"{""batch"":[16,32,128,16],""buffer"":[500,500,10000,1000],""eps_decay"":[0.9860498899701579,0.9998128867689483,0.9991716598119216,0.9942898174051621],""eps_min"":[0.2,0.15,0.05,0.15],""lr"":[0.003654863329811392,0.0003637484091601946,0.002309874963095477,0.0006590323911041626],""optimizer"":[""adamw"",""adamw"",""adamw"",""adam""],""replay_steps"":[4,8,8,4],""weight_decay"":[1e-06,1e-06,0.0001,0.0001]}"
470,cfg_2cc6e73419b223db,"{""batch"":[128,32,16,128],""buffer"":[5000,1000,1000,5000],""eps_decay"":[0.9998478506051348,0.9987006347632756,0.9926893930369639,0.9988630276547131],""eps_min"":[0.1,0.08,0.1,0.01],""lr"":[0.0005070467052892453,0.003084147170040993,0.00015163090855136932,0.00010667392149828259],""optimizer"":[""adamw"",""adam"",""adam"",""adam""],""replay_steps"":[1,4,8,4],""weight_decay"":[1e-05,1e-05,0.0001,0.0001]}"
471,cfg_4bb04a180fabe0fe,"{""batch"":[32,128,128,128],""buffer"":[10000,500,2000,500],""eps_decay"":[0.9982427795441177,0.9992185278522743,0.9968143377837442,0.9832874886814505],""eps_min"":[0.2,0.1,0.05,0.08],""lr"":[0.00012347402556356997,0.0018164060937594071,0.00033488911161738786,0.00037827385272486217],""optimizer"":[""adamw"",""adamw"",""adam"",""adam""],""replay_steps"":[4,4,2,1],""weight_decay"":[1e-06,1e-05,1e-05,1e-05]}"
472,cfg_551b4a49171dfa4e,"{""batch"":[32,64,16,16],""buffer"":[500,2000,2000,500],""eps_decay"":[0.9991166161080689,0.998278452901419,0.9998094180403262,0.9987522617956502],""eps_min"":[0.03,0.2,0.05,0.01],""lr"":[0.0003590686252015426,0.0001038855828063622,0.0002239134887227492,0.004370191765708671],""optimizer"":[""adamw"",""adamw"",""adamw"",""adam""],""replay_steps"":[4,1,2,1],""weight_decay"":[1e-05,0.0001,0.001,0.0001]}"
473,cfg_ec5f0052d0d2aa46,"{""batch"":[16,128,64,32],""buffer"":[1000,2000,2000,2000],""eps_decay"":[0.9995651826896432,0.9995826527343308,0.9987106608256319,0.9964053658361237],""eps_min"":[0.2,0.03,0.01,0.1],""lr"":[0.00028902047814190554,0.0006176903097308455,0.00377467388229599,0.0021560807568719916],""optimizer"":[""adam"",""adam"",""adam"",""adamw""],""replay_steps"":[1,8,1,1],""weight_decay"":[0.0001,0.001,1e-06,1e-05]}"
474,cfg_18579c1bfb3c00d4,"{""batch"":[16,32,16,64],""buffer"":[10000,10000,2000,2000],""eps_decay"":[0.9918412979989013,0.9993978005608425,0.9965622278492976,0.9997561662195289],""eps_min"":[0.08,0.1,0.08,0.01],""lr"":[0.00014250522789107105,0.00118130257771618,0.0009536200003266492,0.000322260463883305],""optimizer"":[""adamw"",""adamw"",""adamw"",""adamw""],""replay_steps"":[2,2,2,4],""weight_decay"":[1e-05,0.001,1e-05,1e-05]}"
475,cfg_016fd993f5dbd68d,"{""batch"":[64,64,64,16],""buffer"":[1000,1000,5000,1000],""eps_decay"":[0.9996356043208012,0.9987165365380472,0.9923362364210498,0.9996861226050481],""eps_min"":[0.08,0.08,0.01,0.08],""lr"":[0.002990105351430934,0.0025984048729600587,0.00404645007571835,0.002931753549401026],""optimizer"":[""adam"",""adamw"",""adamw"",""adam""],""replay_steps"":[2,8,2,1],""weight_decay"":[1e-05,1e-06,0.001,0.001]}"
476,cfg_5dada14f058779e9,"{""batch"":[64,128,16,64],""buffer"":[500,2000,10000,10000],""eps_decay"":[0.9981597512934209,0.9997718924373729,0.9997940996853117,0.9956726014706939],""eps_min"":[0.03,0.01,0.15,0.2],""lr"":[0.002123079759699287,0.00022742144043963895,0.001741733576294519,0.0022021261393851063],""optimizer"":[""adamw"",""adamw"",""adam"",""adamw""],""replay_steps"":[2,8,1,8],""weight_decay"":[0.0001,1e-06,0.0001,1e-05]}"
477,cfg_9d91de403e1a7a4c,"{""batch"":[32,128,64,128],""buffer"":[500,2000,1000,2000],""eps_decay"":[0.997724806127502,0.996436437431378,0.9956745386031128,0.9825408833938137],""eps_min"":[0.15,0.1,0.03,0.15],""lr"":[0.00016065674420540652,0.00043338050308795733,0.001367037452878588,0.0010453899999797822],""optimizer"":[""adam"",""adamw"",""adam"",""adamw""],""replay_steps"":[4,1,2,2],""weight_decay"":[0.001,0.001,1e-06,0.001]}"
478,cfg_20bdf482fe1eb79e,"{""batch"":[64,32,16,128],""buffer"":[10000,1000,1000,10000],""eps_decay"":[0.9996874552021213,0.9997648661642005,0.9993012873242215,0.9951175883574658],""eps_min"":[0.2,0.01,0.08,0.03],""lr"":[0.0008415650735376831,0.00018813842281992262,0.0005657141368681429,0.00039185443223323967],""optimizer"":[""adam"",""adam"",""adamw"",""adam""],""replay_steps"":[2,4,2,1],""weight_decay"":[1e-06,0.001,0.0001,0.0001]}"
479,cfg_12b6300fd83aadf1,"{""batch"":[32,128,64,16],""buffer"":[1000,2000,10000,5000],""eps_decay"":[0.9998433392726493,0.9996127643319508,0.9975710373934958,0.9938536863602284],""eps_min"":[0.2,0.01,0.2,0.2],""lr"":[0.0002749920946758896,0.0012734112134217548,0.0026374878884124517,0.0014122664567000269],""optimizer"":[""adam"",""adam"",""adamw"",""adamw""],""replay_steps"":[1,4,4,4],""weight_decay"":[0.0001,0.001,1e-05,1e-05]}"
480,cfg_7b37dc16a693307c,"{""batch"":[32,128,128,128],""buffer"":[500,1000,10000,500],""eps_decay"":[0.9845095662142255,0.9998135347150217,0.9995629429744298,0.9987510142849596],""eps_min"":[0.15,0.01,0.03,0.1],""lr"":[0.0009139118691660113,0.003933351289979341,0.00048633622067830595,0.0032595864311468904],""optimizer"":[""adam"",""adamw"",""adam"",""adam""],""replay_steps"":[1,4,1,2],""weight_decay"":[0.0001,1e-05,1e-05,1e-05]}"
481,cfg_b742e34f2ff3e6ad,"{""batch"":[32,128,64,128],""buffer"":[500,5000,5000,5000],""eps_decay"":[0.9992765611157729,0.9933467707506927,0.9963279265716255,0.9848330196253174],""eps_min"":[0.01,0.2,0.01,0.08],""lr"":[0.000254164064217676,0.0005177582028794896,0.0035248613941964925,0.0003633391685772435],""optimizer"":[""adamw"",""adam"",""adamw"",""adam""],""replay_steps"":[8,4,8,1],""weight_decay"":[1e-06,1e-05,1e-05,1e-05]}"
482,cfg_12efbfd8a7132cef,"{""batch"":[32,16,16,64],""buffer"":[10000,10000,1000,5000],""eps_decay"":[0.9971402195787965,0.9989874491774211,0.997110342147354,0.9996605948516458],""eps_min"":[0.2,0.2,0.05,0.05],""lr"":[0.0011743299651290977,0.003863769717919304,0.001290692036316763,0.00097296829243904],""optimizer"":[""adamw"",""adamw"",""adamw"",""adamw""],""replay_steps"":[1,4,8,8],""weight_decay"":[1e-05,0.001,1e-05,1e-06]}"
483,cfg_58ebb3d80abf5d6b,"{""batch"":[64,128,32,64],""buffer"":[500,10000,2000,1000],""eps_decay"":[0.9997594916615439,0.9857608159441732,0.9902828651498069,0.9926930981125952],""eps_min"":[0.1,0.03,0.15,0.08],""lr"":[0.000884536857567528,0.004842851553494733,0.0022055584551028576,0.0003138754491821605],""optimizer"":[""adamw"",""adamw"",""adamw"",""adam""],""replay_steps"":[8,4,8,4],""weight_decay"":[1e-05,0.0001,1e-06,0.0001]}"
484,cfg_4880f6e85fc76df2,"{""batch"":[16,128,64,64],""buffer"":[10000,1000,2000,500],""eps_decay"":[0.9994386981303839,0.9987227029384097,0.9997930011873183,0.9996440645263276],""eps_min"":[0.03,0.03,0.1,0.01],""lr"":[0.0005610707895407688,0.0001527796757568406,0.00028710885760020586,0.00047447765867097443],""optimizer"":[""adam"",""adam"",""adamw"",""adamw""],""replay_steps"":[1,1,1,2],""weight_decay"":[0.001,0.0001,1e-05,0.001]}"
485,cfg_db8b539bf21ee019,"{""batch"":[128,16,128,32],""buffer"":[500,1000,1000,1000],""eps_decay"":[0.9995984553619528,0.9886909047296036,0.9998506770231205,0.9995424297821034],""eps_min"":[0.15,0.03,0.15,0.2],""lr"":[0.0037540790204093834,0.001346167433199638,0.000908560361159086,0.0005192204127593445],""optimizer"":[""adam"",""adamw"",""adamw"",""adamw""],""replay_steps"":[8,2,4,4],""weight_decay"":[1e-05,0.001,0.001,1e-06]}"
486,cfg_10f6b3700824383b,"{""batch"":[16,16,64,32],""buffer"":[2000,2000,1000,10000],""eps_decay"":[0.9997388075405158,0.9816178947410871,0.9988896475811824,0.997775789279815],""eps_min"":[0.01,0.05,0.2,0.01],""lr"":[0.0005018317067207909,0.0016302248554289456,0.0001344333636118929,0.00016260805634693361],""optimizer"":[""adam"",""adam"",""adam"",""adamw""],""replay_steps"":[8,8,8,1],""weight_decay"":[1e-05,1e-06,1e-05,0.001]}"
487,cfg_9619d1f7076a91ed,"{""batch"":[32,32,16,128],""buffer"":[500,2000,10000,10000],""eps_decay"":[0.9982969178876883,0.9977091917972051,0.9938360221940368,0.9932612596876141],""eps_min"":[0.05,0.1,0.15,0.1],""lr"":[0.002889934196140043,0.0008561020550972605,0.00016044036992408114,0.00011931079944485165],""optimizer"":[""adam"",""adamw"",""adamw"",""adamw""],""replay_steps"":[8,8,4,2],""weight_decay"":[0.0001,0.001,1e-06,1e-06]}"
488,cfg_36ca9a967ba1afe3,"{""batch"":[16,128,16,64],""buffer"":[10000,10000,10000,10000],""eps_decay"":[0.9968640923170761,0.9998175199936916,0.9994902575630725,0.995230316804136],""eps_min"":[0.2,0.05,0.05,0.01],""lr"":[0.0008310019886920751,0.0028811235891136933,0.001309034951849316,0.0003978461117581073],""optimizer"":[""adam"",""adam"",""adamw"",""adamw""],""replay_steps"":[8,4,8,8],""weight_decay"":[1e-06,1e-05,1e-06,1e-06]}"
489,cfg_868de2b881d3b927,"{""batch"":[64,64,128,64],""buffer"":[500,10000,2000,10000],""eps_decay"":[0.9892124774154153,0.9998227975656832,0.9915982424370012,0.9949579705237221],""eps_min"":[0.01,0.03,0.15,0.2],""lr"":[0.00025387721896436005,0.0001287354765614424,0.00028382806799061105,0.002595554241507507],""optimizer"":[""adam"",""adamw"",""adam"",""adamw""],""replay_steps"":[8,1,4,1],""weight_decay"":[0.001,0.0001,0.0001,0.001]}"
490,cfg_43d5fc9e3da2fe05,"{""batch"":[32,128,16,128],""buffer"":[500,10000,5000,2000],""eps_decay"":[0.9955128420431358,0.9823573320494906,0.9998461165924205,0.9997514791572862],""eps_min"":[0.08,0.1,0.15,0.2],""lr"":[0.001242398870476615,0.0022709703902182793,0.0021995841932611563,0.0008595478170558956],""optimizer"":[""adam"",""adam"",""adam"",""adam""],""replay_steps"":[4,2,2,1],""weight_decay"":[1e-05,1e-05,0.001,1e-06]}"
491,cfg_9a5e1b2d528026dd,"{""batch"":[32,16,32,64],""buffer"":[1000,5000,5000,5000],""eps_decay"":[0.9955198934703533,0.9905012833533403,0.9991761586451412,0.9919042079858897],""eps_min"":[0.03,0.08,0.03,0.15],""lr"":[0.00019504989525432327,0.0009095085717534932,0.00043649794694286304,0.00017092945944262913],""optimizer"":[""adamw"",""adamw"",""adam"",""adam""],""replay_steps"":[8,1,2,1],""weight_decay"":[1e-06,1e-06,0.0001,1e-05]}"
492,cfg_c09de99ff4c8f4fb,"{""batch"":[32,128,64,128],""buffer"":[500,500,1000,2000],""eps_decay"":[0.9840401756398292,0.9978414781570584,0.9996123360442727,0.9976918311760836],""eps_min"":[0.08,0.15,0.2,0.1],""lr"":[0.00014225495307033603,0.0004269871640469922,0.000332118630082993,0.0007444930477898905],""optimizer"":[""adam"",""adamw"",""adamw"",""adam""],""replay_steps"":[1,4,8,1],""weight_decay"":[0.0001,1e-05,0.001,0.001]}"
493,cfg_f2f6c1a69694ce78,"{""batch"":[64,16,128,32],""buffer"":[2000,500,500,5000],""eps_decay"":[0.9985125592879992,0.993234997110707,0.9995868836648641,0.9997470068822965],""eps_min"":[0.08,0.03,0.15,0.15],""lr"":[0.0017607704811367195,0.00036053078719125334,0.00016443367984551508,0.001252500582903819],""optimizer"":[""adam"",""adam"",""adamw"",""adamw""],""replay_steps"":[8,4,1,1],""weight_decay"":[0.001,0.001,1e-05,0.001]}"
494,cfg_64925b1a73236401,"{""batch"":[32,32,32,32],""buffer"":[5000,2000,1000,10000],""eps_decay"":[0.9944425624265205,0.9981154014784395,0.9820712277856161,0.9984582211676224],""eps_min"":[0.03,0.05,0.1,0.03],""lr"":[0.0008658153601860624,0.0033525451661798457,0.0009733223936872742,0.0002474962199901289],""optimizer"":[""adamw"",""adamw"",""adam"",""adam""],""replay_steps"":[8,2,8,4],""weight_decay"":[1e-05,1e-05,0.0001,0.0001]}"
495,cfg_b74146ca1fe6c531,"{""batch"":[16,16,32,16],""buffer"":[10000,10000,500,1000],""eps_decay"":[0.9997179181151855,0.9962836997067775,0.999728227274558,0.9997887056699936],""eps_min"":[0.08,0.03,0.1,0.08],""lr"":[0.002248863717214643,0.0006310445170543817,0.0026474326368253562,0.00010529902963168737],""optimizer"":[""adam"",""adam"",""adamw"",""adamw""],""replay_steps"":[2,1,1,2],""weight_decay"":[0.001,1e-05,1e-06,1e-06]}"
496,cfg_60d132df573d2ca1,"{""batch"":[32,128,64,128],""buffer"":[5000,500,2000,500],""eps_decay"":[0.9993924290797893,0.9978819614933819,0.9996904595107797,0.9973657090379403],""eps_min"":[0.08,0.08,0.2,0.03],""lr"":[0.0005682084011137166,0.0007326809147820157,0.00285830126869454,0.0025457018445737872],""optimizer"":[""adamw"",""adam"",""adamw"",""adamw""],""replay_steps"":[8,2,1,4],""weight_decay"":[0.001,0.001,1e-06,0.001]}"
497,cfg_f1d49d112ca872d6,"{""batch"":[64,16,128,128],""buffer"":[1000,500,5000,10000],""eps_decay"":[0.9829046777970118,0.9961506409827142,0.9991885762857733,0.999346472504387],""eps_min"":[0.1,0.01,0.2,0.05],""lr"":[0.00016634057862855594,0.00015646442508052214,0.0028059193310060403,0.0003199853738788427],""optimizer"":[""adam"",""adam"",""adamw"",""adamw""],""replay_steps"":[8,4,4,1],""weight_decay"":[0.0001,0.001,1e-06,0.001]}"
498,cfg_0beec10a79cb18d3,"{""batch"":[32,32,128,16],""buffer"":[500,2000,5000,1000],""eps_decay"":[0.9996641387016718,0.9971086876469124,0.9977463406760939,0.9964642734113536],""eps_min"":[0.01,0.2,0.15,0.2],""lr"":[0.003513570414170393,0.00022144591783440095,0.0005669391679233784,0.002079492661925555],""optimizer"":[""adamw"",""adam"",""adam"",""adam""],""replay_steps"":[2,4,8,8],""weight_decay"":[0.001,1e-06,1e-05,1e-06]}"
499,cfg_d23046270ae1b0e9,"{""batch"":[32,64,16,16],""buffer"":[1000,10000,500,2000],""eps_decay"":[0.9993879248264586,0.9998817632777596,0.9926564257433053,0.9996279882346094],""eps_min"":[0.15,0.15,0.05,0.15],""lr"":[0.004975821745232144,0.00047717752594296015,0.00016179066044661323,0.0012093261195096079],""optimizer"":[""adamw"",""adam"",""adamw"",""adamw""],""replay_steps"":[1,4,2,2],""weight_decay"":[1e-06,1e-06,1e-05,0.0001]}"
500,cfg_484f5daf50928aa1,"{""batch"":[32,64,64,64],""buffer"":[500,500,2000,2000],""eps_decay"":[0.9995507060166695,0.9850185249038098,0.9955009620991858,0.9997141312884743],""eps_min"":[0.1,0.1,0.08,0.08],""lr"":[0.00023552152921599685,0.00030571823832596,0.0013474390740297751,0.000671077581633026],""optimizer"":[""adamw"",""adam"",""adam"",""adam""],""replay_steps"":[2,1,4,2],""weight_decay"":[1e-06,1e-05,0.001,0.0001]}"
501,cfg_453e565845326448,"{""batch"":[64,64,16,16],""buffer"":[500,500,500,500],""eps_decay"":[0.9830372839041925,0.9998841826982803,0.9860437505169091,0.9985001227846769],""eps_min"":[0.03,0.15,0.05,0.03],""lr"":[0.00013823299881006307,0.0027911652554133523,0.002937924222264709,0.0006049721969151789],""optimizer"":[""adamw"",""adam"",""adam"",""adamw""],""replay_steps"":[4,1,1,8],""weight_decay"":[0.0001,0.0001,0.001,0.0001]}"
502,cfg_5e05db7cd6dc7861,"{""batch"":[128,16,16,32],""buffer"":[1000,10000,1000,5000],""eps_decay"":[0.9837792163570707,0.9977609305126477,0.9934085926338732,0.9990100855472561],""eps_min"":[0.2,0.08,0.03,0.15],""lr"":[0.0002930759662482526,0.0013845658659520223,0.0005886347325709817,0.00015139650398394183],""optimizer"":[""adam"",""adamw"",""adam"",""adam""],""replay_steps"":[4,8,8,8],""weight_decay"":[1e-06,0.0001,1e-05,1e-05]}"
503,cfg_a3cbf09bd63221ba,"{""batch"":[64,32,64,64],""buffer"":[500,5000,500,500],""eps_decay"":[0.9998362758694209,0.9965900212646033,0.9991067933215032,0.9998817322713421],""eps_min"":[0.03,0.05,0.1,0.08],""lr"":[0.002274346745011093,0.0006455229804106572,0.0005486469621409856,0.0001273114304346676],""optimizer"":[""adamw"",""adamw"",""adamw"",""adam""],""replay_steps"":[8,4,8,8],""weight_decay"":[1e-05,1e-06,1e-05,0.001]}"
504,cfg_4bfcb6a6c174a114,"{""batch"":[16,64,16,32],""buffer"":[1000,2000,500,5000],""eps_decay"":[0.9983283635003318,0.9995666400656046,0.999600311456491,0.9941840000687965],""eps_min"":[0.01,0.01,0.1,0.15],""lr"":[0.003969631265735262,0.0035958768217536482,0.00028887452997621184,0.0007788125762948517],""optimizer"":[""adamw"",""adam"",""adam"",""adamw""],""replay_steps"":[2,4,8,1],""weight_decay"":[0.001,0.0001,1e-05,1e-05]}"
505,cfg_b832b9ec55e09ec8,"{""batch"":[16,64,64,128],""buffer"":[10000,2000,10000,10000],""eps_decay"":[0.9993755720410209,0.9846979771763513,0.9993276257819512,0.9989945745900812],""eps_min"":[0.15,0.03,0.08,0.1],""lr"":[0.0007285078575898935,0.00026449952574084134,0.0017910743176286835,0.0013059733453433407],""optimizer"":[""adam"",""adam"",""adam"",""adamw""],""replay_steps"":[1,1,4,2],""weight_decay"":[1e-06,0.001,0.0001,0.0001]}"
506,cfg_6728ef299b0f0f9d,"{""batch"":[16,16,16,128],""buffer"":[500,500,1000,500],""eps_decay"":[0.9921784976750746,0.9962614405685508,0.9987979939572925,0.9985202122382649],""eps_min"":[0.15,0.2,0.01,0.08],""lr"":[0.001134873818188716,0.00015312768194348977,0.0004258990093367064,0.00010307642089752892],""optimizer"":[""adam"",""adam"",""adam"",""adamw""],""replay_steps"":[8,2,1,2],""weight_decay"":[0.001,1e-06,0.001,1e-06]}"
507,cfg_54893ecb8add644a,"{""batch"":[32,64,16,32],""buffer"":[10000,500,2000,2000],""eps_decay"":[0.9998695164617916,0.997859927538557,0.992603482905163,0.9967504891533531],""eps_min"":[0.2,0.15,0.05,0.15],""lr"":[0.0001754576836317227,0.00031664483628037317,0.0005993793408228927,0.0007844134177439706],""optimizer"":[""adamw"",""adam"",""adamw"",""adam""],""replay_steps"":[1,2,2,4],""weight_decay"":[1e-05,0.001,1e-05,0.0001]}"
508,cfg_c296309ec7636443,"{""batch"":[128,16,32,128],""buffer"":[500,500,2000,1000],""eps_decay"":[0.9937555504227188,0.9854496891275849,0.9992622792694414,0.9993622994406131],""eps_min"":[0.2,0.2,0.1,0.2],""lr"":[0.00014862115332391662,0.0038559851599370993,0.0018638777357359428,0.00453150411306145],""optimizer"":[""adam"",""adam"",""adam"",""adamw""],""replay_steps"":[2,4,8,2],""weight_decay"":[0.001,0.0001,1e-05,0.0001]}"
509,cfg_d5419bdfa63b1cd9,"{""batch"":[128,32,16,128],""buffer"":[5000,500,5000,2000],""eps_decay"":[0.9984558918728277,0.991575698665641,0.9998124672657855,0.9997306765533591],""eps_min"":[0.08,0.15,0.1,0.15],""lr"":[0.0003056087404544685,0.003287704422095731,0.0004641777620244688,0.000154365654359733],""optimizer"":[""adamw"",""adamw"",""adamw"",""adamw""],""replay_steps"":[8,1,2,4],""weight_decay"":[0.0001,0.0001,1e-05,1e-05]}"
510,cfg_ecd80275412dd0d2,"{""batch"":[128,16,128,16],""buffer"":[1000,500,5000,10000],""eps_decay"":[0.9967362857886364,0.9819222941544372,0.9854496095323279,0.9875165678632016],""eps_min"":[0.01,0.05,0.03,0.08],""lr"":[0.0037149136459881608,0.0032977292954695088,0.00020145166188290068,0.0026714671334246635],""optimizer"":[""adamw"",""adam"",""adamw"",""adamw""],""replay_steps"":[1,2,4,8],""weight_decay"":[0.001,0.001,0.0001,0.0001]}"
511,cfg_89c298d164d4b393,"{""batch"":[16,32,64,16],""buffer"":[1000,10000,10000,2000],""eps_decay"":[0.9967652054704847,0.9959287183788474,0.998325693086465,0.992216659015414],""eps_min"":[0.2,0.08,0.03,0.2],""lr"":[0.0004891163657314645,0.0002788826419657579,0.0026925224607145136,0.0024051135206381003],""optimizer"":[""adam"",""adam"",""adamw"",""adamw""],""replay_steps"":[4,8,2,1],""weight_decay"":[0.001,0.001,0.001,1e-05]}"
512,cfg_a3a8a7543e65850f,"{""batch"":[128,32,32,16],""buffer"":[500,5000,2000,2000],""eps_decay"":[0.9993935823767787,0.9886756336042721,0.9988197993246146,0.9935581850230507],""eps_min"":[0.05,0.08,0.03,0.2],""lr"":[0.0021103891749933894,0.0003435156545672582,0.003435958080939898,0.0008869313926041025],""optimizer"":[""adamw"",""adamw"",""adamw"",""adamw""],""replay_steps"":[4,1,8,2],""weight_decay"":[0.001,1e-05,0.0001,0.001]}"
513,cfg_0fcb7e4ef84ba80c,"{""batch"":[128,32,128,64],""buffer"":[5000,2000,2000,10000],""eps_decay"":[0.9989916935588724,0.998365309222974,0.9990366928658588,0.9998976350681801],""eps_min"":[0.05,0.05,0.1,0.05],""lr"":[0.0010940209441088723,0.004074981796198353,0.0027731452447443926,0.0005444446781233469],""optimizer"":[""adamw"",""adamw"",""adam"",""adam""],""replay_steps"":[4,4,2,8],""weight_decay"":[1e-06,0.0001,1e-05,1e-06]}"
514,cfg_1098ad318732959f,"{""batch"":[64,64,16,16],""buffer"":[2000,2000,2000,1000],""eps_decay"":[0.9987617180093024,0.9997765254094914,0.9998606583203654,0.9856068020433973],""eps_min"":[0.08,0.2,0.08,0.01],""lr"":[0.0008028430724188908,0.0003965775945749207,0.0039237051173575685,0.0013597999802624952],""optimizer"":[""adamw"",""adamw"",""adamw"",""adamw""],""replay_steps"":[8,2,4,8],""weight_decay"":[1e-05,0.001,1e-06,1e-06]}"
515,cfg_8916f3eefb4c5742,"{""batch"":[64,32,16,64],""buffer"":[500,10000,2000,1000],""eps_decay"":[0.9981458357996127,0.9988386042848557,0.9945921051482811,0.997899784645229],""eps_min"":[0.2,0.15,0.2,0.2],""lr"":[0.00010034639988647409,0.0004800341158036265,0.00340624995772869,0.0006651386693278493],""optimizer"":[""adamw"",""adam"",""adamw"",""adam""],""replay_steps"":[4,8,1,4],""weight_decay"":[0.001,1e-06,0.0001,1e-05]}"
516,cfg_d93bdd199121f21b,"{""batch"":[64,128,64,16],""buffer"":[500,1000,2000,500],""eps_decay"":[0.9995780412241014,0.9977928885039931,0.9989957977719308,0.9967697904395296],""eps_min"":[0.2,0.08,0.01,0.03],""lr"":[0.0012014642751763168,0.0014366155430410588,0.0027357610302225187,0.0036475398430343897],""optimizer"":[""adam"",""adamw"",""adam"",""adam""],""replay_steps"":[2,8,8,8],""weight_decay"":[1e-05,1e-06,1e-05,1e-05]}"
517,cfg_6150d3626d489e6e,"{""batch"":[16,32,32,128],""buffer"":[2000,2000,10000,5000],""eps_decay"":[0.9997404919794423,0.999125891284411,0.9983081499179229,0.9859316833706254],""eps_min"":[0.05,0.05,0.01,0.05],""lr"":[0.0003427814201420759,0.0001407209835415292,0.0012487681772103045,0.002001003303203284],""optimizer"":[""adamw"",""adam"",""adam"",""adamw""],""replay_steps"":[1,4,4,8],""weight_decay"":[0.001,1e-05,0.0001,1e-06]}"
518,cfg_12302306bb82e1de,"{""batch"":[16,16,64,32],""buffer"":[2000,10000,10000,5000],""eps_decay"":[0.9985631080364232,0.9905608984161938,0.9929028087911461,0.9992200313464441],""eps_min"":[0.01,0.15,0.08,0.2],""lr"":[0.00026493910422193285,0.00017089142113894536,0.0009117729089506024,0.0001258544911434196],""optimizer"":[""adam"",""adam"",""adamw"",""adamw""],""replay_steps"":[1,4,1,1],""weight_decay"":[1e-05,1e-05,1e-05,1e-06]}"
519,cfg_e53d20133e9b9a21,"{""batch"":[64,128,32,32],""buffer"":[2000,2000,500,2000],""eps_decay"":[0.9975782868145054,0.9964541630848822,0.9989828533998598,0.9997711709501577],""eps_min"":[0.1,0.03,0.15,0.08],""lr"":[0.00042273360487016546,0.0006858013196329048,0.00011883225473689875,0.00011735275642549606],""optimizer"":[""adamw"",""adam"",""adam"",""adamw""],""replay_steps"":[4,2,2,1],""weight_decay"":[1e-06,0.0001,1e-05,1e-06]}"
520,cfg_e70d4b968d41716b,"{""batch"":[64,64,16,16],""buffer"":[500,2000,2000,1000],""eps_decay"":[0.9931290280382916,0.9870008944338866,0.9810905329419861,0.9893039421523732],""eps_min"":[0.2,0.01,0.08,0.15],""lr"":[0.004617812445221604,0.0015960044059968933,0.00010986520690367756,0.0018201989106709194],""optimizer"":[""adamw"",""adamw"",""adamw"",""adamw""],""replay_steps"":[2,4,8,8],""weight_decay"":[0.0001,0.001,0.001,1e-06]}"
521,cfg_6148a30a7ee914cd,"{""batch"":[128,128,32,64],""buffer"":[10000,5000,2000,1000],""eps_decay"":[0.9998593228602466,0.9891432639417477,0.9996810774115619,0.9988395010751439],""eps_min"":[0.08,0.1,0.1,0.05],""lr"":[0.0001830066757317407,0.00024062045475139952,0.00035390520062172643,0.0005440017246816462],""optimizer"":[""adam"",""adamw"",""adam"",""adam""],""replay_steps"":[4,2,8,8],""weight_decay"":[1e-05,1e-06,1e-05,1e-06]}"
522,cfg_b8e0f275700d4e43,"{""batch"":[32,32,128,128],""buffer"":[2000,2000,1000,2000],""eps_decay"":[0.9871820610093589,0.9998693224233153,0.9998077379260576,0.999494806607989],""eps_min"":[0.03,0.03,0.2,0.1],""lr"":[0.004945070460097827,0.00021775610289596832,0.004222379300845121,0.0031643663593851597],""optimizer"":[""adamw"",""adam"",""adam"",""adamw""],""replay_steps"":[4,2,2,4],""weight_decay"":[1e-05,1e-05,0.001,1e-05]}"
523,cfg_70ac2f814f72ff53,"{""batch"":[128,128,16,32],""buffer"":[10000,2000,1000,10000],""eps_decay"":[0.9998967248964412,0.9814363003452643,0.9997125596633626,0.9994927297426327],""eps_min"":[0.01,0.05,0.01,0.03],""lr"":[0.0010465536858570638,0.0002179314123118557,0.001464316209400178,0.0035771465962901173],""optimizer"":[""adamw"",""adam"",""adam"",""adam""],""replay_steps"":[2,1,8,1],""weight_decay"":[1e-06,1e-05,0.001,0.0001]}"
524,cfg_31a5160eef337962,"{""batch"":[64,16,16,16],""buffer"":[5000,10000,10000,10000],""eps_decay"":[0.9920952588775384,0.9978667234132872,0.9996984347508757,0.9851801802226013],""eps_min"":[0.2,0.03,0.08,0.1],""lr"":[0.0016124891586543517,0.0011795248093136837,0.0006746937320400761,0.00037740406916128224],""optimizer"":[""adamw"",""adamw"",""adam"",""adamw""],""replay_steps"":[4,8,8,2],""weight_decay"":[0.0001,1e-05,1e-06,0.001]}"
525,cfg_a85a1cba47ab6af8,"{""batch"":[32,16,16,32],""buffer"":[2000,2000,10000,500],""eps_decay"":[0.9809560834567201,0.999870571920132,0.99308865666879,0.993100810811466],""eps_min"":[0.05,0.08,0.1,0.15],""lr"":[0.0010075567414910766,0.00011284684979727169,0.0003402863009453952,0.0039102729582812055],""optimizer"":[""adam"",""adam"",""adamw"",""adam""],""replay_steps"":[2,4,1,4],""weight_decay"":[1e-05,0.001,1e-06,0.0001]}"
526,cfg_ecd580c34d7b3008,"{""batch"":[32,128,32,32],""buffer"":[10000,5000,2000,1000],""eps_decay"":[0.9973801019684608,0.9901800299872928,0.9915414586266884,0.9817156085851989],""eps_min"":[0.01,0.1,0.05,0.03],""lr"":[0.00027768092399729544,0.004379378863079538,0.0014714804146961527,0.0016243937230518276],""optimizer"":[""adamw"",""adam"",""adamw"",""adamw""],""replay_steps"":[8,8,8,1],""weight_decay"":[0.0001,0.0001,0.0001,1e-06]}"
527,cfg_6991d0230069b57e,"{""batch"":[16,16,128,32],""buffer"":[1000,1000,500,5000],""eps_decay"":[0.999859522508803,0.9996729688620498,0.9948548182285839,0.999754313219817],""eps_min"":[0.05,0.03,0.01,0.2],""lr"":[0.0007274046103559457,0.0001863158799157518,0.0016893966389164758,0.00016372358760622166],""optimizer"":[""adamw"",""adam"",""adam"",""adamw""],""replay_steps"":[8,2,8,4],""weight_decay"":[0.001,0.0001,0.001,1e-05]}"
528,cfg_7ff0546050758b1d,"{""batch"":[16,16,16,64],""buffer"":[500,5000,500,500],""eps_decay"":[0.9987632462456949,0.9995075430186366,0.9981578384498772,0.999894241306786],""eps_min"":[0.08,0.01,0.15,0.15],""lr"":[0.00010963632179171051,0.0007570756412127292,0.0003561669621919342,0.002235234029426836],""optimizer"":[""adamw"",""adamw"",""adam"",""adamw""],""replay_steps"":[2,2,8,1],""weight_decay"":[0.0001,1e-05,0.001,1e-06]}"
529,cfg_5d12f0265f885a73,"{""batch"":[128,64,32,32],""buffer"":[10000,1000,2000,2000],""eps_decay"":[0.9975397542636553,0.9984921213916268,0.997919922281281,0.9991821360900632],""eps_min"":[0.03,0.01,0.03,0.03],""lr"":[0.0006034225027285121,0.000315656388854539,0.00015944465481133183,0.004876865495797875],""optimizer"":[""adamw"",""adamw"",""adamw"",""adamw""],""replay_steps"":[4,8,1,1],""weight_decay"":[0.0001,1e-05,0.0001,0.0001]}"
530,cfg_e28937e8fa9ee7e2,"{""batch"":[64,64,128,128],""buffer"":[2000,5000,10000,2000],""eps_decay"":[0.9984534732197797,0.9970681559455152,0.9934498640827798,0.9984279614510244],""eps_min"":[0.08,0.2,0.2,0.2],""lr"":[0.00012652628444195877,0.0007211889929814927,0.000269193630596215,0.004403760178850542],""optimizer"":[""adam"",""adamw"",""adamw"",""adamw""],""replay_steps"":[8,1,2,4],""weight_decay"":[1e-05,0.001,0.0001,0.001]}"
531,cfg_7abfd8a78e83b6d9,"{""batch"":[128,128,128,64],""buffer"":[2000,5000,1000,500],""eps_decay"":[0.9895572928536284,0.989545062283904,0.9845104395399822,0.9808239312503492],""eps_min"":[0.03,0.01,0.1,0.08],""lr"":[0.0017486510082159736,0.0009520179902361242,0.0006304050994986107,0.004646627220752523],""optimizer"":[""adamw"",""adamw"",""adam"",""adam""],""replay_steps"":[1,4,2,1],""weight_decay"":[1e-05,1e-06,0.001,1e-05]}"
532,cfg_3a9a409bc887bcd4,"{""batch"":[64,64,64,64],""buffer"":[10000,10000,10000,5000],""eps_decay"":[0.9997758445349264,0.9998375701832682,0.9896186329487056,0.9854349655259752],""eps_min"":[0.01,0.1,0.05,0.08],""lr"":[0.0005327904510210976,0.0017974815813252367,0.0006951339844549795,0.0045842750789390875],""optimizer"":[""adamw"",""adam"",""adamw"",""adamw""],""replay_steps"":[2,1,2,8],""weight_decay"":[0.001,0.0001,1e-05,0.001]}"
533,cfg_cccd6918924a86da,"{""batch"":[32,64,128,128],""buffer"":[1000,500,500,2000],""eps_decay"":[0.9869296827968509,0.9917009249656974,0.9982410108839479,0.9981805690097436],""eps_min"":[0.05,0.1,0.15,0.1],""lr"":[0.004794883646705102,0.00018458175851631076,0.0012800295040624938,0.00026282641427099015],""optimizer"":[""adam"",""adamw"",""adamw"",""adamw""],""replay_steps"":[2,2,2,4],""weight_decay"":[1e-06,1e-05,1e-06,0.0001]}"
534,cfg_a38039785c0c22fb,"{""batch"":[32,32,16,32],""buffer"":[500,1000,1000,2000],""eps_decay"":[0.9834441692378955,0.9954136221423768,0.9972527346222342,0.994758758237891],""eps_min"":[0.15,0.05,0.05,0.05],""lr"":[0.00020561457174110917,0.0034570060521329294,0.0005427539975910922,0.00026657404644897726],""optimizer"":[""adam"",""adam"",""adam"",""adam""],""replay_steps"":[4,4,8,2],""weight_decay"":[1e-05,1e-05,1e-06,1e-05]}"
535,cfg_2e02b909f1fc9d91,"{""batch"":[32,64,32,16],""buffer"":[10000,5000,2000,5000],""eps_decay"":[0.9988056487001276,0.9860284766536038,0.9983650484809193,0.9998183129893645],""eps_min"":[0.2,0.03,0.08,0.2],""lr"":[0.0003632306848508105,0.0009413864593397293,0.00011939225572676107,0.0015559204272185376],""optimizer"":[""adamw"",""adamw"",""adamw"",""adamw""],""replay_steps"":[2,8,4,2],""weight_decay"":[1e-06,0.001,1e-05,1e-05]}"
536,cfg_51b32c39c6e44592,"{""batch"":[128,64,16,64],""buffer"":[10000,500,2000,1000],""eps_decay"":[0.9981469086806702,0.9998999950867001,0.9969719965784009,0.9996862321343637],""eps_min"":[0.15,0.03,0.03,0.01],""lr"":[0.00030032011060349557,0.004878836636107645,0.0005131927375567153,0.004481636412876403],""optimizer"":[""adamw"",""adam"",""adamw"",""adamw""],""replay_steps"":[2,1,1,8],""weight_decay"":[1e-05,1e-05,0.0001,1e-06]}"
537,cfg_9ae16f461170324a,"{""batch"":[16,16,32,32],""buffer"":[10000,5000,2000,10000],""eps_decay"":[0.9959835995483115,0.9998160045653255,0.9998810467144416,0.9893616915370302],""eps_min"":[0.08,0.01,0.03,0.2],""lr"":[0.0001084337421706189,0.00033369488386034184,0.00010738443071079795,0.0027630164515286327],""optimizer"":[""adamw"",""adamw"",""adamw"",""adam""],""replay_steps"":[4,1,8,1],""weight_decay"":[1e-06,1e-05,0.001,1e-06]}"
538,cfg_6cd8cf3cbb5b7f89,"{""batch"":[128,128,16,64],""buffer"":[500,2000,500,5000],""eps_decay"":[0.991972986386891,0.9930250984288969,0.9991827505159023,0.9851010300250596],""eps_min"":[0.08,0.15,0.08,0.08],""lr"":[0.00020028333270539459,0.00029985085089862613,0.00040798875913939704,0.00013283911342172166],""optimizer"":[""adam"",""adam"",""adamw"",""adam""],""replay_steps"":[1,8,8,1],""weight_decay"":[1e-05,1e-05,0.0001,1e-06]}"
539,cfg_58d85f3edd61d2ef,"{""batch"":[64,32,64,64],""buffer"":[5000,5000,5000,500],""eps_decay"":[0.9998774636194141,0.9990987973434476,0.9847594512979212,0.9986202402175247],""eps_min"":[0.08,0.08,0.01,0.15],""lr"":[0.00023018606923499445,0.0018689154357001492,0.00012838466147362096,0.0005355200430024107],""optimizer"":[""adam"",""adamw"",""adam"",""adamw""],""replay_steps"":[2,1,2,4],""weight_decay"":[0.001,0.001,0.0001,0.0001]}"
540,cfg_8e581801f2d2aa91,"{""batch"":[128,16,128,128],""buffer"":[1000,1000,10000,500],""eps_decay"":[0.9998519306431686,0.999701730937772,0.9986068976591799,0.9842495424217865],""eps_min"":[0.03,0.15,0.1,0.2],""lr"":[0.001764141353017745,0.000412107304986648,0.00033654016864851754,0.0001937671654235242],""optimizer"":[""adamw"",""adam"",""adamw"",""adam""],""replay_steps"":[8,4,1,4],""weight_decay"":[1e-05,0.0001,0.0001,0.001]}"
541,cfg_d27cae8d973345b5,"{""batch"":[64,32,128,64],""buffer"":[500,500,5000,2000],""eps_decay"":[0.9997242102386933,0.9896643489939889,0.9998682087011067,0.9903647223324041],""eps_min"":[0.1,0.01,0.15,0.15],""lr"":[0.0006576916779875764,0.0011064968485373472,0.0038302463066887137,0.00026250519960168377],""optimizer"":[""adamw"",""adam"",""adamw"",""adam""],""replay_steps"":[8,1,2,2],""weight_decay"":[1e-06,0.001,1e-05,1e-05]}"
542,cfg_c6f96f4cb0a661ac,"{""batch"":[64,32,16,64],""buffer"":[500,10000,1000,2000],""eps_decay"":[0.9998030669738494,0.9992064373007161,0.9994492430408837,0.995083087239748],""eps_min"":[0.05,0.01,0.05,0.01],""lr"":[0.0009567105136654093,0.0005435261926321069,0.004942523568763056,0.0006365535572850199],""optimizer"":[""adamw"",""adamw"",""adamw"",""adam""],""replay_steps"":[1,1,1,2],""weight_decay"":[1e-05,0.001,1e-05,1e-05]}"
543,cfg_9a49270d7a7c841a,"{""batch"":[32,128,128,32],""buffer"":[10000,5000,500,1000],""eps_decay"":[0.9998753434352953,0.999811749151451,0.9832732025575694,0.9981733123831564],""eps_min"":[0.03,0.15,0.05,0.08],""lr"":[0.00043437951922347843,0.00023555811366467766,0.00020481545079682336,0.0004489114466649526],""optimizer"":[""adam"",""adam"",""adam"",""adamw""],""replay_steps"":[4,8,4,8],""weight_decay"":[1e-06,0.001,0.001,1e-05]}"
544,cfg_aa1925a1823044bc,"{""batch"":[16,16,16,64],""buffer"":[10000,5000,2000,2000],""eps_decay"":[0.9975223788214682,0.9938691197118242,0.9994935904500085,0.9997819426150374],""eps_min"":[0.08,0.05,0.03,0.03],""lr"":[0.0003417474081165733,0.0023474768413321093,0.0010417190265094441,0.002009173108902298],""optimizer"":[""adamw"",""adam"",""adamw"",""adam""],""replay_steps"":[2,8,4,4],""weight_decay"":[0.001,0.001,0.0001,0.001]}"
545,cfg_e9e43343f11d786a,"{""batch"":[16,16,64,32],""buffer"":[500,500,2000,500],""eps_decay"":[0.9980598392814927,0.9989940766857189,0.994420032305996,0.9986882145505102],""eps_min"":[0.03,0.2,0.2,0.2],""lr"":[0.0005279281922106502,0.004622905101829981,0.001473706009877825,0.00037769236268947123],""optimizer"":[""adamw"",""adamw"",""adam"",""adamw""],""replay_steps"":[2,4,1,4],""weight_decay"":[0.001,0.001,0.001,0.001]}"
546,cfg_906dc593c595ac4b,"{""batch"":[128,128,64,64],""buffer"":[500,10000,5000,1000],""eps_decay"":[0.9995361763064402,0.9947308847564699,0.9998368376132577,0.9922211486427792],""eps_min"":[0.03,0.03,0.2,0.15],""lr"":[0.0013443386318108426,0.0002469564293763181,0.0012884311700727996,0.002694307496018463],""optimizer"":[""adamw"",""adam"",""adam"",""adam""],""replay_steps"":[8,8,2,1],""weight_decay"":[0.001,0.0001,1e-05,1e-05]}"
547,cfg_f66abcdd3bdbe472,"{""batch"":[64,16,16,16],""buffer"":[500,5000,2000,2000],""eps_decay"":[0.9997548965270036,0.9824821262754369,0.9996278914236022,0.9994728270590415],""eps_min"":[0.03,0.01,0.01,0.1],""lr"":[0.001460089827384912,0.0004489188421080518,0.0006197529282096427,0.00021768107302276042],""optimizer"":[""adam"",""adam"",""adamw"",""adam""],""replay_steps"":[1,1,8,2],""weight_decay"":[1e-05,0.001,1e-05,0.0001]}"
548,cfg_e37803e39e840124,"{""batch"":[32,32,32,32],""buffer"":[500,5000,1000,500],""eps_decay"":[0.9995652941720703,0.9892355710956559,0.9998927755345798,0.9816367172790768],""eps_min"":[0.05,0.03,0.08,0.15],""lr"":[0.00018220374729165345,0.0008045787765565195,0.0010914445613293888,0.00021243992199386283],""optimizer"":[""adam"",""adam"",""adam"",""adam""],""replay_steps"":[8,8,1,1],""weight_decay"":[1e-05,1e-05,1e-05,0.001]}"
549,cfg_0ef3f25c9b31d8ca,"{""batch"":[32,32,128,64],""buffer"":[500,500,2000,2000],""eps_decay"":[0.9984749417396701,0.9991785220928022,0.9995384220415606,0.9960622112290342],""eps_min"":[0.08,0.15,0.08,0.1],""lr"":[0.00013573116989019438,0.0021961755820807008,0.0017000885906669869,0.00024571876062431323],""optimizer"":[""adam"",""adam"",""adam"",""adamw""],""replay_steps"":[2,1,2,8],""weight_decay"":[0.001,0.001,1e-05,1e-06]}"
550,cfg_e31bb6b0a9705953,"{""batch"":[128,128,32,64],""buffer"":[10000,1000,10000,5000],""eps_decay"":[0.9998347766656651,0.9853752138623074,0.9940897395218969,0.9825658577742316],""eps_min"":[0.05,0.15,0.05,0.01],""lr"":[0.003920801520346297,0.0008082846769758995,0.00021793165184344935,0.0004116157006428633],""optimizer"":[""adam"",""adam"",""adamw"",""adam""],""replay_steps"":[1,2,2,1],""weight_decay"":[0.0001,1e-05,1e-06,0.001]}"
551,cfg_1e7023fd7aa858a2,"{""batch"":[64,128,16,64],""buffer"":[5000,5000,2000,2000],""eps_decay"":[0.9987682162675463,0.982852585411882,0.9981702153025965,0.9991535576424986],""eps_min"":[0.05,0.2,0.03,0.05],""lr"":[0.0003612678994590811,0.0003813401258971007,0.001756681491011658,0.00024037504987708833],""optimizer"":[""adamw"",""adam"",""adamw"",""adamw""],""replay_steps"":[1,2,2,1],""weight_decay"":[0.0001,1e-06,0.0001,1e-06]}"
552,cfg_9f472ba606ee93b4,"{""batch"":[16,32,16,64],""buffer"":[10000,2000,2000,2000],""eps_decay"":[0.9804052359315469,0.9969601532822799,0.999864360437011,0.9992142383277078],""eps_min"":[0.2,0.1,0.1,0.1],""lr"":[0.0005605051814664738,0.0022919240859550095,0.00022574681945436125,0.0009048807017216712],""optimizer"":[""adam"",""adam"",""adamw"",""adam""],""replay_steps"":[1,2,1,2],""weight_decay"":[0.001,0.0001,0.0001,1e-06]}"
553,cfg_f6c89cc289fe0384,"{""batch"":[32,16,16,16],""buffer"":[5000,5000,10000,2000],""eps_decay"":[0.9955059097490707,0.9923661634306105,0.9913577169502583,0.9998942608256413],""eps_min"":[0.2,0.01,0.15,0.01],""lr"":[0.00017146314412164602,0.00038368540065814537,0.0014442313725352353,0.00012917738658871754],""optimizer"":[""adamw"",""adamw"",""adamw"",""adam""],""replay_steps"":[1,1,8,1],""weight_decay"":[1e-05,0.0001,0.001,1e-06]}"
554,cfg_fbc570831edc91fb,"{""batch"":[128,16,128,128],""buffer"":[5000,500,5000,500],""eps_decay"":[0.9998913911150344,0.9970613061208626,0.9944269886989641,0.9982660725682027],""eps_min"":[0.03,0.03,0.15,0.01],""lr"":[0.00011575500417732489,0.0003564088951790876,0.0002300699636341903,0.0001953181158884391],""optimizer"":[""adam"",""adamw"",""adam"",""adam""],""replay_steps"":[4,8,2,2],""weight_decay"":[1e-05,0.0001,0.001,1e-06]}"
555,cfg_3500ef8cdf01afd5,"{""batch"":[64,128,64,128],""buffer"":[5000,10000,1000,500],""eps_decay"":[0.9998493443897403,0.9895978782849753,0.9970917865634279,0.992216902215337],""eps_min"":[0.01,0.08,0.1,0.05],""lr"":[0.0007704416812341399,0.0013185517588406937,0.0016855881740225093,0.0012752791507274748],""optimizer"":[""adamw"",""adamw"",""adamw"",""adam""],""replay_steps"":[1,2,8,1],""weight_decay"":[0.0001,1e-06,0.001,0.0001]}"
556,cfg_d8872ec7d422744f,"{""batch"":[32,32,128,32],""buffer"":[5000,5000,10000,10000],""eps_decay"":[0.9935151001496749,0.9986543675766688,0.9954368865696889,0.9936634849255569],""eps_min"":[0.1,0.2,0.1,0.05],""lr"":[0.003735120785852655,0.0002182855163898363,0.0009082215042962019,0.00013526075880205353],""optimizer"":[""adam"",""adam"",""adamw"",""adam""],""replay_steps"":[4,2,8,8],""weight_decay"":[0.0001,1e-05,0.0001,1e-05]}"
557,cfg_29aca8a15b324111,"{""batch"":[64,32,16,128],""buffer"":[500,1000,10000,500],""eps_decay"":[0.9998143709863552,0.9997186781212924,0.9991481576349265,0.9933630511421575],""eps_min"":[0.01,0.01,0.1,0.1],""lr"":[0.00047667666700088686,0.00022123019665837345,0.00034588613339018426,0.0004797725304936502],""optimizer"":[""adamw"",""adam"",""adamw"",""adam""],""replay_steps"":[4,8,1,4],""weight_decay"":[0.0001,0.001,0.0001,1e-06]}"
558,cfg_9a36fc9ff9e5c3db,"{""batch"":[64,64,128,16],""buffer"":[500,1000,10000,1000],""eps_decay"":[0.9930051324765262,0.9860941995728463,0.9998690703303926,0.9982341034328],""eps_min"":[0.15,0.2,0.03,0.05],""lr"":[0.0009402276380311421,0.0033455324803002688,0.00011179390474495371,0.004221438334932613],""optimizer"":[""adam"",""adamw"",""adam"",""adamw""],""replay_steps"":[1,1,1,2],""weight_decay"":[0.001,0.001,1e-06,0.001]}"
559,cfg_ce52e759630076f0,"{""batch"":[16,16,32,16],""buffer"":[2000,5000,1000,10000],""eps_decay"":[0.9881206477023812,0.9885983926263003,0.9986984352813187,0.999742189410442],""eps_min"":[0.08,0.1,0.15,0.15],""lr"":[0.00012205843004327866,0.002007078556407926,0.0001827919289816574,0.00469866416077362],""optimizer"":[""adamw"",""adam"",""adamw"",""adam""],""replay_steps"":[1,1,2,4],""weight_decay"":[0.0001,0.0001,0.001,1e-05]}"
560,cfg_6145f7b904bee480,"{""batch"":[32,16,64,64],""buffer"":[10000,5000,5000,10000],""eps_decay"":[0.9992140872291244,0.9977765190163156,0.998601529509891,0.9989546367443657],""eps_min"":[0.1,0.15,0.05,0.05],""lr"":[0.00015757831508996444,0.00018881500868055904,0.00026723572713749957,0.00031291489236408596],""optimizer"":[""adamw"",""adam"",""adamw"",""adam""],""replay_steps"":[2,1,1,1],""weight_decay"":[1e-05,1e-06,1e-05,1e-06]}"
561,cfg_8c1eb9b23bc409d6,"{""batch"":[32,32,64,128],""buffer"":[10000,5000,5000,2000],""eps_decay"":[0.9900730014645414,0.9998240965490919,0.9992003105876283,0.997471761158894],""eps_min"":[0.08,0.2,0.1,0.2],""lr"":[0.0002586001845943841,0.000497922452645531,0.00010150533229685713,0.00037366165788196176],""optimizer"":[""adamw"",""adamw"",""adamw"",""adamw""],""replay_steps"":[8,1,8,8],""weight_decay"":[0.001,1e-06,1e-06,0.0001]}"
562,cfg_8a8cd915c096534f,"{""batch"":[16,32,16,128],""buffer"":[5000,1000,2000,5000],""eps_decay"":[0.9971568617293841,0.9844128785316945,0.9998856759824025,0.9993684514079938],""eps_min"":[0.15,0.05,0.1,0.15],""lr"":[0.00012693411034618595,0.0011532579779398428,0.00037911422084466016,0.0024241988688640183],""optimizer"":[""adam"",""adamw"",""adam"",""adamw""],""replay_steps"":[1,4,1,2],""weight_decay"":[0.001,0.001,0.001,1e-06]}"
563,cfg_9dde61c43c263a8f,"{""batch"":[32,32,128,64],""buffer"":[500,1000,500,10000],""eps_decay"":[0.9996424451070905,0.9996389077774575,0.9995267911090365,0.9992328083678215],""eps_min"":[0.1,0.2,0.03,0.2],""lr"":[0.00017513648001085303,0.0003674560966796453,0.0006514684910186478,0.00016797813973933664],""optimizer"":[""adamw"",""adam"",""adamw"",""adam""],""replay_steps"":[8,4,4,2],""weight_decay"":[0.001,0.0001,0.001,1e-05]}"
564,cfg_8a54dfe3758c651d,"{""batch"":[128,16,16,128],""buffer"":[1000,500,500,500],""eps_decay"":[0.9918250715769216,0.9995318570735985,0.9910936988920904,0.9917273542480952],""eps_min"":[0.01,0.05,0.15,0.2],""lr"":[0.0027928667834901865,0.004200056052717799,0.00012385337430922535,0.0015767532222008469],""optimizer"":[""adam"",""adam"",""adamw"",""adamw""],""replay_steps"":[2,1,4,8],""weight_decay"":[1e-06,1e-06,1e-05,0.001]}"
565,cfg_af88ef86109f17b9,"{""batch"":[128,16,16,16],""buffer"":[1000,500,1000,2000],""eps_decay"":[0.9940958460093275,0.9991728356427159,0.9988385395764624,0.9873478555489145],""eps_min"":[0.08,0.2,0.01,0.01],""lr"":[0.0005894770184952942,0.0009377305591722651,0.0001719132888761924,0.0014404823759706434],""optimizer"":[""adam"",""adam"",""adamw"",""adam""],""replay_steps"":[8,2,2,4],""weight_decay"":[1e-06,0.0001,0.0001,0.0001]}"
566,cfg_a356a1e596ca3299,"{""batch"":[128,16,16,128],""buffer"":[5000,10000,2000,1000],""eps_decay"":[0.9998340969793772,0.9994668280200374,0.9956806901924095,0.9958041627193285],""eps_min"":[0.15,0.05,0.03,0.03],""lr"":[0.0002793155331798246,0.0029270337261604737,0.00026545482813513196,0.001958711974269509],""optimizer"":[""adamw"",""adam"",""adamw"",""adam""],""replay_steps"":[8,4,4,8],""weight_decay"":[0.001,0.001,1e-05,0.0001]}"
567,cfg_16d510b7f936afcc,"{""batch"":[128,128,16,16],""buffer"":[500,500,2000,10000],""eps_decay"":[0.9993572618647485,0.9998942839534485,0.9962215901532658,0.9994390368204584],""eps_min"":[0.01,0.08,0.08,0.08],""lr"":[0.0011312809245440263,0.00021821326406325862,0.000577655659745226,0.0001161955996371333],""optimizer"":[""adamw"",""adamw"",""adamw"",""adamw""],""replay_steps"":[1,8,8,4],""weight_decay"":[0.001,0.001,1e-05,0.0001]}"
568,cfg_0d64cd7db2de2456,"{""batch"":[16,16,16,64],""buffer"":[500,5000,2000,10000],""eps_decay"":[0.9994985832693745,0.9998089541771529,0.9844760292563111,0.9955790735104699],""eps_min"":[0.15,0.01,0.15,0.08],""lr"":[0.0008481114572117192,0.0003970575241473318,0.0001500727622950089,0.0003535454422672415],""optimizer"":[""adam"",""adamw"",""adamw"",""adamw""],""replay_steps"":[4,2,1,2],""weight_decay"":[1e-06,0.0001,1e-05,0.0001]}"
569,cfg_6144b66f5a4fb9b1,"{""batch"":[32,32,32,128],""buffer"":[1000,5000,10000,500],""eps_decay"":[0.9996904225496066,0.99976726522844,0.9991043934955287,0.9997910607389384],""eps_min"":[0.03,0.01,0.15,0.05],""lr"":[0.0003946707752798572,0.0005560395473896047,0.0014082173946236504,0.00025835588722812624],""optimizer"":[""adam"",""adamw"",""adam"",""adam""],""replay_steps"":[4,1,1,1],""weight_decay"":[0.0001,1e-05,1e-05,1e-06]}"
570,cfg_b3c69f1ecd1407ab,"{""batch"":[16,128,16,16],""buffer"":[1000,5000,500,500],""eps_decay"":[0.9943954582430915,0.9987253756425819,0.9989507435542246,0.9997783758349085],""eps_min"":[0.2,0.15,0.15,0.05],""lr"":[0.0004931077489373301,0.0014446618733166717,0.0013350013247833117,0.0008125994912902884],""optimizer"":[""adam"",""adamw"",""adam"",""adam""],""replay_steps"":[2,2,4,8],""weight_decay"":[0.0001,1e-06,0.001,1e-06]}"
571,cfg_97d0609197c98daa,"{""batch"":[64,32,16,16],""buffer"":[10000,500,5000,2000],""eps_decay"":[0.9997089992173208,0.9881337382480313,0.9884703308544285,0.9905232414175799],""eps_min"":[0.05,0.03,0.01,0.05],""lr"":[0.002064463186029772,0.0008905312872733391,0.00037982693822875255,0.00045634046993407994],""optimizer"":[""adamw"",""adamw"",""adamw"",""adam""],""replay_steps"":[8,1,8,1],""weight_decay"":[1e-05,1e-05,1e-05,0.001]}"
572,cfg_317156fe63fe1725,"{""batch"":[128,128,32,16],""buffer"":[500,500,5000,1000],""eps_decay"":[0.9869721570348936,0.9998895532126937,0.9989942782850282,0.9876166704131357],""eps_min"":[0.01,0.1,0.05,0.15],""lr"":[0.0012784070350611747,0.0008549688866007155,0.0007743535903066528,0.0004967940364470628],""optimizer"":[""adamw"",""adamw"",""adam"",""adamw""],""replay_steps"":[4,2,4,2],""weight_decay"":[1e-06,1e-05,0.0001,0.001]}"
573,cfg_9813e367da50b5a5,"{""batch"":[128,128,64,16],""buffer"":[10000,1000,2000,5000],""eps_decay"":[0.9974450413977002,0.9838140416250862,0.9988313542375185,0.997905173272308],""eps_min"":[0.01,0.2,0.01,0.08],""lr"":[0.0036774247105288505,0.00463192659336299,0.00011803779953697585,0.00039618584092674687],""optimizer"":[""adam"",""adamw"",""adamw"",""adamw""],""replay_steps"":[2,1,2,2],""weight_decay"":[1e-05,1e-05,0.0001,0.001]}"
574,cfg_4a0b3b99277bbb8d,"{""batch"":[128,128,16,128],""buffer"":[5000,10000,5000,2000],""eps_decay"":[0.9993333301729881,0.9964265883372918,0.9994459034530798,0.9977821049417411],""eps_min"":[0.1,0.05,0.2,0.01],""lr"":[0.00018196598134335363,0.0017096333860116783,0.0007359211544556928,0.0007871936547482382],""optimizer"":[""adam"",""adamw"",""adamw"",""adam""],""replay_steps"":[8,4,2,8],""weight_decay"":[0.001,0.0001,0.001,0.001]}"
575,cfg_367f2871b8f18f58,"{""batch"":[128,16,32,16],""buffer"":[5000,5000,500,10000],""eps_decay"":[0.9977648842865225,0.9931237308914952,0.9993664789194878,0.9907761935387777],""eps_min"":[0.15,0.05,0.08,0.08],""lr"":[0.0029661737144880316,0.0029755078220344046,0.00019904524206646417,0.00228823521160653],""optimizer"":[""adamw"",""adam"",""adam"",""adamw""],""replay_steps"":[1,1,1,4],""weight_decay"":[0.001,1e-06,1e-05,0.001]}"
576,cfg_e03cf0004b890f26,"{""batch"":[32,32,32,16],""buffer"":[5000,10000,1000,10000],""eps_decay"":[0.9995088877868021,0.9889986573028616,0.9830686461773078,0.9960980717331317],""eps_min"":[0.2,0.15,0.08,0.05],""lr"":[0.0013150790085725748,0.004428029592330919,0.00022917662048244124,0.0038747464502835987],""optimizer"":[""adamw"",""adam"",""adamw"",""adam""],""replay_steps"":[4,2,1,1],""weight_decay"":[0.001,0.001,1e-06,1e-05]}"
577,cfg_829333a6e24bee41,"{""batch"":[128,64,64,16],""buffer"":[5000,5000,1000,1000],""eps_decay"":[0.9829787016558919,0.9930719652986277,0.9966224637975115,0.9992552700332442],""eps_min"":[0.01,0.08,0.2,0.03],""lr"":[0.002560579306651319,0.00017462410619898213,0.0003997089139439409,0.0009561992624909985],""optimizer"":[""adamw"",""adamw"",""adam"",""adamw""],""replay_steps"":[4,4,2,1],""weight_decay"":[1e-05,1e-06,1e-05,0.001]}"
578,cfg_d020dbc08e787648,"{""batch"":[32,128,16,32],""buffer"":[1000,10000,2000,500],""eps_decay"":[0.9971422718077873,0.9997721707686218,0.9934969355672908,0.9913682890426634],""eps_min"":[0.01,0.15,0.1,0.01],""lr"":[0.00019513372313574337,0.00048316895052908835,0.0013072405801360263,0.0012025806966634335],""optimizer"":[""adam"",""adam"",""adamw"",""adamw""],""replay_steps"":[2,4,2,2],""weight_decay"":[0.0001,0.001,0.001,0.001]}"
579,cfg_85341bc7b7fdb44c,"{""batch"":[32,128,64,32],""buffer"":[5000,5000,5000,10000],""eps_decay"":[0.9932366912580011,0.9936777149922511,0.9978177602840015,0.9998808484312727],""eps_min"":[0.01,0.05,0.01,0.01],""lr"":[0.00038847218686314746,0.0037815997768077133,0.0012854886735529018,0.0006067088151087317],""optimizer"":[""adamw"",""adam"",""adamw"",""adam""],""replay_steps"":[1,1,2,1],""weight_decay"":[1e-05,0.0001,0.0001,1e-06]}"
580,cfg_3188d99beb9b7ed6,"{""batch"":[64,32,16,16],""buffer"":[2000,5000,2000,2000],""eps_decay"":[0.9940351941102825,0.998822630129738,0.9984165453233922,0.9836961210429795],""eps_min"":[0.01,0.03,0.15,0.15],""lr"":[0.0011717334421542888,0.00011007085771902182,0.002974598152372834,0.00023920389338911142],""optimizer"":[""adam"",""adam"",""adamw"",""adam""],""replay_steps"":[1,4,2,8],""weight_decay"":[1e-06,1e-06,0.0001,1e-06]}"
581,cfg_5e4f374e1845d7cd,"{""batch"":[128,128,128,128],""buffer"":[1000,500,500,1000],""eps_decay"":[0.9925675649821106,0.9995682883829886,0.9996776015927381,0.9817215298894076],""eps_min"":[0.08,0.01,0.2,0.15],""lr"":[0.00037724966406089717,0.004105861491853448,0.00033431704520825857,0.0031740326758755797],""optimizer"":[""adam"",""adamw"",""adam"",""adamw""],""replay_steps"":[2,1,8,8],""weight_decay"":[1e-05,1e-05,1e-05,1e-05]}"
582,cfg_0b540d8fcef72387,"{""batch"":[64,32,128,32],""buffer"":[5000,1000,5000,1000],""eps_decay"":[0.9902679094276446,0.9991675051625366,0.998987938421578,0.9989981060251198],""eps_min"":[0.01,0.01,0.08,0.15],""lr"":[0.0003070431443991321,0.00044150772131791783,0.002590691251091205,0.0008876714601645615],""optimizer"":[""adamw"",""adamw"",""adamw"",""adamw""],""replay_steps"":[4,2,1,1],""weight_decay"":[0.001,0.001,0.001,0.001]}"
583,cfg_7d339654770060c7,"{""batch"":[16,128,16,128],""buffer"":[10000,2000,2000,2000],""eps_decay"":[0.9803064138562556,0.9804407140145965,0.9998658583155198,0.9874367716408523],""eps_min"":[0.15,0.2,0.03,0.08],""lr"":[0.0002454056907130682,0.004462913774611764,0.0005265535693761189,0.0010602589612285804],""optimizer"":[""adam"",""adam"",""adam"",""adamw""],""replay_steps"":[1,1,8,1],""weight_decay"":[1e-05,0.001,1e-06,0.001]}"
584,cfg_62b386a015299479,"{""batch"":[128,16,32,64],""buffer"":[1000,10000,2000,1000],""eps_decay"":[0.9994144735360873,0.9991529038240484,0.9972456222968367,0.9938586786288722],""eps_min"":[0.05,0.2,0.2,0.01],""lr"":[0.00408471191809246,0.0007965058275518528,0.0017688969926379424,0.0013566157599496965],""optimizer"":[""adamw"",""adamw"",""adam"",""adamw""],""replay_steps"":[2,8,1,2],""weight_decay"":[1e-05,0.001,0.0001,0.0001]}"
585,cfg_f653a6810fd25a02,"{""batch"":[16,32,16,128],""buffer"":[10000,10000,500,500],""eps_decay"":[0.9998091927872715,0.9997282091394731,0.9998663499511168,0.9998222065864979],""eps_min"":[0.01,0.03,0.1,0.08],""lr"":[0.0018953169823413517,0.004151573451067689,0.001585642933045165,0.0003856929647577078],""optimizer"":[""adam"",""adam"",""adam"",""adamw""],""replay_steps"":[8,4,8,4],""weight_decay"":[0.001,1e-06,0.0001,0.0001]}"
586,cfg_f307d77522957fb4,"{""batch"":[32,16,64,64],""buffer"":[5000,10000,5000,2000],""eps_decay"":[0.9991755732377908,0.9989857193562448,0.9998905755662106,0.9990774658840319],""eps_min"":[0.05,0.15,0.05,0.01],""lr"":[0.002393086061515924,0.0015411564731084935,0.000777519664839285,0.0019512199448036116],""optimizer"":[""adam"",""adamw"",""adamw"",""adamw""],""replay_steps"":[8,2,2,4],""weight_decay"":[0.0001,0.0001,0.001,0.0001]}"
587,cfg_4d4a21e01e522150,"{""batch"":[128,128,128,128],""buffer"":[1000,2000,10000,2000],""eps_decay"":[0.9894900780699899,0.9955749349704048,0.9989903145823825,0.9983451873362323],""eps_min"":[0.08,0.01,0.08,0.2],""lr"":[0.0004508361508825883,0.0019488015528769068,0.0019603351570117718,0.0038798506536576066],""optimizer"":[""adam"",""adamw"",""adamw"",""adam""],""replay_steps"":[2,8,2,4],""weight_decay"":[0.001,0.0001,1e-06,1e-05]}"
588,cfg_8df476c1ec6532c1,"{""batch"":[32,32,128,32],""buffer"":[5000,1000,10000,500],""eps_decay"":[0.9886803844876563,0.9998664293213707,0.9997902327462406,0.9852884456913136],""eps_min"":[0.05,0.03,0.03,0.2],""lr"":[0.0013211637514386019,0.00012546348559392648,0.000812911183594524,0.0014802800890695983],""optimizer"":[""adam"",""adam"",""adam"",""adam""],""replay_steps"":[2,8,8,8],""weight_decay"":[1e-06,1e-05,1e-06,0.001]}"
589,cfg_c8563f25287604bc,"{""batch"":[64,32,16,16],""buffer"":[1000,10000,500,10000],""eps_decay"":[0.9974009139518417,0.9997500493219336,0.9997994694598021,0.9998452051860398],""eps_min"":[0.15,0.03,0.05,0.08],""lr"":[0.000274626148838942,0.0034987795301534134,0.00026010282730735886,0.0005370534685170551],""optimizer"":[""adamw"",""adamw"",""adam"",""adam""],""replay_steps"":[8,4,4,4],""weight_decay"":[1e-05,1e-05,1e-06,0.001]}"
590,cfg_305fd73bbbbb5bb7,"{""batch"":[32,16,64,32],""buffer"":[10000,1000,2000,1000],""eps_decay"":[0.9975132965462197,0.9998816152771866,0.9998658024375665,0.9998257920246088],""eps_min"":[0.01,0.05,0.01,0.1],""lr"":[0.0004589282165921374,0.004291993299946975,0.000856352706269367,0.0008682873273254275],""optimizer"":[""adam"",""adamw"",""adam"",""adamw""],""replay_steps"":[4,8,4,8],""weight_decay"":[0.001,1e-05,1e-06,0.001]}"
591,cfg_9faf0b0b6c912e19,"{""batch"":[128,64,64,128],""buffer"":[2000,5000,10000,2000],""eps_decay"":[0.9994555015337613,0.999881861156228,0.9909355647415736,0.9990697751066516],""eps_min"":[0.03,0.01,0.1,0.08],""lr"":[0.0010847941300564103,0.00033158050011035574,0.0001699976219640375,0.0014374030112101982],""optimizer"":[""adam"",""adamw"",""adamw"",""adam""],""replay_steps"":[4,8,4,1],""weight_decay"":[1e-05,0.001,0.001,0.0001]}"
592,cfg_6bf3d4467bde0fc3,"{""batch"":[16,32,16,128],""buffer"":[2000,2000,5000,2000],""eps_decay"":[0.9954969683878087,0.9962165067038705,0.9804204060852175,0.9998560087031315],""eps_min"":[0.1,0.08,0.15,0.1],""lr"":[0.00010413037048105624,0.0008912186859425618,0.00021882818579921633,0.0039994464319330165],""optimizer"":[""adam"",""adam"",""adamw"",""adamw""],""replay_steps"":[2,8,1,1],""weight_decay"":[1e-06,0.001,1e-05,0.0001]}"
593,cfg_f21106462da78ee2,"{""batch"":[16,64,64,32],""buffer"":[5000,1000,5000,5000],""eps_decay"":[0.9998037538611316,0.9998755553293325,0.9998596027600367,0.9973182732023715],""eps_min"":[0.03,0.2,0.2,0.1],""lr"":[0.0013398842531708742,0.0040869617386528004,0.0005711383021562387,0.00021191750951974784],""optimizer"":[""adamw"",""adam"",""adamw"",""adam""],""replay_steps"":[4,1,8,4],""weight_decay"":[0.0001,0.001,0.0001,0.0001]}"
594,cfg_9d4a6dde89baed3c,"{""batch"":[64,64,128,32],""buffer"":[500,1000,10000,5000],""eps_decay"":[0.9974314448075328,0.999335994606524,0.9801381653892131,0.9994788298126539],""eps_min"":[0.05,0.15,0.08,0.2],""lr"":[0.0013972024113381633,0.00011059433501159601,0.0005428816984657584,0.00025653523702205737],""optimizer"":[""adamw"",""adam"",""adam"",""adamw""],""replay_steps"":[1,4,1,2],""weight_decay"":[1e-05,0.0001,0.0001,0.001]}"
595,cfg_aa8197ac4ddca8c7,"{""batch"":[128,128,16,128],""buffer"":[5000,5000,1000,5000],""eps_decay"":[0.9945501014582381,0.9885343364764267,0.9875933885805325,0.9998818023332948],""eps_min"":[0.1,0.01,0.15,0.15],""lr"":[0.0009913698158388062,0.0009136232950904041,0.0009667856856257161,0.0014182354370779152],""optimizer"":[""adam"",""adamw"",""adam"",""adam""],""replay_steps"":[4,8,1,8],""weight_decay"":[0.0001,0.001,0.001,0.001]}"
596,cfg_269b0f80d5f55ccd,"{""batch"":[32,128,64,128],""buffer"":[5000,500,1000,5000],""eps_decay"":[0.9996201254089793,0.999692518083116,0.9998892634900252,0.9934945026332374],""eps_min"":[0.05,0.15,0.05,0.1],""lr"":[0.00022217701837712363,0.0006138064090855762,0.00046041414823386586,0.00020411794630992053],""optimizer"":[""adam"",""adamw"",""adamw"",""adam""],""replay_steps"":[1,1,2,1],""weight_decay"":[1e-05,0.001,0.0001,1e-05]}"
597,cfg_c7e6c5d10ae826ac,"{""batch"":[128,64,128,16],""buffer"":[2000,500,10000,500],""eps_decay"":[0.9995395578974305,0.991178540926479,0.9988842643893776,0.9966877672498984],""eps_min"":[0.05,0.03,0.03,0.1],""lr"":[0.004551302812612902,0.00037298330871521557,0.0005244849023860738,0.0005115892200232172],""optimizer"":[""adam"",""adam"",""adam"",""adamw""],""replay_steps"":[1,2,1,4],""weight_decay"":[0.001,0.001,1e-06,1e-06]}"
598,cfg_9dcae60662dd9b6b,"{""batch"":[128,128,16,128],""buffer"":[1000,5000,5000,2000],""eps_decay"":[0.9966449493287969,0.9948413195421846,0.9974446185715823,0.9970991937308064],""eps_min"":[0.2,0.05,0.15,0.01],""lr"":[0.004939014427428489,0.0009371663881223503,0.00030997614896541314,0.004784054891064708],""optimizer"":[""adam"",""adamw"",""adamw"",""adam""],""replay_steps"":[4,4,4,2],""weight_decay"":[1e-05,1e-06,0.001,0.001]}"
599,cfg_c9000c27ba6274b5,"{""batch"":[16,32,16,64],""buffer"":[2000,10000,500,1000],""eps_decay"":[0.9998570139844052,0.9982859131960312,0.9998221548581087,0.9985563952199374],""eps_min"":[0.05,0.05,0.08,0.03],""lr"":[0.00017813376143038613,0.003262048589980805,0.0003325941286156507,0.00457286587050958],""optimizer"":[""adamw"",""adam"",""adam"",""adam""],""replay_steps"":[2,2,2,2],""weight_decay"":[1e-05,0.0001,1e-06,0.001]}"
600,cfg_12953a6b3ec7d7d1,"{""batch"":[64,64,128,32],""buffer"":[2000,500,2000,500],""eps_decay"":[0.9998285707293045,0.9941770531167736,0.9993396727199101,0.9997805145065988],""eps_min"":[0.15,0.03,0.03,0.08],""lr"":[0.00046377320545450693,0.0001894733292052818,0.0011873613494961246,0.0024532746630383066],""optimizer"":[""adamw"",""adam"",""adamw"",""adam""],""replay_steps"":[2,1,2,2],""weight_decay"":[0.0001,1e-05,0.0001,1e-06]}"
601,cfg_40e4186bc358c2e6,"{""batch"":[64,128,128,32],""buffer"":[2000,1000,500,2000],""eps_decay"":[0.993557789196262,0.9995693469355968,0.993506034475822,0.9998002553859243],""eps_min"":[0.2,0.05,0.03,0.05],""lr"":[0.0001044898678945873,0.0004579366266458634,0.0007197550750220537,0.00014667998323685758],""optimizer"":[""adam"",""adamw"",""adamw"",""adamw""],""replay_steps"":[8,4,2,2],""weight_decay"":[1e-06,0.001,1e-05,1e-05]}"
602,cfg_377859f16ce7d3f1,"{""batch"":[128,32,64,64],""buffer"":[5000,10000,1000,2000],""eps_decay"":[0.9996379114739306,0.9834242480924141,0.9962679131263932,0.9965313494786996],""eps_min"":[0.03,0.03,0.1,0.1],""lr"":[0.0004654971567325436,0.0002050948580323242,0.0030323294817422275,0.0007982682602740434],""optimizer"":[""adam"",""adam"",""adamw"",""adamw""],""replay_steps"":[8,4,1,4],""weight_decay"":[0.0001,1e-06,0.0001,0.001]}"
603,cfg_cf255dcd6c5983f5,"{""batch"":[64,128,32,128],""buffer"":[500,5000,5000,500],""eps_decay"":[0.999152619291646,0.9995221403717024,0.999558564139742,0.9995239721608372],""eps_min"":[0.08,0.08,0.03,0.1],""lr"":[0.0032701830504090366,0.00019298512045790923,0.00020274787932031508,0.00043744613026219776],""optimizer"":[""adamw"",""adamw"",""adamw"",""adamw""],""replay_steps"":[8,2,4,1],""weight_decay"":[1e-05,1e-06,1e-06,1e-06]}"
604,cfg_f016527f2879102a,"{""batch"":[128,32,128,64],""buffer"":[500,500,1000,10000],""eps_decay"":[0.9998996339171536,0.9939107425270702,0.9992013342110257,0.9830593273264263],""eps_min"":[0.03,0.1,0.03,0.08],""lr"":[0.00010586499170719053,0.0002956035333611583,0.004935062142819294,0.00044464982986014374],""optimizer"":[""adamw"",""adamw"",""adam"",""adam""],""replay_steps"":[4,2,1,8],""weight_decay"":[0.001,0.0001,1e-06,0.0001]}"
605,cfg_f48b62d8f279205d,"{""batch"":[16,32,64,32],""buffer"":[2000,10000,500,10000],""eps_decay"":[0.9808394029367905,0.9891615670251942,0.9995454961978156,0.9984501679493176],""eps_min"":[0.05,0.2,0.08,0.1],""lr"":[0.002415062457188154,0.00018238430359309165,0.003556932613609757,0.00023664924823481561],""optimizer"":[""adam"",""adam"",""adam"",""adam""],""replay_steps"":[2,4,4,4],""weight_decay"":[0.001,1e-05,1e-06,1e-06]}"
606,cfg_89f7b0c2878a30f9,"{""batch"":[16,16,64,64],""buffer"":[500,2000,1000,2000],""eps_decay"":[0.9994547812268904,0.9978315786407463,0.9942316657342154,0.9892230805190949],""eps_min"":[0.15,0.01,0.1,0.15],""lr"":[0.0003611073831558364,0.00047519800642920767,0.00040179589629555897,0.0004196242473668891],""optimizer"":[""adam"",""adam"",""adam"",""adamw""],""replay_steps"":[4,1,1,8],""weight_decay"":[0.0001,0.001,0.0001,0.001]}"
607,cfg_8ac7d0986ba28350,"{""batch"":[128,128,16,128],""buffer"":[10000,5000,500,2000],""eps_decay"":[0.9978177959201686,0.997558823421937,0.99896202819259,0.999842727152983],""eps_min"":[0.2,0.08,0.15,0.15],""lr"":[0.0016629812894564653,0.0003106447992969635,0.00046646005963493656,0.00035629204305253926],""optimizer"":[""adam"",""adam"",""adam"",""adamw""],""replay_steps"":[1,8,4,4],""weight_decay"":[1e-05,0.0001,0.0001,0.001]}"
608,cfg_238820b57534956a,"{""batch"":[16,64,16,128],""buffer"":[2000,5000,500,500],""eps_decay"":[0.9996471368503413,0.9988769428611075,0.9842060888629791,0.9857506365988827],""eps_min"":[0.15,0.05,0.03,0.15],""lr"":[0.0025135410947876957,0.0023629398628891023,0.0010097714897150094,0.003629935912536458],""optimizer"":[""adam"",""adamw"",""adamw"",""adam""],""replay_steps"":[8,2,4,4],""weight_decay"":[1e-06,1e-06,1e-06,0.001]}"
609,cfg_4bca80f9a3d15c84,"{""batch"":[64,128,32,16],""buffer"":[5000,2000,2000,10000],""eps_decay"":[0.9948815938621346,0.9984941422807048,0.9971485908929305,0.9924998417874268],""eps_min"":[0.01,0.05,0.03,0.01],""lr"":[0.0012856203228313815,0.0009004360361000009,0.00013267043662544076,0.0010343350330096442],""optimizer"":[""adam"",""adam"",""adamw"",""adam""],""replay_steps"":[1,8,4,4],""weight_decay"":[1e-06,0.001,0.001,1e-06]}"
610,cfg_2fa680d061e3c278,"{""batch"":[128,64,32,128],""buffer"":[1000,2000,2000,1000],""eps_decay"":[0.9853073283575532,0.9994677720478852,0.997178404741288,0.9990862990060825],""eps_min"":[0.15,0.05,0.01,0.08],""lr"":[0.00010539727024913292,0.00011655882786580642,0.0006895567865939979,0.0003700690545423573],""optimizer"":[""adam"",""adamw"",""adamw"",""adamw""],""replay_steps"":[2,2,2,2],""weight_decay"":[1e-06,1e-05,0.0001,0.001]}"
611,cfg_f47ad6bb50564feb,"{""batch"":[128,64,16,32],""buffer"":[5000,500,2000,10000],""eps_decay"":[0.9843446074395917,0.9997710778213577,0.9997263522236015,0.9994168258387008],""eps_min"":[0.03,0.08,0.15,0.08],""lr"":[0.00034445670492388265,0.00047693936186180675,0.0017653684520213492,0.0027158202385952164],""optimizer"":[""adamw"",""adam"",""adamw"",""adamw""],""replay_steps"":[8,1,4,1],""weight_decay"":[1e-05,0.001,1e-06,1e-05]}"
612,cfg_44a595efb1a3400e,"{""batch"":[64,16,32,32],""buffer"":[500,2000,1000,500],""eps_decay"":[0.9957655213267915,0.9918639588341135,0.9993926622268849,0.9994811871520745],""eps_min"":[0.2,0.01,0.01,0.15],""lr"":[0.0003056434204091789,0.00012143431265001565,0.0032620712697342047,0.0016810327166209842],""optimizer"":[""adam"",""adam"",""adamw"",""adam""],""replay_steps"":[2,1,2,4],""weight_decay"":[0.001,1e-06,0.001,1e-05]}"
613,cfg_6e72998234bd684d,"{""batch"":[16,64,32,16],""buffer"":[10000,1000,10000,10000],""eps_decay"":[0.9974367614948931,0.9986036698119757,0.9998376842760894,0.9877667641016872],""eps_min"":[0.1,0.01,0.08,0.08],""lr"":[0.002872125030351825,0.0003145546859295315,0.0026763132649722968,0.0011100625577582601],""optimizer"":[""adam"",""adamw"",""adamw"",""adam""],""replay_steps"":[1,1,2,1],""weight_decay"":[0.0001,0.0001,0.0001,1e-06]}"
614,cfg_7551860ea21dd911,"{""batch"":[16,32,128,64],""buffer"":[500,10000,10000,500],""eps_decay"":[0.9989619353977458,0.9998632029027792,0.9989607482830626,0.9889559065854011],""eps_min"":[0.05,0.01,0.08,0.05],""lr"":[0.0003701146151677623,0.0024646463195811415,0.0009561051929638168,0.002149391347512983],""optimizer"":[""adamw"",""adam"",""adam"",""adam""],""replay_steps"":[4,1,8,8],""weight_decay"":[0.0001,0.0001,1e-05,0.001]}"
615,cfg_8cd71039ce28f579,"{""batch"":[32,64,32,128],""buffer"":[2000,2000,500,500],""eps_decay"":[0.9975667198311917,0.9994092775815959,0.9998523396614555,0.9997562663425401],""eps_min"":[0.1,0.01,0.1,0.05],""lr"":[0.0005162604329703905,0.0036820990992091273,0.00012462400176742677,0.00018365130017588334],""optimizer"":[""adamw"",""adam"",""adam"",""adam""],""replay_steps"":[4,4,8,4],""weight_decay"":[1e-05,0.001,0.001,0.001]}"
616,cfg_3c00dd0a20939a9f,"{""batch"":[128,32,64,64],""buffer"":[10000,500,2000,2000],""eps_decay"":[0.999847240257943,0.9997693636714732,0.9994641374541382,0.9989821891171711],""eps_min"":[0.08,0.2,0.08,0.08],""lr"":[0.0012232631972997413,0.0002713836495382304,0.0005945124285028723,0.0009663800742902347],""optimizer"":[""adamw"",""adamw"",""adamw"",""adam""],""replay_steps"":[4,1,4,1],""weight_decay"":[0.0001,1e-06,0.001,1e-06]}"
617,cfg_f3e3d84b87092440,"{""batch"":[128,32,32,16],""buffer"":[2000,10000,5000,500],""eps_decay"":[0.9934470572417471,0.9985839956642855,0.9973307364418196,0.9973737583972454],""eps_min"":[0.01,0.05,0.01,0.08],""lr"":[0.00020405114203845328,0.0006381958361163077,0.0029099642025342985,0.00022827943134286476],""optimizer"":[""adam"",""adam"",""adamw"",""adamw""],""replay_steps"":[8,2,2,1],""weight_decay"":[1e-05,1e-06,1e-05,1e-05]}"
618,cfg_09dd55922552b1da,"{""batch"":[16,16,64,64],""buffer"":[5000,2000,500,500],""eps_decay"":[0.9832651858371039,0.9996450755856932,0.9960875929746656,0.9998503355306249],""eps_min"":[0.15,0.01,0.15,0.03],""lr"":[0.0001746802951297193,0.002990001064775459,0.0005006775357657833,0.004988705361401688],""optimizer"":[""adam"",""adamw"",""adam"",""adam""],""replay_steps"":[8,1,2,2],""weight_decay"":[1e-06,1e-06,1e-05,0.001]}"
619,cfg_5e6989253e374eaf,"{""batch"":[16,64,32,64],""buffer"":[5000,1000,1000,500],""eps_decay"":[0.9869936590262646,0.9990607589067404,0.9872938322467787,0.999457483997625],""eps_min"":[0.08,0.15,0.08,0.2],""lr"":[0.0006946252488281455,0.0023020344965335713,0.0006327337032400188,0.00012218931556160468],""optimizer"":[""adam"",""adamw"",""adam"",""adamw""],""replay_steps"":[8,1,8,1],""weight_decay"":[1e-06,1e-06,0.0001,1e-05]}"
620,cfg_ca047d3004e627a7,"{""batch"":[64,64,16,16],""buffer"":[5000,10000,5000,10000],""eps_decay"":[0.9994392273558382,0.9845671094274024,0.9998029412831053,0.9867672584263414],""eps_min"":[0.08,0.01,0.03,0.05],""lr"":[0.0027398818784904605,0.00013134019782355314,0.0015030046934576902,0.0006381774499138029],""optimizer"":[""adam"",""adamw"",""adam"",""adamw""],""replay_steps"":[2,2,8,4],""weight_decay"":[1e-05,0.0001,0.0001,0.001]}"
621,cfg_9573bee6c2977bb6,"{""batch"":[128,128,64,32],""buffer"":[1000,10000,5000,2000],""eps_decay"":[0.9981876644022555,0.996679319903723,0.9996388033924841,0.99869579366359],""eps_min"":[0.2,0.08,0.08,0.2],""lr"":[0.0010523763455334905,0.0005644970631671249,0.0002981923232376697,0.00013173787856363023],""optimizer"":[""adamw"",""adam"",""adam"",""adamw""],""replay_steps"":[4,1,8,1],""weight_decay"":[1e-06,0.0001,1e-05,1e-05]}"
622,cfg_df329b9933837198,"{""batch"":[16,128,16,16],""buffer"":[10000,5000,5000,10000],""eps_decay"":[0.9923678373018342,0.9996102982409055,0.9996282031437896,0.9997651833399304],""eps_min"":[0.01,0.2,0.2,0.15],""lr"":[0.00030724547093732065,0.0003067974810240306,0.00018006510757701108,0.0012436322848116046],""optimizer"":[""adamw"",""adamw"",""adam"",""adam""],""replay_steps"":[1,4,1,1],""weight_decay"":[0.001,0.001,1e-05,0.0001]}"
623,cfg_ac563eebc075eee7,"{""batch"":[16,64,16,64],""buffer"":[5000,2000,5000,500],""eps_decay"":[0.9961745905150236,0.9984548267400851,0.9922336855852995,0.9998292031763218],""eps_min"":[0.08,0.15,0.2,0.1],""lr"":[0.0012722830582294724,0.000986845788626003,0.0008829696387021893,0.00028191594639369224],""optimizer"":[""adamw"",""adamw"",""adamw"",""adam""],""replay_steps"":[8,2,1,1],""weight_decay"":[1e-06,1e-06,0.001,1e-05]}"
624,cfg_4a10be600414c308,"{""batch"":[32,128,32,32],""buffer"":[5000,10000,1000,5000],""eps_decay"":[0.9809880764875858,0.9842620178364824,0.9959386567751283,0.9964041120031298],""eps_min"":[0.05,0.2,0.08,0.08],""lr"":[0.0002765978551590584,0.0008324907062238291,0.00037301995632705014,0.0004084027477103779],""optimizer"":[""adam"",""adam"",""adam"",""adam""],""replay_steps"":[8,8,2,4],""weight_decay"":[1e-06,0.001,1e-05,0.001]}"
625,cfg_fbc54a0d2d65af13,"{""batch"":[32,16,128,16],""buffer"":[5000,5000,5000,500],""eps_decay"":[0.9992747853461311,0.9995469273599055,0.9990052072966495,0.9921884560400321],""eps_min"":[0.2,0.01,0.03,0.01],""lr"":[0.0009041348396026474,0.000757569057407327,0.0025436948771202245,0.00012674607740576944],""optimizer"":[""adam"",""adamw"",""adamw"",""adam""],""replay_steps"":[2,1,2,4],""weight_decay"":[0.0001,1e-06,1e-05,1e-06]}"
626,cfg_9fb060f2e0464176,"{""batch"":[32,64,64,32],""buffer"":[5000,10000,10000,1000],""eps_decay"":[0.9992375263898583,0.9965507677966325,0.9995990166380768,0.9970978669830082],""eps_min"":[0.01,0.08,0.15,0.01],""lr"":[0.0006173574576314334,0.0005182141836651508,0.0036985569459106215,0.00010417120893475568],""optimizer"":[""adam"",""adamw"",""adam"",""adamw""],""replay_steps"":[1,2,1,4],""weight_decay"":[1e-06,1e-05,1e-05,0.001]}"
627,cfg_a0d69061d7f23582,"{""batch"":[32,32,128,128],""buffer"":[500,10000,10000,10000],""eps_decay"":[0.9981939980478443,0.9857643465850887,0.9922640280377945,0.9972786762456285],""eps_min"":[0.03,0.05,0.15,0.08],""lr"":[0.00021794085186417376,0.00015569278741318728,0.00036768077942091686,0.003612180425432402],""optimizer"":[""adamw"",""adam"",""adam"",""adam""],""replay_steps"":[8,4,1,1],""weight_decay"":[0.0001,0.001,0.001,1e-06]}"
628,cfg_905b18b5d9d2aebc,"{""batch"":[16,16,64,64],""buffer"":[5000,2000,1000,5000],""eps_decay"":[0.9971684613066324,0.9993299101084252,0.9990201194062579,0.9995329388861774],""eps_min"":[0.15,0.05,0.1,0.03],""lr"":[0.00025224708781626455,0.003073942951785831,0.0009713800848352514,0.0003183378247928464],""optimizer"":[""adamw"",""adamw"",""adam"",""adam""],""replay_steps"":[4,1,4,2],""weight_decay"":[1e-05,0.0001,0.001,1e-05]}"
629,cfg_f0532f4dc9c36bf4,"{""batch"":[32,128,32,64],""buffer"":[500,1000,500,10000],""eps_decay"":[0.9956231344681117,0.9837759227532589,0.9971043373179831,0.9992450019235067],""eps_min"":[0.03,0.01,0.15,0.15],""lr"":[0.0009390563205665865,0.00016763460772725505,0.0019527452864889331,0.0009687310744095846],""optimizer"":[""adamw"",""adam"",""adam"",""adamw""],""replay_steps"":[4,1,1,8],""weight_decay"":[0.001,1e-05,0.0001,1e-06]}"
630,cfg_3de6b4425254a8d4,"{""batch"":[64,128,128,64],""buffer"":[10000,1000,500,1000],""eps_decay"":[0.9995950721151404,0.9995454419608065,0.9975222562440983,0.9998669449404542],""eps_min"":[0.1,0.08,0.1,0.08],""lr"":[0.003538997189788073,0.004130367739876696,0.003957191160298599,0.00013157443827128355],""optimizer"":[""adamw"",""adamw"",""adamw"",""adamw""],""replay_steps"":[2,8,4,1],""weight_decay"":[0.001,0.001,0.0001,0.0001]}"
631,cfg_4c2efbede465e85a,"{""batch"":[128,128,32,128],""buffer"":[500,2000,500,2000],""eps_decay"":[0.999755885493331,0.9997305144955182,0.9929615454839034,0.997012368376268],""eps_min"":[0.2,0.1,0.2,0.01],""lr"":[0.00024345126573837263,0.00014430218949934562,0.004263655303676918,0.00011015973213152256],""optimizer"":[""adam"",""adamw"",""adam"",""adamw""],""replay_steps"":[8,2,2,8],""weight_decay"":[1e-06,1e-06,1e-06,1e-06]}"
632,cfg_14069724bfd2036a,"{""batch"":[16,32,32,128],""buffer"":[10000,5000,2000,500],""eps_decay"":[0.9996365859417552,0.9996191592184732,0.9961171857103408,0.9971044847974826],""eps_min"":[0.03,0.03,0.08,0.15],""lr"":[0.003660877726842954,0.0001957886416395295,0.0007617201321406109,0.0008555272391931601],""optimizer"":[""adamw"",""adamw"",""adamw"",""adam""],""replay_steps"":[4,8,1,8],""weight_decay"":[1e-05,1e-05,1e-06,1e-05]}"
633,cfg_866b07b99a5ad235,"{""batch"":[16,16,16,32],""buffer"":[2000,10000,1000,500],""eps_decay"":[0.9997881867667626,0.9990993006700406,0.9800869912577946,0.9994965036171146],""eps_min"":[0.08,0.05,0.2,0.15],""lr"":[0.0004249827013097485,0.0014170121902487014,0.000515247671413993,0.0004557001305564209],""optimizer"":[""adam"",""adamw"",""adam"",""adam""],""replay_steps"":[4,2,8,2],""weight_decay"":[0.001,0.001,1e-05,1e-05]}"
634,cfg_35f5ad22d40878a6,"{""batch"":[16,64,32,16],""buffer"":[2000,5000,5000,2000],""eps_decay"":[0.9913663240717331,0.9996073631131829,0.9879966895027553,0.9980484846574716],""eps_min"":[0.01,0.2,0.01,0.01],""lr"":[0.0007240587126890165,0.002062049235103417,0.0007715771818731442,0.0009386054747022471],""optimizer"":[""adamw"",""adamw"",""adam"",""adam""],""replay_steps"":[1,2,2,8],""weight_decay"":[1e-06,0.001,0.001,1e-05]}"
635,cfg_4afacc1583665528,"{""batch"":[64,16,32,64],""buffer"":[500,500,5000,5000],""eps_decay"":[0.9998794994931467,0.9991282950607951,0.9954014528095675,0.9984629108027683],""eps_min"":[0.03,0.15,0.08,0.1],""lr"":[0.00022702736704348974,0.0003346210017435646,0.0015227115231435764,0.003595498670714994],""optimizer"":[""adamw"",""adamw"",""adam"",""adamw""],""replay_steps"":[1,8,8,2],""weight_decay"":[1e-06,1e-06,0.001,1e-06]}"
636,cfg_6c94c3f373a4ee9f,"{""batch"":[64,128,128,32],""buffer"":[2000,1000,1000,1000],""eps_decay"":[0.9996291886014709,0.999673183005188,0.9997758479537253,0.9998714898272364],""eps_min"":[0.05,0.08,0.2,0.05],""lr"":[0.0005234454281955581,0.003707866564379781,0.0002878990812445683,0.0008045966270775404],""optimizer"":[""adam"",""adamw"",""adamw"",""adamw""],""replay_steps"":[4,1,1,1],""weight_decay"":[0.001,1e-06,1e-06,0.0001]}"
637,cfg_9bd2069fbd40f5e9,"{""batch"":[64,128,16,32],""buffer"":[500,5000,2000,2000],""eps_decay"":[0.997077058558415,0.9986560442083584,0.9995033145909957,0.9937965815915176],""eps_min"":[0.05,0.01,0.2,0.1],""lr"":[0.0005629216235648301,0.00024128731460816563,0.0009205497750492159,0.0019718913289900955],""optimizer"":[""adam"",""adamw"",""adam"",""adamw""],""replay_steps"":[2,8,1,1],""weight_decay"":[1e-06,1e-05,1e-06,0.001]}"
638,cfg_d189438d69934747,"{""batch"":[128,16,32,128],""buffer"":[500,10000,500,5000],""eps_decay"":[0.9992606504383881,0.9998715015652934,0.9996313332319348,0.9996207619316094],""eps_min"":[0.05,0.08,0.05,0.15],""lr"":[0.0001641766031477824,0.0003041084842733083,0.0007135325946159725,0.0003916566212722775],""optimizer"":[""adam"",""adam"",""adamw"",""adam""],""replay_steps"":[4,8,4,2],""weight_decay"":[0.001,1e-06,0.001,1e-06]}"
639,cfg_62f3a9e2a0e433c6,"{""batch"":[64,16,128,64],""buffer"":[1000,500,5000,500],""eps_decay"":[0.9925700748195069,0.9998269794630034,0.9959233853168623,0.9906819128306787],""eps_min"":[0.05,0.15,0.05,0.03],""lr"":[0.000347892695179784,0.00010773133579187033,0.003824359474072283,0.0026107815735170186],""optimizer"":[""adamw"",""adam"",""adamw"",""adamw""],""replay_steps"":[1,2,4,4],""weight_decay"":[1e-06,1e-06,0.001,0.0001]}"
640,cfg_941b3b055357d44f,"{""batch"":[16,16,32,128],""buffer"":[5000,500,10000,2000],""eps_decay"":[0.9978106799057012,0.9971523287494519,0.995032464565394,0.9973938849268771],""eps_min"":[0.15,0.08,0.08,0.01],""lr"":[0.0001423766626556754,0.00019920576738068313,0.001514602303977948,0.004985471605354271],""optimizer"":[""adam"",""adam"",""adam"",""adamw""],""replay_steps"":[2,4,4,8],""weight_decay"":[1e-06,1e-06,0.001,0.001]}"
641,cfg_ed2db62543abcc1b,"{""batch"":[128,32,128,16],""buffer"":[10000,500,2000,2000],""eps_decay"":[0.9956309868909637,0.9998657375694116,0.9980510976026358,0.9865616112576376],""eps_min"":[0.03,0.15,0.03,0.1],""lr"":[0.000138938896714119,0.0003233938955378039,0.00273245717083058,0.004181213022908876],""optimizer"":[""adamw"",""adamw"",""adamw"",""adamw""],""replay_steps"":[1,2,1,4],""weight_decay"":[1e-06,1e-06,1e-05,1e-05]}"
642,cfg_17c6396955738f58,"{""batch"":[32,128,64,128],""buffer"":[10000,5000,5000,10000],""eps_decay"":[0.9998249275016086,0.9989858270103874,0.9997957770254796,0.9997195146140138],""eps_min"":[0.01,0.1,0.05,0.01],""lr"":[0.0002623647337150315,0.0011081621214217709,0.004392392883206551,0.00032847339695992416],""optimizer"":[""adamw"",""adam"",""adam"",""adam""],""replay_steps"":[4,8,4,2],""weight_decay"":[0.0001,1e-06,1e-05,0.0001]}"
643,cfg_2241fb2182f80287,"{""batch"":[16,64,32,128],""buffer"":[2000,500,500,500],""eps_decay"":[0.9862552520188173,0.9996338948182527,0.9936420463004052,0.9938587584868966],""eps_min"":[0.05,0.15,0.03,0.15],""lr"":[0.00017452853334711348,0.001713929918776548,0.00017298314921436377,0.00012216571132385332],""optimizer"":[""adamw"",""adam"",""adam"",""adam""],""replay_steps"":[1,8,8,2],""weight_decay"":[1e-05,0.001,0.001,1e-06]}"
644,cfg_cd66edc31b9e45e4,"{""batch"":[128,128,64,32],""buffer"":[500,10000,5000,1000],""eps_decay"":[0.9855693731114487,0.9951298655998401,0.997033516589673,0.9879471839933749],""eps_min"":[0.08,0.1,0.05,0.05],""lr"":[0.00033989555058412066,0.0032101244765408567,0.0017828658789408212,0.00326244153160774],""optimizer"":[""adam"",""adam"",""adam"",""adamw""],""replay_steps"":[1,2,8,2],""weight_decay"":[0.0001,1e-05,0.0001,0.0001]}"
645,cfg_8d3a543bf8e32c51,"{""batch"":[32,128,32,64],""buffer"":[5000,1000,2000,1000],""eps_decay"":[0.9978905099508882,0.9998614931914341,0.9971450035207705,0.9997387263063533],""eps_min"":[0.15,0.2,0.05,0.03],""lr"":[0.0006565808090351956,0.00047893525737187874,0.004519710057118889,0.0009342284247043851],""optimizer"":[""adam"",""adamw"",""adamw"",""adamw""],""replay_steps"":[1,1,8,4],""weight_decay"":[0.0001,1e-06,0.0001,1e-05]}"
646,cfg_960120217afa22af,"{""batch"":[16,128,16,32],""buffer"":[1000,10000,10000,10000],""eps_decay"":[0.9981334734490513,0.9973573863612799,0.9995900952602762,0.9919200479728812],""eps_min"":[0.2,0.15,0.05,0.2],""lr"":[0.0002344317765598292,0.0001029299327870672,0.0005660812830719638,0.0006268421447490221],""optimizer"":[""adam"",""adam"",""adam"",""adam""],""replay_steps"":[8,8,4,1],""weight_decay"":[0.0001,1e-05,1e-05,0.001]}"
647,cfg_132f541b255db74c,"{""batch"":[64,128,16,128],""buffer"":[5000,2000,1000,500],""eps_decay"":[0.9981207929783479,0.9967052965812588,0.9993905073020101,0.9998966913949154],""eps_min"":[0.05,0.08,0.05,0.03],""lr"":[0.0006796019876022303,0.0003662859376144728,0.0007681382355427614,0.0003537760016314612],""optimizer"":[""adam"",""adam"",""adamw"",""adam""],""replay_steps"":[8,2,1,8],""weight_decay"":[1e-05,1e-06,0.0001,0.0001]}"
648,cfg_a133ce28dc4a1f01,"{""batch"":[32,128,16,64],""buffer"":[2000,5000,2000,1000],""eps_decay"":[0.9998629874668681,0.9985764686486036,0.9813698362415458,0.9965822331194243],""eps_min"":[0.1,0.03,0.08,0.1],""lr"":[0.002798035182172058,0.00041668984047378777,0.0002061345267697978,0.0008268711999264141],""optimizer"":[""adamw"",""adam"",""adam"",""adam""],""replay_steps"":[2,2,1,1],""weight_decay"":[1e-06,1e-05,1e-06,0.001]}"
649,cfg_1aa0b923c73b775c,"{""batch"":[128,16,32,128],""buffer"":[2000,2000,2000,5000],""eps_decay"":[0.9994471055126,0.9996700160396429,0.9993685929466365,0.999500408604935],""eps_min"":[0.05,0.08,0.05,0.1],""lr"":[0.0012861215039280116,0.0012235236605236514,0.00023809645119242682,0.00015547579070952978],""optimizer"":[""adamw"",""adam"",""adamw"",""adam""],""replay_steps"":[8,1,4,4],""weight_decay"":[0.001,1e-05,0.001,1e-06]}"
650,cfg_639649642fd995c9,"{""batch"":[128,64,16,64],""buffer"":[2000,2000,5000,500],""eps_decay"":[0.9993314518018422,0.9998425034700454,0.9802878922624261,0.9968523796393072],""eps_min"":[0.03,0.2,0.2,0.2],""lr"":[0.0005663783773740702,0.0007804913963646859,0.0002113442800435015,0.0002365355951651137],""optimizer"":[""adam"",""adamw"",""adamw"",""adamw""],""replay_steps"":[8,8,1,2],""weight_decay"":[0.0001,1e-06,1e-05,1e-06]}"
651,cfg_793aa7e57215fb6b,"{""batch"":[16,16,16,64],""buffer"":[2000,10000,500,10000],""eps_decay"":[0.991685987986327,0.9997879241437948,0.9997974620507201,0.9895560744882141],""eps_min"":[0.15,0.1,0.15,0.15],""lr"":[0.00012121072416564992,0.0012357980031961298,0.0003263037952479385,0.0013366674813534243],""optimizer"":[""adam"",""adamw"",""adam"",""adamw""],""replay_steps"":[2,1,1,4],""weight_decay"":[1e-06,1e-06,1e-06,1e-06]}"
652,cfg_027501efb1a0800c,"{""batch"":[128,64,16,32],""buffer"":[500,1000,500,5000],""eps_decay"":[0.9990431719990784,0.9998677551763087,0.9812088954009042,0.9983019769372368],""eps_min"":[0.1,0.2,0.15,0.1],""lr"":[0.0002628067126612269,0.00012968834882180576,0.002858978007112299,0.002482179638092833],""optimizer"":[""adam"",""adamw"",""adam"",""adamw""],""replay_steps"":[8,2,4,8],""weight_decay"":[0.001,1e-06,1e-06,0.0001]}"
653,cfg_96f09ffe2a7a7283,"{""batch"":[16,128,32,16],""buffer"":[500,5000,2000,500],""eps_decay"":[0.9997000928707247,0.9997277480275052,0.9920918041721779,0.9904655756895282],""eps_min"":[0.03,0.05,0.2,0.2],""lr"":[0.000627781172755507,0.00021734724879597707,0.00017628237025059233,0.00030913374355472453],""optimizer"":[""adamw"",""adam"",""adam"",""adam""],""replay_steps"":[4,8,1,1],""weight_decay"":[1e-06,0.001,0.0001,1e-06]}"
654,cfg_d09e81f648dafa52,"{""batch"":[128,16,16,64],""buffer"":[5000,10000,5000,500],""eps_decay"":[0.9972175954604627,0.9932166825393786,0.9953703688393198,0.9977816789631315],""eps_min"":[0.03,0.15,0.05,0.05],""lr"":[0.0021753829870700928,0.00014338448898727107,0.00025941338973702776,0.0035079565968335648],""optimizer"":[""adam"",""adam"",""adam"",""adamw""],""replay_steps"":[1,4,2,8],""weight_decay"":[1e-05,1e-06,0.001,0.0001]}"
655,cfg_b15e399d6d86140b,"{""batch"":[16,64,64,128],""buffer"":[10000,10000,500,2000],""eps_decay"":[0.9979996901716583,0.9984551694742961,0.998779207380072,0.9960551580588035],""eps_min"":[0.2,0.08,0.03,0.08],""lr"":[0.0038739583535390633,0.0004652162741978673,0.0016014684993630182,0.002558471042177341],""optimizer"":[""adamw"",""adam"",""adamw"",""adamw""],""replay_steps"":[1,4,1,1],""weight_decay"":[0.001,1e-06,0.0001,0.0001]}"
656,cfg_eb60631f2d8538ec,"{""batch"":[128,128,128,64],""buffer"":[500,10000,1000,2000],""eps_decay"":[0.9998943939007032,0.9997542214557794,0.9994215374870458,0.9997114141678525],""eps_min"":[0.03,0.01,0.15,0.03],""lr"":[0.0018965819257587646,0.0017364777874531892,0.0012401693770493641,0.0020290724425649003],""optimizer"":[""adamw"",""adam"",""adamw"",""adamw""],""replay_steps"":[4,4,8,4],""weight_decay"":[1e-06,0.001,0.0001,1e-05]}"
657,cfg_abd8bc1c9a1eaa2f,"{""batch"":[32,32,32,16],""buffer"":[500,1000,10000,500],""eps_decay"":[0.9989938487205879,0.999180550495443,0.9990395775237519,0.9968864848393667],""eps_min"":[0.03,0.01,0.05,0.01],""lr"":[0.00046681551950987895,0.00015236785623364262,0.002149560568797083,0.0005574253163401194],""optimizer"":[""adam"",""adam"",""adamw"",""adamw""],""replay_steps"":[8,1,4,1],""weight_decay"":[1e-05,1e-05,1e-06,0.001]}"
658,cfg_c6868025723963dc,"{""batch"":[128,16,64,16],""buffer"":[5000,1000,10000,2000],""eps_decay"":[0.999650684586651,0.9883903745772503,0.9979102008310871,0.9995826432931726],""eps_min"":[0.15,0.05,0.15,0.15],""lr"":[0.00017579609560984815,0.000888040385606449,0.00035191054948475325,0.0002569237455434942],""optimizer"":[""adam"",""adam"",""adam"",""adamw""],""replay_steps"":[2,8,2,1],""weight_decay"":[0.0001,1e-05,0.001,0.0001]}"
659,cfg_6ed01745f07431b4,"{""batch"":[64,32,128,32],""buffer"":[500,5000,10000,10000],""eps_decay"":[0.9854451804243978,0.9993142773741734,0.9901472333548801,0.9958406125453533],""eps_min"":[0.05,0.2,0.15,0.1],""lr"":[0.0013550737913025606,0.0002087592419875118,0.0007523105199252598,0.0001718061517755397],""optimizer"":[""adamw"",""adamw"",""adamw"",""adam""],""replay_steps"":[8,1,2,1],""weight_decay"":[1e-06,1e-06,1e-05,1e-06]}"
660,cfg_cba47df479c0e348,"{""batch"":[16,128,32,32],""buffer"":[5000,1000,10000,10000],""eps_decay"":[0.9929104686953898,0.997340493399717,0.9997002564315902,0.9982385435044027],""eps_min"":[0.15,0.08,0.08,0.08],""lr"":[0.004163447446216822,0.001203604181132299,0.00102577550146003,0.002793976357248861],""optimizer"":[""adam"",""adam"",""adam"",""adam""],""replay_steps"":[1,2,2,8],""weight_decay"":[1e-06,0.001,1e-05,0.001]}"
661,cfg_834a589ff82dda1d,"{""batch"":[128,64,64,128],""buffer"":[2000,500,500,2000],""eps_decay"":[0.9995814057777155,0.9987265360661458,0.9993356932794804,0.999580618681686],""eps_min"":[0.05,0.05,0.08,0.08],""lr"":[0.0005370927224265144,0.0005292035935621033,0.0007992525853028885,0.0011905925361704248],""optimizer"":[""adamw"",""adam"",""adamw"",""adamw""],""replay_steps"":[4,8,1,1],""weight_decay"":[0.0001,1e-05,1e-05,1e-06]}"
662,cfg_0d965cb3717c941f,"{""batch"":[16,16,32,64],""buffer"":[10000,2000,2000,10000],""eps_decay"":[0.9992954332567514,0.9974257172289248,0.9979515455937912,0.9869551725359599],""eps_min"":[0.1,0.01,0.03,0.03],""lr"":[0.0001083303356705741,0.00025191913216327465,0.0008539891805382659,0.0017191440361835834],""optimizer"":[""adam"",""adam"",""adam"",""adam""],""replay_steps"":[1,8,2,8],""weight_decay"":[0.0001,0.0001,0.001,0.001]}"
663,cfg_8ef9fd461b2977ac,"{""batch"":[128,32,16,32],""buffer"":[5000,5000,10000,2000],""eps_decay"":[0.9938341497909429,0.9952312424100852,0.9994614241662204,0.9986245805800031],""eps_min"":[0.03,0.08,0.05,0.01],""lr"":[0.0019387810971992375,0.00011589883107246682,0.0016641992750197248,0.0017883093597035101],""optimizer"":[""adamw"",""adamw"",""adamw"",""adam""],""replay_steps"":[4,2,8,4],""weight_decay"":[1e-06,0.001,1e-06,1e-06]}"
664,cfg_c3e7e1ced25ec7bb,"{""batch"":[64,64,128,64],""buffer"":[2000,10000,10000,5000],""eps_decay"":[0.9998321751837324,0.9993508219263881,0.9970026238255796,0.9997883187532308],""eps_min"":[0.08,0.15,0.01,0.2],""lr"":[0.0013716932255836082,0.0008962350515501379,0.0035141518859242854,0.0030971052175902338],""optimizer"":[""adam"",""adamw"",""adam"",""adam""],""replay_steps"":[2,2,8,2],""weight_decay"":[1e-05,1e-05,0.0001,0.0001]}"
665,cfg_1cede9b6aa0de0dc,"{""batch"":[16,32,16,32],""buffer"":[5000,1000,5000,500],""eps_decay"":[0.9839211092528787,0.9979621780551186,0.982648604054602,0.9980054346020629],""eps_min"":[0.01,0.03,0.08,0.2],""lr"":[0.0011803069508864567,0.0005062470924799469,0.0014612994563786023,0.004128325173079795],""optimizer"":[""adamw"",""adam"",""adam"",""adam""],""replay_steps"":[4,1,2,8],""weight_decay"":[0.001,0.0001,1e-05,0.001]}"
666,cfg_e56cf7d34dc88e4a,"{""batch"":[128,16,64,128],""buffer"":[1000,500,5000,5000],""eps_decay"":[0.9956542220091569,0.9998533267487563,0.9998459550834823,0.9998619177359267],""eps_min"":[0.2,0.05,0.03,0.08],""lr"":[0.00033315401612542944,0.00010937775290664139,0.0031915597856559605,0.00012639498159558817],""optimizer"":[""adamw"",""adam"",""adamw"",""adam""],""replay_steps"":[2,2,1,4],""weight_decay"":[0.0001,0.001,1e-05,0.001]}"
667,cfg_cd37eb20def6f0ea,"{""batch"":[128,64,128,64],""buffer"":[5000,2000,10000,2000],""eps_decay"":[0.999363932388781,0.9997342470282912,0.9989981519161347,0.9989005383454513],""eps_min"":[0.2,0.05,0.1,0.03],""lr"":[0.001830597783291384,0.0008229500304994027,0.00011114352992365907,0.0001260775005928181],""optimizer"":[""adam"",""adamw"",""adam"",""adamw""],""replay_steps"":[4,8,8,1],""weight_decay"":[0.0001,0.0001,0.001,0.001]}"
668,cfg_cf5f0bc8d75daf60,"{""batch"":[16,32,16,32],""buffer"":[2000,5000,10000,5000],""eps_decay"":[0.999516804276463,0.9991176382440465,0.981492097977885,0.9972889926720534],""eps_min"":[0.03,0.05,0.1,0.2],""lr"":[0.00479887647458641,0.00027108958207154983,0.00381434790378283,0.002556131503653616],""optimizer"":[""adam"",""adam"",""adamw"",""adam""],""replay_steps"":[4,4,8,8],""weight_decay"":[1e-05,1e-06,1e-06,1e-06]}"
669,cfg_c4126a0475ec06fd,"{""batch"":[16,128,128,32],""buffer"":[5000,1000,500,2000],""eps_decay"":[0.9952817898691918,0.9995232519183052,0.9919879042326801,0.998857171293551],""eps_min"":[0.2,0.1,0.15,0.08],""lr"":[0.0001945777524830248,0.0006768678667187715,0.00041313804632029077,0.00118830357845618],""optimizer"":[""adam"",""adamw"",""adamw"",""adam""],""replay_steps"":[1,1,1,2],""weight_decay"":[0.001,0.0001,0.001,0.0001]}"
670,cfg_1c0a74ccb151a343,"{""batch"":[64,128,128,32],""buffer"":[500,1000,10000,2000],""eps_decay"":[0.999771953131974,0.9995876344013281,0.9998074175941034,0.9993822151165052],""eps_min"":[0.2,0.03,0.15,0.03],""lr"":[0.00021832147354198787,0.0003216812870185705,0.00016030716382227296,0.0006967297689402324],""optimizer"":[""adam"",""adam"",""adam"",""adamw""],""replay_steps"":[2,1,2,1],""weight_decay"":[1e-05,0.001,0.0001,0.0001]}"
671,cfg_517c0bd545aa5457,"{""batch"":[64,128,16,16],""buffer"":[1000,2000,500,1000],""eps_decay"":[0.9998062848323315,0.9996978065356925,0.9996446200062017,0.9987611695491695],""eps_min"":[0.2,0.05,0.05,0.08],""lr"":[0.00011907805706979706,0.00016459061616908174,0.003631149537101756,0.0015596320047658026],""optimizer"":[""adam"",""adamw"",""adam"",""adamw""],""replay_steps"":[2,1,2,4],""weight_decay"":[1e-05,0.001,1e-05,0.001]}"
672,cfg_90e5a79ea1b5785a,"{""batch"":[64,32,64,128],""buffer"":[5000,500,500,2000],""eps_decay"":[0.9997465417782093,0.9998810368087512,0.9978792075319862,0.9926246354556431],""eps_min"":[0.03,0.03,0.05,0.08],""lr"":[0.00265089131856365,0.0015185943296172324,0.00045699007418917564,0.00020060369318061847],""optimizer"":[""adam"",""adamw"",""adamw"",""adam""],""replay_steps"":[8,2,4,8],""weight_decay"":[0.0001,1e-06,0.0001,0.0001]}"
673,cfg_1c291494edd0aaa9,"{""batch"":[32,64,128,32],""buffer"":[500,10000,1000,5000],""eps_decay"":[0.9951385498324499,0.9913452623855303,0.9860124612487147,0.9955216184699573],""eps_min"":[0.2,0.15,0.01,0.2],""lr"":[0.00023925350798564756,0.00023165309600939375,0.0010864451562595861,0.0002795372186965087],""optimizer"":[""adam"",""adam"",""adamw"",""adam""],""replay_steps"":[4,4,8,8],""weight_decay"":[0.001,1e-05,0.0001,1e-05]}"
674,cfg_0e98d3c24db37dd6,"{""batch"":[16,64,16,64],""buffer"":[500,500,10000,10000],""eps_decay"":[0.9979468326311357,0.998369944517057,0.9988387666233309,0.9971150173834233],""eps_min"":[0.08,0.15,0.15,0.05],""lr"":[0.002324161421825453,0.0028830894540423455,0.004027524118500351,0.0009406188332054328],""optimizer"":[""adamw"",""adamw"",""adam"",""adamw""],""replay_steps"":[8,1,2,8],""weight_decay"":[1e-05,0.0001,0.001,1e-06]}"
675,cfg_6b977ddce3573ba7,"{""batch"":[128,32,16,128],""buffer"":[5000,5000,1000,500],""eps_decay"":[0.9876458899002802,0.9993810257073762,0.9993972263836636,0.9934468257850327],""eps_min"":[0.01,0.2,0.2,0.15],""lr"":[0.002807517335483259,0.000611811150190081,0.0033812847881827487,0.004966833311301489],""optimizer"":[""adam"",""adamw"",""adam"",""adamw""],""replay_steps"":[4,4,2,4],""weight_decay"":[1e-05,1e-05,1e-06,1e-06]}"
676,cfg_792b17beafba40ce,"{""batch"":[128,64,128,32],""buffer"":[5000,1000,10000,10000],""eps_decay"":[0.9993464853453432,0.9998752420583211,0.9995675512848793,0.9994363489534044],""eps_min"":[0.08,0.15,0.03,0.08],""lr"":[0.0003784712125435996,0.002038505724345943,0.0035339329765690206,0.00017334397692536345],""optimizer"":[""adam"",""adam"",""adam"",""adamw""],""replay_steps"":[2,2,2,8],""weight_decay"":[1e-05,0.0001,0.0001,1e-06]}"
677,cfg_cae270316eb70ce6,"{""batch"":[64,64,64,32],""buffer"":[2000,500,2000,1000],""eps_decay"":[0.9997508638830446,0.9998014618868303,0.9998675843086886,0.9994055639995216],""eps_min"":[0.2,0.01,0.15,0.1],""lr"":[0.004609733914719945,0.0002997562836958455,0.00032680373420663345,0.0007199374786427561],""optimizer"":[""adam"",""adamw"",""adamw"",""adam""],""replay_steps"":[1,2,1,8],""weight_decay"":[1e-05,0.001,1e-06,1e-05]}"
678,cfg_5cc251102588b936,"{""batch"":[16,16,128,32],""buffer"":[10000,5000,2000,2000],""eps_decay"":[0.9991253083054993,0.9984269397736697,0.9989187945581444,0.999512881583717],""eps_min"":[0.15,0.01,0.05,0.01],""lr"":[0.004653764627082443,0.0015265569893822477,0.001160399267849554,0.0029647045145993695],""optimizer"":[""adam"",""adam"",""adam"",""adam""],""replay_steps"":[4,4,4,8],""weight_decay"":[0.0001,1e-05,0.0001,0.0001]}"
679,cfg_82c9317c4c2067f8,"{""batch"":[64,64,16,16],""buffer"":[500,500,10000,500],""eps_decay"":[0.9994307911206664,0.9907994254452892,0.988030671736595,0.9960296278594789],""eps_min"":[0.03,0.15,0.05,0.01],""lr"":[0.000524235394795867,0.001063195850290876,0.00020410614055494704,0.00021446076600249763],""optimizer"":[""adamw"",""adamw"",""adamw"",""adamw""],""replay_steps"":[8,8,1,4],""weight_decay"":[1e-05,0.0001,1e-05,1e-06]}"
680,cfg_3c79b0d31722672a,"{""batch"":[64,64,32,128],""buffer"":[2000,500,500,2000],""eps_decay"":[0.9946462806268881,0.9998757157973065,0.9998853261305346,0.9985707024649935],""eps_min"":[0.1,0.01,0.03,0.15],""lr"":[0.00024399767066994615,0.0010213639748289061,0.001660701146803292,0.0027345087803714923],""optimizer"":[""adam"",""adam"",""adamw"",""adam""],""replay_steps"":[8,8,2,4],""weight_decay"":[0.0001,0.001,1e-06,0.001]}"
681,cfg_cff5c431ddc3128d,"{""batch"":[128,128,32,16],""buffer"":[1000,1000,500,2000],""eps_decay"":[0.9963879744328665,0.9915016658249847,0.9953063907997047,0.9997189964605198],""eps_min"":[0.1,0.01,0.05,0.05],""lr"":[0.0012437478484827386,0.0002363651011404972,0.001294138370346827,0.0026539163621078616],""optimizer"":[""adamw"",""adam"",""adam"",""adam""],""replay_steps"":[8,1,1,4],""weight_decay"":[0.001,1e-06,1e-05,0.001]}"
682,cfg_e1731235aa67f3d4,"{""batch"":[32,16,16,32],""buffer"":[10000,500,500,500],""eps_decay"":[0.9815452263908029,0.9994727618440682,0.9997782821964315,0.9990826226980392],""eps_min"":[0.15,0.05,0.1,0.01],""lr"":[0.0009947902154667343,0.00017537658903506945,0.0001866713606181272,0.0005062910058227257],""optimizer"":[""adam"",""adam"",""adam"",""adamw""],""replay_steps"":[2,1,2,1],""weight_decay"":[0.001,0.0001,1e-05,1e-06]}"
683,cfg_52e8d67628bd0836,"{""batch"":[16,64,32,128],""buffer"":[10000,5000,10000,5000],""eps_decay"":[0.9949985696583286,0.9939003235508502,0.999837130677143,0.9993982822652143],""eps_min"":[0.2,0.2,0.08,0.2],""lr"":[0.0024156858639717157,0.00022684577422474772,0.00016359796937578643,0.0033206135947766078],""optimizer"":[""adam"",""adamw"",""adamw"",""adamw""],""replay_steps"":[1,8,8,8],""weight_decay"":[0.001,1e-05,0.001,0.0001]}"
684,cfg_7319f5e90f100bd9,"{""batch"":[16,32,128,16],""buffer"":[5000,1000,10000,500],""eps_decay"":[0.997721431318657,0.9900824626554445,0.9991358339704794,0.9986538916268679],""eps_min"":[0.1,0.03,0.08,0.08],""lr"":[0.00014755842226926328,0.0008340586006603279,0.0005092971542676303,0.0028720598534499927],""optimizer"":[""adamw"",""adam"",""adamw"",""adamw""],""replay_steps"":[4,8,2,1],""weight_decay"":[0.0001,1e-05,1e-05,0.001]}"
685,cfg_c7740356d8aa04ef,"{""batch"":[32,32,64,32],""buffer"":[1000,10000,500,1000],""eps_decay"":[0.9995383017679748,0.9975682266675688,0.9998552866155472,0.9937835383491137],""eps_min"":[0.2,0.03,0.08,0.03],""lr"":[0.00011316166496644258,0.000156977426158303,0.00013854976330779888,0.0003572353357528915],""optimizer"":[""adam"",""adam"",""adam"",""adam""],""replay_steps"":[2,2,4,8],""weight_decay"":[1e-06,1e-05,0.0001,1e-05]}"
686,cfg_51fe55e96460e1ce,"{""batch"":[64,64,32,16],""buffer"":[5000,10000,2000,2000],""eps_decay"":[0.9891460689220681,0.99874553050017,0.9901515307734678,0.995188523150503],""eps_min"":[0.2,0.01,0.15,0.08],""lr"":[0.00014288635867400578,0.00010829809801622948,0.0029065124801595154,0.00011367381031984174],""optimizer"":[""adamw"",""adamw"",""adam"",""adam""],""replay_steps"":[2,2,2,2],""weight_decay"":[0.0001,0.001,1e-05,1e-06]}"
687,cfg_2648dda4e567fcca,"{""batch"":[16,64,128,64],""buffer"":[10000,10000,2000,1000],""eps_decay"":[0.998196814265312,0.9842172078705408,0.999865727377677,0.9994449526406328],""eps_min"":[0.03,0.2,0.1,0.1],""lr"":[0.0032735287396184003,0.00017580109779498455,0.002134320888316217,0.0001778873075804452],""optimizer"":[""adamw"",""adam"",""adamw"",""adamw""],""replay_steps"":[1,1,2,8],""weight_decay"":[0.0001,0.0001,1e-06,0.0001]}"
688,cfg_5b1bc0a5e7a8ad27,"{""batch"":[128,32,64,16],""buffer"":[5000,500,1000,10000],""eps_decay"":[0.9996263857566027,0.9807538998747309,0.9881982019861385,0.9998267204563833],""eps_min"":[0.03,0.1,0.01,0.08],""lr"":[0.0002480578078802515,0.0005418345870086476,0.0036629230254239305,0.0005671897058954558],""optimizer"":[""adam"",""adam"",""adamw"",""adam""],""replay_steps"":[4,4,2,4],""weight_decay"":[0.001,0.001,1e-05,0.0001]}"
689,cfg_42d384cba0e43e81,"{""batch"":[64,128,64,64],""buffer"":[5000,5000,5000,2000],""eps_decay"":[0.999698186700998,0.9992196980344012,0.9910542763652735,0.9921949847793667],""eps_min"":[0.15,0.1,0.03,0.05],""lr"":[0.00013938152807589817,0.0004191158824999262,0.0009978180420881153,0.00011454294364155852],""optimizer"":[""adamw"",""adam"",""adam"",""adam""],""replay_steps"":[8,4,4,2],""weight_decay"":[0.0001,0.001,0.001,0.0001]}"
690,cfg_4d132468e2e2b41a,"{""batch"":[64,128,128,32],""buffer"":[500,1000,10000,5000],""eps_decay"":[0.9997347061981825,0.9982160099101497,0.9964759967954476,0.9865087323507411],""eps_min"":[0.1,0.03,0.08,0.08],""lr"":[0.003058923938347266,0.0014973835340787868,0.0005365582647760163,0.0015281914316469932],""optimizer"":[""adam"",""adamw"",""adamw"",""adamw""],""replay_steps"":[4,8,1,1],""weight_decay"":[1e-05,1e-05,1e-05,0.0001]}"
691,cfg_c684f88791785807,"{""batch"":[16,16,16,16],""buffer"":[2000,2000,1000,10000],""eps_decay"":[0.9975233997569855,0.9998431449710695,0.9874620306867251,0.9949786769929418],""eps_min"":[0.15,0.2,0.1,0.08],""lr"":[0.0020254445423136913,0.0030541893488156458,0.0011117782910165211,0.0032801285062096755],""optimizer"":[""adam"",""adam"",""adam"",""adamw""],""replay_steps"":[2,2,2,2],""weight_decay"":[0.0001,1e-06,1e-06,1e-06]}"
692,cfg_3dbe4153bdaff890,"{""batch"":[16,32,64,128],""buffer"":[10000,2000,5000,2000],""eps_decay"":[0.999734593115919,0.9980276290228967,0.9995611841164098,0.9998981903286649],""eps_min"":[0.01,0.1,0.1,0.03],""lr"":[0.0005420966315178209,0.00021160590149279216,0.00031281074876145037,0.0005974273110240608],""optimizer"":[""adamw"",""adamw"",""adamw"",""adam""],""replay_steps"":[4,4,4,1],""weight_decay"":[0.001,1e-05,0.001,1e-06]}"
693,cfg_9b09edbd6fe37fef,"{""batch"":[16,16,128,16],""buffer"":[2000,1000,5000,5000],""eps_decay"":[0.9988156453434638,0.9998131037927873,0.9993272080221772,0.9997231228631576],""eps_min"":[0.15,0.2,0.01,0.01],""lr"":[0.0003247434570963688,0.0002037286975103606,0.003134504313641112,0.00026444054515002973],""optimizer"":[""adam"",""adam"",""adam"",""adamw""],""replay_steps"":[1,1,1,8],""weight_decay"":[0.0001,0.0001,1e-06,1e-05]}"
694,cfg_b0bf6e6906c8a433,"{""batch"":[64,64,128,32],""buffer"":[2000,500,500,500],""eps_decay"":[0.9875573415575793,0.9919893298497882,0.9823862371565254,0.9942234797592194],""eps_min"":[0.05,0.05,0.1,0.03],""lr"":[0.0013319238321423514,0.0030616015890141414,0.004777729462655023,0.002493183501930418],""optimizer"":[""adam"",""adam"",""adamw"",""adamw""],""replay_steps"":[1,4,2,1],""weight_decay"":[0.001,0.0001,0.0001,1e-05]}"
695,cfg_31bbe8e8bebac7be,"{""batch"":[128,16,16,32],""buffer"":[500,10000,1000,500],""eps_decay"":[0.9954767288921551,0.9933536303548431,0.9834064554587784,0.9910358988327588],""eps_min"":[0.05,0.05,0.01,0.2],""lr"":[0.0007381260227157493,0.0003535580814670468,0.00022546990236634856,0.0016531531160101495],""optimizer"":[""adam"",""adamw"",""adam"",""adamw""],""replay_steps"":[2,8,4,2],""weight_decay"":[0.0001,1e-05,1e-06,1e-05]}"
696,cfg_a7d7034422502d8c,"{""batch"":[128,64,64,32],""buffer"":[5000,500,5000,1000],""eps_decay"":[0.9941738224839561,0.9994279097153931,0.9994764885003875,0.9993322459555815],""eps_min"":[0.08,0.05,0.08,0.15],""lr"":[0.00010620289692390637,0.000136530083320219,0.00020568198867005857,0.004020726788851858],""optimizer"":[""adam"",""adamw"",""adamw"",""adamw""],""replay_steps"":[2,8,4,1],""weight_decay"":[0.0001,0.0001,0.001,0.0001]}"
697,cfg_df47d6331d0cad43,"{""batch"":[64,16,32,32],""buffer"":[1000,10000,1000,2000],""eps_decay"":[0.9998458940136146,0.9996689859517092,0.999762613769442,0.9995316653523348],""eps_min"":[0.1,0.2,0.15,0.03],""lr"":[0.0003314531516261336,0.0002925210460258734,0.0003134080893863353,0.002010849372082908],""optimizer"":[""adamw"",""adamw"",""adam"",""adamw""],""replay_steps"":[2,2,2,1],""weight_decay"":[1e-06,0.001,1e-05,1e-06]}"
698,cfg_81621e66328ac002,"{""batch"":[64,128,64,128],""buffer"":[500,1000,500,2000],""eps_decay"":[0.9932748963143311,0.9993025334698522,0.9995986897271828,0.9994017484199217],""eps_min"":[0.08,0.1,0.15,0.1],""lr"":[0.0023471496073950117,0.0012152386253300048,0.0013381385580428697,0.0009132244896259312],""optimizer"":[""adam"",""adamw"",""adamw"",""adamw""],""replay_steps"":[8,8,4,2],""weight_decay"":[1e-06,0.0001,0.001,1e-06]}"
699,cfg_68fb144dc05f7fdb,"{""batch"":[32,16,16,32],""buffer"":[10000,500,1000,5000],""eps_decay"":[0.9986692976472118,0.9991818481048075,0.9994626873614033,0.9989666786476223],""eps_min"":[0.1,0.01,0.1,0.08],""lr"":[0.00014137667826071137,0.0026217368364534347,0.0010276365322622026,0.0006480827203436665],""optimizer"":[""adamw"",""adamw"",""adam"",""adamw""],""replay_steps"":[8,2,8,4],""weight_decay"":[1e-06,1e-06,1e-06,1e-05]}"
700,cfg_3a5d06441606328e,"{""batch"":[16,16,64,16],""buffer"":[1000,1000,5000,5000],""eps_decay"":[0.9981641998266535,0.9974718293378069,0.9931510349018369,0.9974085501954746],""eps_min"":[0.15,0.03,0.05,0.2],""lr"":[0.001114380621936085,0.0001499491053166133,0.0005994715667436435,0.0011784348031268531],""optimizer"":[""adamw"",""adam"",""adam"",""adamw""],""replay_steps"":[8,4,1,8],""weight_decay"":[1e-06,0.0001,1e-06,1e-06]}"
701,cfg_3dd2b0a7b42085a3,"{""batch"":[128,64,16,128],""buffer"":[1000,5000,1000,1000],""eps_decay"":[0.9969633843231003,0.9848841607227828,0.9994832604830978,0.9998929629255677],""eps_min"":[0.1,0.08,0.05,0.2],""lr"":[0.00020762879950806317,0.001068053538434285,0.00016028510546458704,0.0008614850510067064],""optimizer"":[""adam"",""adamw"",""adam"",""adam""],""replay_steps"":[8,8,1,8],""weight_decay"":[1e-06,1e-06,0.001,0.0001]}"
702,cfg_0387ad79fc7946fb,"{""batch"":[128,16,16,16],""buffer"":[1000,2000,500,2000],""eps_decay"":[0.9986817136476955,0.9972516477730184,0.9992839665969614,0.9874152115219266],""eps_min"":[0.05,0.01,0.05,0.1],""lr"":[0.0045267535949002425,0.00012480616070350005,0.0009467648173987503,0.0004224778636659502],""optimizer"":[""adamw"",""adam"",""adam"",""adamw""],""replay_steps"":[2,4,1,8],""weight_decay"":[1e-06,1e-06,1e-05,0.0001]}"
703,cfg_e15d235136f13cad,"{""batch"":[64,128,128,32],""buffer"":[10000,2000,1000,10000],""eps_decay"":[0.9974698180745531,0.9987003640026965,0.9877101717818899,0.9972876344060048],""eps_min"":[0.03,0.2,0.05,0.03],""lr"":[0.0008208070317290313,0.0006601288132071548,0.00015052958834934135,0.0003380524383583743],""optimizer"":[""adamw"",""adamw"",""adam"",""adamw""],""replay_steps"":[4,4,8,4],""weight_decay"":[1e-05,1e-05,1e-06,0.001]}"
704,cfg_b6f43173f6d5274c,"{""batch"":[32,32,64,128],""buffer"":[2000,2000,1000,10000],""eps_decay"":[0.9998408628707441,0.9996949952899676,0.9990288696336743,0.9997629538264354],""eps_min"":[0.05,0.2,0.05,0.1],""lr"":[0.0009313445168896113,0.00026404357384672957,0.003614198066625436,0.0009891182267876405],""optimizer"":[""adamw"",""adam"",""adam"",""adamw""],""replay_steps"":[1,8,4,8],""weight_decay"":[0.0001,0.0001,0.0001,0.0001]}"
705,cfg_0a5cacb9860da972,"{""batch"":[32,128,32,128],""buffer"":[2000,2000,1000,2000],""eps_decay"":[0.9933298471759607,0.9998230991273512,0.9996248835270158,0.9993381267972599],""eps_min"":[0.03,0.08,0.05,0.03],""lr"":[0.000803187810155708,0.00024320933781809236,0.0004334325809068841,0.0002462681760850944],""optimizer"":[""adam"",""adam"",""adam"",""adamw""],""replay_steps"":[4,2,4,8],""weight_decay"":[0.0001,0.001,1e-06,0.001]}"
706,cfg_b741ccbd3edc9e5e,"{""batch"":[128,128,16,32],""buffer"":[10000,2000,2000,500],""eps_decay"":[0.9906999192562534,0.9927590314254027,0.9984787690565512,0.9993669313833161],""eps_min"":[0.2,0.01,0.08,0.01],""lr"":[0.0003600978162387432,0.00011530633392233672,0.0022776153236756607,0.004487245351930245],""optimizer"":[""adam"",""adam"",""adam"",""adamw""],""replay_steps"":[4,2,8,8],""weight_decay"":[1e-05,1e-06,1e-06,0.0001]}"
707,cfg_3bcb4c9fdc0d8650,"{""batch"":[128,128,128,32],""buffer"":[10000,2000,1000,2000],""eps_decay"":[0.9998293866481175,0.9809727700392922,0.9995124133308042,0.9988007495101],""eps_min"":[0.1,0.05,0.05,0.08],""lr"":[0.003314685386609589,0.00010678721584685037,0.002077842114503398,0.004891547113315437],""optimizer"":[""adamw"",""adam"",""adamw"",""adam""],""replay_steps"":[1,4,8,1],""weight_decay"":[1e-05,0.0001,1e-06,0.0001]}"
708,cfg_ee026435d6d92192,"{""batch"":[64,16,16,128],""buffer"":[1000,10000,10000,1000],""eps_decay"":[0.9996174152186373,0.9997738149004606,0.9995668068737239,0.9942995443397823],""eps_min"":[0.2,0.15,0.05,0.05],""lr"":[0.0004866036336936155,0.001542352833737958,0.000933057819100976,0.00459244733946112],""optimizer"":[""adam"",""adamw"",""adamw"",""adam""],""replay_steps"":[4,1,4,1],""weight_decay"":[0.0001,0.0001,1e-05,0.001]}"
709,cfg_b41bcbcfbd813d26,"{""batch"":[128,64,128,64],""buffer"":[2000,2000,5000,500],""eps_decay"":[0.9997524776753606,0.9998941060127108,0.9991758798560125,0.9913511255595489],""eps_min"":[0.08,0.2,0.03,0.03],""lr"":[0.00048625594530053403,0.0015192403467479618,0.0017333208734478564,0.0031132446340147624],""optimizer"":[""adamw"",""adamw"",""adam"",""adam""],""replay_steps"":[8,8,2,8],""weight_decay"":[0.0001,0.001,0.0001,1e-05]}"
710,cfg_67231ebf00e7b104,"{""batch"":[128,64,64,64],""buffer"":[500,1000,500,10000],""eps_decay"":[0.9998100130633522,0.9901850756785013,0.9996453964868969,0.9975149982156617],""eps_min"":[0.1,0.1,0.03,0.01],""lr"":[0.0002354052875694031,0.0001546933635898465,0.0010084458376716872,0.00012036134749328647],""optimizer"":[""adamw"",""adamw"",""adamw"",""adamw""],""replay_steps"":[1,2,1,4],""weight_decay"":[0.001,0.001,0.0001,0.001]}"
711,cfg_2d05554e53d020a5,"{""batch"":[64,64,16,64],""buffer"":[1000,500,2000,500],""eps_decay"":[0.9962770342088285,0.9959392699117366,0.9903956984585737,0.9980161916821656],""eps_min"":[0.03,0.2,0.08,0.1],""lr"":[0.00025520040727629767,0.002510421399468575,0.0010961838253518133,0.0005302385812805411],""optimizer"":[""adam"",""adamw"",""adam"",""adamw""],""replay_steps"":[8,4,1,8],""weight_decay"":[0.001,0.0001,1e-06,1e-06]}"
712,cfg_d6e349c90810679e,"{""batch"":[128,32,32,16],""buffer"":[500,2000,10000,500],""eps_decay"":[0.9998360275535134,0.9975905794473502,0.9940033046605471,0.9998183725236364],""eps_min"":[0.01,0.01,0.01,0.01],""lr"":[0.002807852255009056,0.001215554020829739,0.004531892695239074,0.0016879204889856086],""optimizer"":[""adam"",""adamw"",""adamw"",""adamw""],""replay_steps"":[8,8,4,1],""weight_decay"":[0.001,1e-05,0.001,1e-06]}"
713,cfg_13081a225d399a68,"{""batch"":[128,16,128,32],""buffer"":[1000,2000,1000,1000],""eps_decay"":[0.9988044818053733,0.9941412455543455,0.9996778936909474,0.9971152105616089],""eps_min"":[0.05,0.01,0.15,0.2],""lr"":[0.0002848109221232122,0.00023943167235165107,0.0011364663403995298,0.0010843597714253685],""optimizer"":[""adamw"",""adamw"",""adam"",""adamw""],""replay_steps"":[8,1,1,8],""weight_decay"":[1e-05,1e-06,0.001,1e-06]}"
714,cfg_a1d19196d34b2729,"{""batch"":[32,16,16,32],""buffer"":[2000,10000,2000,2000],""eps_decay"":[0.9972879736084691,0.9995873082205723,0.9920950752137563,0.9992995523259135],""eps_min"":[0.03,0.2,0.15,0.03],""lr"":[0.0006595053146619135,0.00014942279646926022,0.002871621915381085,0.0006049449847386839],""optimizer"":[""adamw"",""adamw"",""adamw"",""adamw""],""replay_steps"":[8,1,1,1],""weight_decay"":[1e-06,1e-06,0.0001,0.001]}"
715,cfg_eeb91c48868ec9e3,"{""batch"":[128,16,128,128],""buffer"":[2000,5000,500,5000],""eps_decay"":[0.9899024295115582,0.9949301429267156,0.9928570633395268,0.9994729213938697],""eps_min"":[0.01,0.01,0.01,0.08],""lr"":[0.001158215240681052,0.00018746629610012465,0.00019967986537240817,0.0024077660313124418],""optimizer"":[""adam"",""adam"",""adam"",""adam""],""replay_steps"":[8,4,1,4],""weight_decay"":[0.0001,1e-05,1e-06,0.001]}"
716,cfg_988e07cb314ebb34,"{""batch"":[32,32,128,32],""buffer"":[1000,10000,2000,2000],""eps_decay"":[0.9998348970255073,0.999867947649855,0.9849157723795127,0.9954848567376832],""eps_min"":[0.1,0.15,0.01,0.08],""lr"":[0.000359283261428431,0.00021048076141712922,0.0013437847603037815,0.00040790957969535354],""optimizer"":[""adamw"",""adam"",""adamw"",""adamw""],""replay_steps"":[8,4,4,2],""weight_decay"":[0.001,1e-06,1e-05,1e-05]}"
717,cfg_461f604684c9e208,"{""batch"":[16,16,16,16],""buffer"":[500,10000,1000,2000],""eps_decay"":[0.9998906834603517,0.9996264656696617,0.9965407969364302,0.9992738669787735],""eps_min"":[0.05,0.03,0.08,0.03],""lr"":[0.001369244118529222,0.001636206546128267,0.0030935971187119383,0.0011002539698047225],""optimizer"":[""adamw"",""adamw"",""adamw"",""adam""],""replay_steps"":[2,4,8,1],""weight_decay"":[0.001,1e-06,0.0001,0.001]}"
718,cfg_85ecc22f240b7129,"{""batch"":[128,16,64,64],""buffer"":[5000,500,5000,1000],""eps_decay"":[0.9937226110765167,0.9991995772981395,0.9992476538238775,0.9979740732675942],""eps_min"":[0.05,0.01,0.08,0.03],""lr"":[0.0006578572207635706,0.0035790145491503334,0.0003458318912849196,0.00023578556460608958],""optimizer"":[""adam"",""adam"",""adamw"",""adam""],""replay_steps"":[8,2,2,8],""weight_decay"":[0.001,1e-05,0.0001,0.0001]}"
719,cfg_6e998112847edf98,"{""batch"":[16,16,64,32],""buffer"":[2000,500,10000,500],""eps_decay"":[0.9984301596206245,0.999809077503829,0.9955538631045303,0.9970435098397025],""eps_min"":[0.15,0.03,0.2,0.05],""lr"":[0.0003561516902720018,0.00014912665373687957,0.0004285117696917981,0.0002614303208523928],""optimizer"":[""adam"",""adamw"",""adam"",""adamw""],""replay_steps"":[4,1,2,4],""weight_decay"":[1e-06,1e-06,0.0001,1e-06]}"
720,cfg_e0015645001ba5a7,"{""batch"":[128,128,128,64],""buffer"":[10000,500,5000,10000],""eps_decay"":[0.9992332981130901,0.9983327527460713,0.9994366559509438,0.9996757783176143],""eps_min"":[0.08,0.08,0.01,0.08],""lr"":[0.0005705045457764521,0.000976831801146741,0.001959769938547437,0.001085336063440419],""optimizer"":[""adam"",""adamw"",""adam"",""adamw""],""replay_steps"":[2,8,4,2],""weight_decay"":[0.001,1e-05,0.001,1e-05]}"
721,cfg_f4ff7f4fb79c49ef,"{""batch"":[32,128,16,16],""buffer"":[2000,2000,2000,10000],""eps_decay"":[0.9939903934798457,0.9807545066943805,0.9998941230701824,0.9992960312677828],""eps_min"":[0.15,0.05,0.03,0.2],""lr"":[0.0009712901722864587,0.002816167103784081,0.00017008342119519351,0.0028232412596174003],""optimizer"":[""adamw"",""adam"",""adam"",""adamw""],""replay_steps"":[1,4,2,1],""weight_decay"":[1e-06,0.0001,1e-05,0.0001]}"
722,cfg_fa85fd38d03a6822,"{""batch"":[64,128,128,128],""buffer"":[10000,1000,500,500],""eps_decay"":[0.9993786112876144,0.9941062041994637,0.9998861482083798,0.9969315351784466],""eps_min"":[0.05,0.1,0.08,0.15],""lr"":[0.00014196735724510059,0.0008945894404053665,0.0001753727460743956,0.0007452653640951139],""optimizer"":[""adam"",""adamw"",""adam"",""adam""],""replay_steps"":[8,1,2,1],""weight_decay"":[1e-05,1e-06,1e-05,0.001]}"
723,cfg_b9a313af60d0d6af,"{""batch"":[128,32,64,32],""buffer"":[500,1000,10000,2000],""eps_decay"":[0.9956415446028721,0.9994356859337491,0.9997883695633691,0.9967654970575791],""eps_min"":[0.1,0.08,0.01,0.2],""lr"":[0.00019540183880796094,0.002493036852111599,0.0013361117149732233,0.0025192582948396457],""optimizer"":[""adam"",""adamw"",""adam"",""adam""],""replay_steps"":[1,2,1,2],""weight_decay"":[1e-05,1e-05,0.0001,0.001]}"
724,cfg_14be6e6f04b3e4e2,"{""batch"":[64,128,16,128],""buffer"":[2000,500,5000,1000],""eps_decay"":[0.9955874243803421,0.9969866186996991,0.999855970856093,0.9980360156581783],""eps_min"":[0.15,0.01,0.08,0.1],""lr"":[0.001808708852959155,0.00041509113976881547,0.00022505886631581874,0.0007302357302758673],""optimizer"":[""adamw"",""adamw"",""adam"",""adam""],""replay_steps"":[2,1,8,4],""weight_decay"":[1e-06,0.0001,0.0001,1e-06]}"
725,cfg_2ba77aedd6aecc6b,"{""batch"":[64,16,128,64],""buffer"":[2000,2000,5000,500],""eps_decay"":[0.9997068695045418,0.9998341656562728,0.98878057005075,0.9955382758433692],""eps_min"":[0.1,0.15,0.03,0.1],""lr"":[0.0002881252087864925,0.00023502448988050765,0.0001686210896121095,0.0018988785502693764],""optimizer"":[""adam"",""adam"",""adamw"",""adamw""],""replay_steps"":[2,4,2,4],""weight_decay"":[1e-06,0.0001,1e-05,0.001]}"
726,cfg_464416201cfb9dc7,"{""batch"":[64,16,32,64],""buffer"":[500,500,10000,500],""eps_decay"":[0.9973015518822365,0.9994944627042297,0.9997921583901296,0.998990741238674],""eps_min"":[0.03,0.01,0.01,0.01],""lr"":[0.0006016633256488159,0.00036604065684129656,0.0005355184501527604,0.0012025217718945548],""optimizer"":[""adam"",""adam"",""adamw"",""adamw""],""replay_steps"":[8,4,1,1],""weight_decay"":[1e-05,1e-06,0.0001,1e-05]}"
727,cfg_fa0eb88ac53c6d54,"{""batch"":[16,32,32,128],""buffer"":[10000,2000,500,1000],""eps_decay"":[0.9994809475386404,0.999656875558349,0.9954742718621191,0.9968137986242918],""eps_min"":[0.05,0.05,0.2,0.05],""lr"":[0.004317443603232511,0.00028206260677070575,0.004357677268921583,0.003302497521264928],""optimizer"":[""adam"",""adamw"",""adam"",""adamw""],""replay_steps"":[4,2,1,8],""weight_decay"":[0.0001,0.0001,1e-05,1e-06]}"
728,cfg_0fc4fa839d5ce459,"{""batch"":[32,32,32,64],""buffer"":[10000,500,2000,500],""eps_decay"":[0.9998470419371555,0.9990504968434898,0.9997578278204363,0.9986785571057882],""eps_min"":[0.2,0.01,0.03,0.1],""lr"":[0.002727514193821698,0.0001873218958450492,0.00036280560744746744,0.0015053166344297343],""optimizer"":[""adamw"",""adamw"",""adam"",""adam""],""replay_steps"":[2,2,8,2],""weight_decay"":[1e-06,0.0001,0.001,0.001]}"
729,cfg_03e6caa21a9066e9,"{""batch"":[128,64,128,16],""buffer"":[1000,5000,1000,10000],""eps_decay"":[0.9998156494487339,0.9807694568314062,0.9998279052670569,0.9954011157013164],""eps_min"":[0.15,0.15,0.2,0.2],""lr"":[0.0032672733579133893,0.004520076619299407,0.0001660375737160093,0.0003530003097707169],""optimizer"":[""adamw"",""adamw"",""adam"",""adam""],""replay_steps"":[8,8,2,4],""weight_decay"":[1e-06,1e-05,1e-06,1e-05]}"
730,cfg_c63581b04c0a12a2,"{""batch"":[128,16,64,64],""buffer"":[5000,5000,500,10000],""eps_decay"":[0.9998399954374682,0.9997289603373819,0.9986307048874334,0.9998580554424811],""eps_min"":[0.01,0.2,0.08,0.05],""lr"":[0.00038104067598011436,0.00011794739661810591,0.002168558215726906,0.00020052312790508957],""optimizer"":[""adamw"",""adamw"",""adam"",""adam""],""replay_steps"":[2,1,4,8],""weight_decay"":[1e-05,1e-05,1e-05,0.001]}"
731,cfg_5a4bb8cae113a3eb,"{""batch"":[16,64,32,16],""buffer"":[1000,10000,500,5000],""eps_decay"":[0.991655283137306,0.9996283426016962,0.9997353755841895,0.9995291568360355],""eps_min"":[0.1,0.08,0.15,0.1],""lr"":[0.004741257274307224,0.0013314704832344975,0.001127384017248628,0.0009010116282756233],""optimizer"":[""adam"",""adamw"",""adam"",""adamw""],""replay_steps"":[8,2,2,2],""weight_decay"":[0.0001,1e-05,0.001,0.0001]}"
732,cfg_05abe46c4607d555,"{""batch"":[16,32,128,16],""buffer"":[5000,500,1000,1000],""eps_decay"":[0.9996182945322235,0.988414582829554,0.9953221737260505,0.9994003792159997],""eps_min"":[0.05,0.05,0.15,0.01],""lr"":[0.0003012567471285996,0.0018911650895224758,0.0020637731157386544,0.004332969750753176],""optimizer"":[""adamw"",""adamw"",""adamw"",""adamw""],""replay_steps"":[8,1,8,1],""weight_decay"":[1e-06,1e-05,0.001,1e-06]}"
733,cfg_bbefcf2aca529a50,"{""batch"":[128,32,16,64],""buffer"":[10000,2000,1000,10000],""eps_decay"":[0.9825480503525091,0.9981427924480373,0.9807690525310341,0.9987686571041434],""eps_min"":[0.15,0.01,0.1,0.01],""lr"":[0.0032436305154346684,0.0007093112000526683,0.0004677506007689142,0.0011647610408103864],""optimizer"":[""adam"",""adam"",""adamw"",""adam""],""replay_steps"":[4,4,2,2],""weight_decay"":[0.0001,1e-05,0.0001,1e-05]}"
734,cfg_749cf68b4fc7d06b,"{""batch"":[32,64,64,64],""buffer"":[2000,10000,5000,1000],""eps_decay"":[0.9991792518562358,0.9986748023130856,0.9898963560483726,0.9997533655488039],""eps_min"":[0.05,0.01,0.03,0.05],""lr"":[0.0044576873446008835,0.0007958493447373466,0.0010016406044484668,0.0005517740125374978],""optimizer"":[""adam"",""adam"",""adamw"",""adam""],""replay_steps"":[1,8,8,4],""weight_decay"":[0.001,0.0001,0.001,1e-06]}"
735,cfg_b7a6e8c53e422d02,"{""batch"":[64,16,16,32],""buffer"":[10000,5000,10000,1000],""eps_decay"":[0.9920337559070534,0.9995459313893273,0.9997227798261514,0.9982834251964668],""eps_min"":[0.01,0.1,0.05,0.08],""lr"":[0.00019467170197711827,0.00032023146205166107,0.00016628023503575663,0.0016747433090645199],""optimizer"":[""adam"",""adam"",""adamw"",""adam""],""replay_steps"":[1,8,1,1],""weight_decay"":[0.0001,1e-06,0.0001,0.001]}"
736,cfg_516a555ca067a3b1,"{""batch"":[32,32,64,16],""buffer"":[5000,10000,1000,10000],""eps_decay"":[0.9838261887873614,0.9990790861473808,0.9992822150813273,0.9998926228580256],""eps_min"":[0.03,0.05,0.15,0.05],""lr"":[0.0003052580411026503,0.00043997300482780116,0.00020006629114209206,0.001008264344412632],""optimizer"":[""adam"",""adamw"",""adamw"",""adamw""],""replay_steps"":[8,4,2,8],""weight_decay"":[0.001,1e-06,0.0001,1e-05]}"
737,cfg_508acde4244acb85,"{""batch"":[64,32,128,64],""buffer"":[500,2000,500,5000],""eps_decay"":[0.9953327158908737,0.9976388212001011,0.9896155582718139,0.9942387355707928],""eps_min"":[0.05,0.03,0.1,0.15],""lr"":[0.0005882095616429236,0.000649465683757392,0.0012704139617001915,0.0003895204879257999],""optimizer"":[""adam"",""adamw"",""adam"",""adamw""],""replay_steps"":[4,8,4,4],""weight_decay"":[1e-06,0.001,1e-05,0.001]}"
738,cfg_961296b1a526a20e,"{""batch"":[16,128,128,32],""buffer"":[500,5000,5000,5000],""eps_decay"":[0.9993840407129571,0.9998551527555781,0.9946430636884078,0.9994654743748929],""eps_min"":[0.1,0.08,0.15,0.2],""lr"":[0.00016942078273280323,0.004746858003061679,0.00331963267651123,0.0006558208778702954],""optimizer"":[""adam"",""adamw"",""adamw"",""adamw""],""replay_steps"":[4,8,1,1],""weight_decay"":[0.001,0.0001,1e-06,0.0001]}"
739,cfg_cced92f10dae17ae,"{""batch"":[32,32,128,128],""buffer"":[1000,500,2000,10000],""eps_decay"":[0.9986739332436799,0.998710489919381,0.9948512080760019,0.9869666570213608],""eps_min"":[0.2,0.05,0.08,0.2],""lr"":[0.0032796080747999955,0.00030201520199918744,0.002473715275507804,0.0017739813450752368],""optimizer"":[""adamw"",""adam"",""adamw"",""adam""],""replay_steps"":[1,4,8,4],""weight_decay"":[1e-05,1e-05,0.0001,0.001]}"
740,cfg_b54f18567550b31b,"{""batch"":[64,16,128,32],""buffer"":[5000,500,10000,5000],""eps_decay"":[0.9964062510640685,0.9981314370828441,0.999349014264068,0.9982423249761804],""eps_min"":[0.2,0.1,0.03,0.08],""lr"":[0.00017025896264604966,0.0011732855765382987,0.0018620658817329835,0.0001073619476847928],""optimizer"":[""adamw"",""adam"",""adamw"",""adamw""],""replay_steps"":[8,4,4,4],""weight_decay"":[1e-05,1e-05,1e-05,1e-06]}"
741,cfg_4e78e31596ec0ee5,"{""batch"":[16,16,16,32],""buffer"":[500,10000,10000,10000],""eps_decay"":[0.9857089711762229,0.9977280788635,0.997780493413861,0.994258390597173],""eps_min"":[0.2,0.1,0.1,0.15],""lr"":[0.001909764094594255,0.0023592599342133593,0.003380092758157285,0.000997486789189437],""optimizer"":[""adam"",""adamw"",""adamw"",""adamw""],""replay_steps"":[4,1,1,2],""weight_decay"":[1e-05,0.001,0.0001,0.001]}"
742,cfg_af5dc98b9f63c835,"{""batch"":[32,16,32,32],""buffer"":[5000,500,5000,5000],""eps_decay"":[0.9970973615454192,0.9979982886561741,0.9834134283952543,0.9981942633765845],""eps_min"":[0.1,0.1,0.03,0.15],""lr"":[0.000272033558486991,0.00030972748685143805,0.004507959206233687,0.0019770237195000573],""optimizer"":[""adam"",""adam"",""adamw"",""adamw""],""replay_steps"":[4,1,8,2],""weight_decay"":[0.0001,0.0001,1e-05,1e-06]}"
743,cfg_578e3cd20b037d3f,"{""batch"":[128,16,128,32],""buffer"":[5000,5000,2000,5000],""eps_decay"":[0.9809179721891056,0.999132247608548,0.9997475988472831,0.9989963547910956],""eps_min"":[0.2,0.05,0.1,0.01],""lr"":[0.000957293634511923,0.0032582032986685143,0.0004626460625642725,0.00011753001375069627],""optimizer"":[""adam"",""adamw"",""adam"",""adam""],""replay_steps"":[4,1,1,8],""weight_decay"":[1e-05,1e-06,0.0001,1e-06]}"
744,cfg_84444030e2ce0e0b,"{""batch"":[32,64,32,32],""buffer"":[1000,2000,10000,10000],""eps_decay"":[0.9825117256984142,0.9953363038524111,0.9998159052624352,0.9931624568558842],""eps_min"":[0.03,0.2,0.2,0.15],""lr"":[0.00024494267052469827,0.0001447979753229972,0.0007164264308503151,0.0006453598145658596],""optimizer"":[""adamw"",""adamw"",""adamw"",""adamw""],""replay_steps"":[1,1,8,4],""weight_decay"":[0.0001,1e-05,0.001,1e-06]}"
745,cfg_d3773f820dd44c6b,"{""batch"":[32,32,16,64],""buffer"":[500,2000,1000,2000],""eps_decay"":[0.9828711981681199,0.9993708919128234,0.995536081491557,0.9987116230340279],""eps_min"":[0.01,0.2,0.08,0.1],""lr"":[0.0031985382743166613,0.00032605916937251435,0.0020987316345096674,0.003288215673711373],""optimizer"":[""adamw"",""adamw"",""adamw"",""adam""],""replay_steps"":[8,4,8,2],""weight_decay"":[1e-06,0.001,0.001,0.0001]}"
746,cfg_f18f96995057f331,"{""batch"":[128,32,32,128],""buffer"":[5000,2000,10000,500],""eps_decay"":[0.9997627098826819,0.9957760099943654,0.9972555571271652,0.9997643498525318],""eps_min"":[0.01,0.08,0.1,0.03],""lr"":[0.0021490015715199843,0.004389339911178651,0.0006168061227408981,0.0004969683144669346],""optimizer"":[""adamw"",""adam"",""adam"",""adamw""],""replay_steps"":[8,4,2,8],""weight_decay"":[0.001,1e-06,0.0001,1e-05]}"
747,cfg_43bdda3efb902422,"{""batch"":[128,64,32,32],""buffer"":[10000,5000,500,10000],""eps_decay"":[0.9931340112668491,0.9952479057081296,0.9992171799508383,0.9998911472371428],""eps_min"":[0.05,0.01,0.05,0.01],""lr"":[0.0003343299489426198,0.0003423230783197546,0.0030967539811835613,0.000193532616720338],""optimizer"":[""adam"",""adam"",""adamw"",""adam""],""replay_steps"":[1,4,1,8],""weight_decay"":[0.0001,1e-05,0.001,0.001]}"
748,cfg_4f1d56f709116b8b,"{""batch"":[16,128,16,128],""buffer"":[500,5000,500,1000],""eps_decay"":[0.9996184715951958,0.9991836463644325,0.9997475158837047,0.9976865502851507],""eps_min"":[0.03,0.01,0.08,0.08],""lr"":[0.0004787324690088665,0.00039604625384818975,0.0005857971664278977,0.0021070183501685396],""optimizer"":[""adam"",""adam"",""adamw"",""adamw""],""replay_steps"":[1,2,1,4],""weight_decay"":[1e-06,1e-05,0.001,0.0001]}"
749,cfg_84e6be454c903d38,"{""batch"":[64,16,128,32],""buffer"":[2000,5000,10000,5000],""eps_decay"":[0.9978544015510628,0.9993523631968192,0.999622894106595,0.9998886077375132],""eps_min"":[0.01,0.08,0.1,0.2],""lr"":[0.00044845203532644675,0.0013048777842712509,0.0002598168991662978,0.00029463525971877455],""optimizer"":[""adam"",""adamw"",""adamw"",""adamw""],""replay_steps"":[1,4,2,2],""weight_decay"":[1e-06,0.001,0.0001,1e-05]}"
750,cfg_0fd731f30a8ad9cd,"{""batch"":[16,32,32,16],""buffer"":[500,2000,1000,5000],""eps_decay"":[0.997603342632464,0.9813821829072383,0.994905690952654,0.9996220082407198],""eps_min"":[0.08,0.08,0.15,0.08],""lr"":[0.00015071974012345168,0.003083651804439924,0.0009162482894103913,0.0006959529454894705],""optimizer"":[""adamw"",""adamw"",""adam"",""adam""],""replay_steps"":[1,1,2,1],""weight_decay"":[0.0001,1e-05,0.001,0.0001]}"
751,cfg_c45d661919bbebce,"{""batch"":[32,32,64,64],""buffer"":[2000,1000,5000,2000],""eps_decay"":[0.9965826955640249,0.9998108846117645,0.9994390309331659,0.9998007246557261],""eps_min"":[0.03,0.05,0.03,0.15],""lr"":[0.00016204832919855956,0.0034283633834203144,0.0009128161181423701,0.00022138153872542287],""optimizer"":[""adamw"",""adamw"",""adam"",""adam""],""replay_steps"":[4,2,4,4],""weight_decay"":[0.001,0.0001,1e-05,0.001]}"
752,cfg_f7752039f5d9d331,"{""batch"":[64,128,128,128],""buffer"":[500,2000,500,1000],""eps_decay"":[0.9977110309403457,0.9983173602362693,0.9989177734509708,0.9982753392369953],""eps_min"":[0.15,0.15,0.03,0.05],""lr"":[0.0011023086902440344,0.00020060971511916826,0.0012360023972539528,0.00022353305882508393],""optimizer"":[""adam"",""adamw"",""adam"",""adam""],""replay_steps"":[8,1,4,1],""weight_decay"":[1e-06,1e-05,1e-06,0.001]}"
753,cfg_b7fe3f07fa3dc9f5,"{""batch"":[64,64,16,32],""buffer"":[500,2000,1000,5000],""eps_decay"":[0.9998752316574576,0.9888558763865909,0.992822139649136,0.9995705369936346],""eps_min"":[0.15,0.08,0.2,0.01],""lr"":[0.003657207876504814,0.0012233635955577874,0.0003337516652741186,0.00033637193400963317],""optimizer"":[""adamw"",""adam"",""adam"",""adamw""],""replay_steps"":[2,1,4,1],""weight_decay"":[1e-06,0.0001,0.0001,1e-05]}"
754,cfg_e503347920f35204,"{""batch"":[128,64,128,16],""buffer"":[500,1000,10000,5000],""eps_decay"":[0.9993334500280789,0.9993966438118311,0.9869236761896788,0.9998544446270047],""eps_min"":[0.15,0.01,0.2,0.05],""lr"":[0.0021680528553209254,0.0005476021742217564,0.0037631555228331776,0.0006025814795954611],""optimizer"":[""adamw"",""adamw"",""adamw"",""adamw""],""replay_steps"":[1,4,1,2],""weight_decay"":[1e-06,1e-06,1e-05,1e-05]}"
755,cfg_0a842d1ca43b4b42,"{""batch"":[16,128,32,64],""buffer"":[2000,5000,1000,5000],""eps_decay"":[0.9997639258667693,0.9991482166742004,0.9982185908169519,0.9998580086160769],""eps_min"":[0.1,0.03,0.15,0.2],""lr"":[0.0003738526579623056,0.003711968839361562,0.0010629236457703859,0.003147206251510397],""optimizer"":[""adamw"",""adam"",""adam"",""adam""],""replay_steps"":[8,8,8,1],""weight_decay"":[0.0001,0.0001,1e-06,0.001]}"
756,cfg_34124ce429f65ed6,"{""batch"":[64,64,32,16],""buffer"":[1000,2000,10000,2000],""eps_decay"":[0.9981306951073216,0.9997592799075,0.9998498710366454,0.9962225614770442],""eps_min"":[0.15,0.01,0.01,0.08],""lr"":[0.00025629216007329975,0.0035215237161845265,0.00017989015774045502,0.00012999325639692047],""optimizer"":[""adam"",""adamw"",""adam"",""adam""],""replay_steps"":[2,4,2,4],""weight_decay"":[0.0001,0.0001,0.0001,0.001]}"
757,cfg_8450ee62349fdac5,"{""batch"":[64,16,64,16],""buffer"":[5000,1000,5000,10000],""eps_decay"":[0.9966170515387689,0.9995861775814897,0.9816634650350295,0.9995134283624032],""eps_min"":[0.08,0.08,0.1,0.01],""lr"":[0.00042803283167631745,0.0015505855342676498,0.0007827577052971196,0.0029030953280058547],""optimizer"":[""adamw"",""adam"",""adam"",""adamw""],""replay_steps"":[8,4,2,8],""weight_decay"":[1e-05,1e-05,0.001,0.001]}"
758,cfg_ad4b8f6bea8259ff,"{""batch"":[128,32,32,64],""buffer"":[500,1000,2000,500],""eps_decay"":[0.9997207359024225,0.9981905203613218,0.983718879649929,0.9993669746522759],""eps_min"":[0.08,0.08,0.1,0.05],""lr"":[0.00039806918420114384,0.00010493036759547091,0.0017283778544173573,0.002060451249932232],""optimizer"":[""adamw"",""adamw"",""adam"",""adam""],""replay_steps"":[1,2,4,4],""weight_decay"":[0.0001,0.001,1e-06,0.001]}"
759,cfg_0e2a851dd75a2aec,"{""batch"":[128,64,64,16],""buffer"":[5000,2000,500,2000],""eps_decay"":[0.9992243960661877,0.9993074865941847,0.9998884181407283,0.9997905269067235],""eps_min"":[0.2,0.15,0.1,0.2],""lr"":[0.0001162116678924611,0.004340981705533487,0.0009366184111930208,0.0005577170259988195],""optimizer"":[""adamw"",""adam"",""adamw"",""adam""],""replay_steps"":[2,1,1,1],""weight_decay"":[0.0001,0.0001,1e-05,1e-06]}"
760,cfg_e5481e461914538a,"{""batch"":[16,128,64,16],""buffer"":[5000,10000,10000,5000],""eps_decay"":[0.994323344771492,0.9896368702185279,0.9983198293239774,0.9942274660814326],""eps_min"":[0.05,0.1,0.08,0.05],""lr"":[0.002296873193804075,0.0006510187951796262,0.00029346883054291484,0.0001454438179785861],""optimizer"":[""adam"",""adam"",""adamw"",""adam""],""replay_steps"":[4,1,1,1],""weight_decay"":[1e-06,0.0001,1e-06,0.0001]}"
761,cfg_5e0bce3f8e56cac9,"{""batch"":[16,32,16,128],""buffer"":[5000,1000,1000,1000],""eps_decay"":[0.9983471340680498,0.9951614313732032,0.9979631752688233,0.9995243777486232],""eps_min"":[0.03,0.1,0.2,0.15],""lr"":[0.00014536489468279152,0.0004170838768578231,0.0034887631081319376,0.0014059232099223969],""optimizer"":[""adamw"",""adam"",""adam"",""adamw""],""replay_steps"":[1,8,1,1],""weight_decay"":[0.0001,0.001,0.001,1e-06]}"
762,cfg_f629001933f324ea,"{""batch"":[64,128,16,32],""buffer"":[5000,2000,5000,500],""eps_decay"":[0.9982343985630306,0.9955130813392489,0.9995112301330135,0.9989566313085831],""eps_min"":[0.15,0.01,0.15,0.1],""lr"":[0.00042596596909638495,0.0002441361066859713,0.003468981661412132,0.0003817506624236697],""optimizer"":[""adamw"",""adamw"",""adamw"",""adamw""],""replay_steps"":[4,1,4,4],""weight_decay"":[1e-05,1e-06,0.001,1e-05]}"
763,cfg_198d377b7787a478,"{""batch"":[16,128,64,128],""buffer"":[500,2000,5000,2000],""eps_decay"":[0.9998042097322671,0.9994483540846008,0.9997167124579388,0.9843406996390179],""eps_min"":[0.2,0.2,0.01,0.05],""lr"":[0.00046869087783855013,0.0005390657046268174,0.0001967334011295956,0.0046198552695644],""optimizer"":[""adam"",""adam"",""adamw"",""adamw""],""replay_steps"":[8,1,4,1],""weight_decay"":[0.0001,1e-05,0.001,1e-05]}"
764,cfg_1817f4e7fa9b5e36,"{""batch"":[128,128,32,32],""buffer"":[10000,2000,500,500],""eps_decay"":[0.999113767409295,0.9897974518117442,0.9991242765397228,0.9981980745299055],""eps_min"":[0.01,0.2,0.2,0.15],""lr"":[0.00041912099550826804,0.0006091105159884942,0.002223341698081609,0.00010545059925564915],""optimizer"":[""adam"",""adam"",""adam"",""adamw""],""replay_steps"":[1,8,4,4],""weight_decay"":[1e-06,0.001,1e-06,1e-06]}"
765,cfg_f3c11e61e1a1ac94,"{""batch"":[32,32,32,128],""buffer"":[500,500,5000,2000],""eps_decay"":[0.9998604934727308,0.9813766966745385,0.9998979520158805,0.9980309908966529],""eps_min"":[0.08,0.05,0.01,0.03],""lr"":[0.0028142969191955547,0.00025175836398851244,0.0008659911504883218,0.002630319494739929],""optimizer"":[""adamw"",""adamw"",""adamw"",""adam""],""replay_steps"":[4,2,4,1],""weight_decay"":[1e-05,0.001,0.001,1e-05]}"
766,cfg_dbeca91253fc4080,"{""batch"":[128,128,16,128],""buffer"":[500,10000,1000,5000],""eps_decay"":[0.9987491928918107,0.9960707123210175,0.9978757501903063,0.9867958864974469],""eps_min"":[0.05,0.15,0.03,0.1],""lr"":[0.0003045752660505069,0.001299220112706015,0.002540318541615126,0.002501158708779176],""optimizer"":[""adam"",""adamw"",""adam"",""adamw""],""replay_steps"":[4,2,1,2],""weight_decay"":[0.001,1e-05,0.0001,1e-05]}"
767,cfg_3c907a5cfb49e2c9,"{""batch"":[16,64,128,32],""buffer"":[2000,5000,500,5000],""eps_decay"":[0.997981904338355,0.9950276911618108,0.9997037325390493,0.9989818954429244],""eps_min"":[0.1,0.05,0.1,0.1],""lr"":[0.0012702000260016646,0.00012005421961416932,0.0005644193935172493,0.00041049564708460414],""optimizer"":[""adamw"",""adamw"",""adamw"",""adam""],""replay_steps"":[4,8,1,2],""weight_decay"":[1e-05,1e-06,1e-05,1e-06]}"
768,cfg_c6ed1551db3e9289,"{""batch"":[128,16,64,128],""buffer"":[10000,2000,2000,10000],""eps_decay"":[0.9998938472527352,0.9972165453893206,0.999330697604407,0.9951562355988326],""eps_min"":[0.08,0.1,0.08,0.01],""lr"":[0.0002503739076066271,0.0001656117510883587,0.0009202750161747139,0.0012387156698865141],""optimizer"":[""adam"",""adam"",""adamw"",""adamw""],""replay_steps"":[1,1,4,2],""weight_decay"":[1e-06,0.001,1e-05,1e-06]}"
769,cfg_978c38fc772f69d6,"{""batch"":[64,128,32,32],""buffer"":[10000,500,1000,2000],""eps_decay"":[0.9974572803284311,0.995245816111336,0.9849048173242162,0.9979994039651386],""eps_min"":[0.2,0.08,0.08,0.01],""lr"":[0.0008100610426016574,0.00048723908066525154,0.0003810861735479015,0.0001969739750887886],""optimizer"":[""adamw"",""adam"",""adamw"",""adamw""],""replay_steps"":[4,4,8,2],""weight_decay"":[1e-05,1e-05,1e-05,0.001]}"
770,cfg_d363a65cf645dbc9,"{""batch"":[16,16,16,128],""buffer"":[5000,10000,500,500],""eps_decay"":[0.9996008242969028,0.999847130877095,0.9998941526340439,0.9998556417877875],""eps_min"":[0.15,0.05,0.01,0.1],""lr"":[0.00015568099656057256,0.0002504322246552594,0.00028227449352600804,0.00032932187274537975],""optimizer"":[""adam"",""adam"",""adam"",""adam""],""replay_steps"":[8,1,1,4],""weight_decay"":[1e-05,1e-05,0.001,0.0001]}"
771,cfg_f32376593e0f5165,"{""batch"":[64,128,32,128],""buffer"":[1000,500,1000,5000],""eps_decay"":[0.9960388823494215,0.9919250978536217,0.999545133260399,0.9955278730332499],""eps_min"":[0.03,0.08,0.1,0.08],""lr"":[0.00025659304097939734,0.0023443063767490824,0.00030264516743907437,0.0003279579137956593],""optimizer"":[""adamw"",""adamw"",""adam"",""adam""],""replay_steps"":[2,8,4,2],""weight_decay"":[0.001,1e-06,0.001,0.001]}"
772,cfg_2346bad489145f5e,"{""batch"":[128,128,32,16],""buffer"":[500,2000,2000,10000],""eps_decay"":[0.9990086640894341,0.9998498046436985,0.99971995555176,0.9985621253970093],""eps_min"":[0.1,0.01,0.03,0.05],""lr"":[0.000920232297629599,0.001985481332508362,0.002684695732126289,0.0030644350305026316],""optimizer"":[""adam"",""adamw"",""adamw"",""adam""],""replay_steps"":[1,2,8,8],""weight_decay"":[1e-05,1e-05,0.0001,0.0001]}"
773,cfg_940d85429b87e2ca,"{""batch"":[64,32,32,16],""buffer"":[2000,1000,5000,2000],""eps_decay"":[0.9972077804141608,0.9983111027802982,0.9998387277292128,0.9820972406912064],""eps_min"":[0.2,0.01,0.2,0.01],""lr"":[0.0007691537099626748,0.0008581396832817339,0.0022984465572267764,0.000877933525911972],""optimizer"":[""adam"",""adam"",""adamw"",""adam""],""replay_steps"":[1,1,1,8],""weight_decay"":[1e-06,1e-05,0.001,0.0001]}"
774,cfg_cd2f979c935c0f05,"{""batch"":[16,64,32,64],""buffer"":[10000,2000,5000,2000],""eps_decay"":[0.9992987598241561,0.9976653313594424,0.9815198562482167,0.9814850998769261],""eps_min"":[0.01,0.08,0.03,0.01],""lr"":[0.002769054066472791,0.00041748572684938633,0.0002868555785811715,0.0005812264737412468],""optimizer"":[""adamw"",""adamw"",""adamw"",""adam""],""replay_steps"":[1,1,8,2],""weight_decay"":[0.0001,1e-06,0.001,0.0001]}"
775,cfg_84e5a79ced838997,"{""batch"":[32,128,128,64],""buffer"":[1000,5000,5000,10000],""eps_decay"":[0.9993204277685726,0.9970370980121872,0.9970008865090533,0.9922716405869104],""eps_min"":[0.15,0.01,0.2,0.15],""lr"":[0.0016287375612703836,0.00011960584305533589,0.0003329792300849494,0.0006539680346300103],""optimizer"":[""adamw"",""adamw"",""adamw"",""adam""],""replay_steps"":[8,1,1,2],""weight_decay"":[1e-06,1e-05,1e-05,1e-05]}"
776,cfg_8cc135cb5ab8c5ff,"{""batch"":[32,16,16,32],""buffer"":[5000,10000,1000,500],""eps_decay"":[0.9977266726970521,0.9998476185593771,0.9922083080655123,0.9993109479157303],""eps_min"":[0.01,0.15,0.05,0.05],""lr"":[0.00390956442865238,0.00028739027937397984,0.0005875618536975535,0.0024690898050565187],""optimizer"":[""adamw"",""adam"",""adam"",""adam""],""replay_steps"":[4,4,1,1],""weight_decay"":[1e-06,0.001,1e-05,0.0001]}"
777,cfg_37776158463130a8,"{""batch"":[16,16,64,32],""buffer"":[500,1000,5000,5000],""eps_decay"":[0.9955635727057703,0.9976030717019131,0.9804212992018275,0.9954550245957411],""eps_min"":[0.08,0.15,0.05,0.01],""lr"":[0.0009951863313277423,0.00020054878883871933,0.0001539255362060285,0.004769977075867328],""optimizer"":[""adamw"",""adamw"",""adamw"",""adam""],""replay_steps"":[1,1,8,1],""weight_decay"":[0.001,1e-06,0.001,0.0001]}"
778,cfg_87184bda5bd99d52,"{""batch"":[32,16,32,128],""buffer"":[2000,10000,2000,5000],""eps_decay"":[0.9974271310646049,0.9991363046452194,0.9961475025625386,0.9939942180171004],""eps_min"":[0.2,0.01,0.2,0.1],""lr"":[0.0003405803792941638,0.00033639099700992264,0.0004309333291201756,0.0009895309152750608],""optimizer"":[""adamw"",""adamw"",""adamw"",""adam""],""replay_steps"":[2,2,4,2],""weight_decay"":[1e-05,1e-05,0.0001,1e-05]}"
779,cfg_fbe86776c14c38a2,"{""batch"":[64,128,16,32],""buffer"":[1000,2000,5000,500],""eps_decay"":[0.999667225874811,0.9859730003348228,0.9997648111161871,0.9907212955369721],""eps_min"":[0.05,0.01,0.05,0.1],""lr"":[0.0012203446479792193,0.00013248011036708906,0.0002881225162418968,0.004972373222891832],""optimizer"":[""adamw"",""adamw"",""adam"",""adamw""],""replay_steps"":[2,2,4,4],""weight_decay"":[0.001,1e-05,1e-05,0.0001]}"
780,cfg_46482d65074d7ea5,"{""batch"":[32,32,32,32],""buffer"":[5000,10000,10000,10000],""eps_decay"":[0.9871302448882759,0.9998277384399495,0.9864720022338961,0.9996971779446928],""eps_min"":[0.2,0.1,0.03,0.01],""lr"":[0.0034551586563535885,0.0010427295551560546,0.000105467160218108,0.0002017678155115275],""optimizer"":[""adam"",""adamw"",""adam"",""adamw""],""replay_steps"":[2,8,8,8],""weight_decay"":[0.001,1e-06,0.001,1e-06]}"
781,cfg_532babee889e6f39,"{""batch"":[16,128,16,16],""buffer"":[1000,2000,2000,1000],""eps_decay"":[0.9996986994884097,0.9818605554163011,0.9966678126528439,0.9935914905683761],""eps_min"":[0.15,0.2,0.01,0.2],""lr"":[0.0009189301734817089,0.00031634176757736586,0.0015770550627798702,0.00014591679036155103],""optimizer"":[""adam"",""adam"",""adamw"",""adam""],""replay_steps"":[2,8,4,8],""weight_decay"":[1e-05,1e-05,0.0001,1e-06]}"
782,cfg_5b8f814b26c00cf3,"{""batch"":[32,128,16,16],""buffer"":[5000,2000,1000,2000],""eps_decay"":[0.9949532304180889,0.9890862034200885,0.9998781990658832,0.9990937586642709],""eps_min"":[0.03,0.08,0.2,0.05],""lr"":[0.0003248481786571993,0.0036442424865516542,0.00010275771966624917,0.00011452699438077197],""optimizer"":[""adamw"",""adam"",""adam"",""adam""],""replay_steps"":[8,4,8,1],""weight_decay"":[1e-05,1e-06,0.001,0.0001]}"
783,cfg_fc877dc1b24e0cc2,"{""batch"":[128,64,32,16],""buffer"":[500,1000,1000,1000],""eps_decay"":[0.9998350674159152,0.9984835471381301,0.9934611406230592,0.9997863340641054],""eps_min"":[0.01,0.15,0.01,0.15],""lr"":[0.0007046173809930417,0.000244175567760509,0.0013287094285860323,0.00011969417532165475],""optimizer"":[""adam"",""adam"",""adamw"",""adamw""],""replay_steps"":[4,4,2,4],""weight_decay"":[1e-06,1e-06,1e-05,0.001]}"
784,cfg_c66bc6cd5b73c8e5,"{""batch"":[32,32,64,64],""buffer"":[5000,5000,10000,500],""eps_decay"":[0.9997870923466489,0.9975445503346443,0.9983175198490601,0.9990461033777732],""eps_min"":[0.05,0.1,0.2,0.01],""lr"":[0.000148254658885763,0.001136175980339501,0.0006125680246674913,0.0038578954371077346],""optimizer"":[""adamw"",""adam"",""adam"",""adam""],""replay_steps"":[4,4,4,8],""weight_decay"":[0.001,0.001,0.0001,1e-06]}"
785,cfg_35730dd9124bc284,"{""batch"":[64,64,128,32],""buffer"":[2000,1000,5000,5000],""eps_decay"":[0.9936194280883281,0.9968046364362108,0.9997770078387163,0.9994847977903527],""eps_min"":[0.03,0.01,0.08,0.05],""lr"":[0.000138648199948431,0.004590413251611906,0.00011525152293803153,0.00038330885692929267],""optimizer"":[""adam"",""adamw"",""adam"",""adamw""],""replay_steps"":[8,2,8,8],""weight_decay"":[1e-05,0.0001,1e-06,1e-06]}"
786,cfg_d17013631c8c44e9,"{""batch"":[32,128,64,128],""buffer"":[2000,1000,500,500],""eps_decay"":[0.9984661483907944,0.9992365219969447,0.9998462399512866,0.9927779907169394],""eps_min"":[0.15,0.08,0.01,0.2],""lr"":[0.004762686649960326,0.003658234595110977,0.0023775301506971935,0.003604342118727269],""optimizer"":[""adamw"",""adam"",""adam"",""adamw""],""replay_steps"":[8,1,1,4],""weight_decay"":[1e-06,1e-06,0.0001,0.001]}"
787,cfg_8cf2f850b369996a,"{""batch"":[32,16,64,16],""buffer"":[2000,10000,500,500],""eps_decay"":[0.9972389328911971,0.9896228458888713,0.9961658242208346,0.997149292244153],""eps_min"":[0.15,0.01,0.01,0.08],""lr"":[0.000926938064609789,0.0007509266972823531,0.0015001002495003675,0.0001779484574060116],""optimizer"":[""adamw"",""adamw"",""adamw"",""adam""],""replay_steps"":[4,2,8,2],""weight_decay"":[0.0001,1e-05,0.001,1e-05]}"
788,cfg_f71c1e06cf5e81a5,"{""batch"":[16,128,128,32],""buffer"":[5000,2000,10000,10000],""eps_decay"":[0.9850463968337912,0.9995892572594306,0.9998527267797376,0.9972623528857124],""eps_min"":[0.15,0.2,0.05,0.1],""lr"":[0.0004661189208376722,0.0007859783646274056,0.0001319110380035492,0.0005129103303900505],""optimizer"":[""adam"",""adamw"",""adamw"",""adam""],""replay_steps"":[2,1,4,1],""weight_decay"":[0.0001,1e-06,1e-05,1e-05]}"
789,cfg_12244f9c25d950de,"{""batch"":[16,32,128,64],""buffer"":[5000,1000,500,10000],""eps_decay"":[0.9996651644777178,0.9932241370885633,0.9931969712878596,0.9996723470131458],""eps_min"":[0.2,0.1,0.05,0.01],""lr"":[0.000632610508650046,0.0021923203831947474,0.001321005526983327,0.004334063330613486],""optimizer"":[""adamw"",""adam"",""adamw"",""adamw""],""replay_steps"":[4,8,8,4],""weight_decay"":[0.001,1e-06,0.0001,0.0001]}"
790,cfg_63649bd30e166448,"{""batch"":[128,16,32,32],""buffer"":[1000,1000,5000,500],""eps_decay"":[0.9987444669742422,0.9940381471018718,0.9996229951332065,0.9801456562062569],""eps_min"":[0.08,0.2,0.15,0.1],""lr"":[0.004116566339889031,0.0003029225265887271,0.0020883199506748643,0.0003862569574447853],""optimizer"":[""adamw"",""adam"",""adamw"",""adamw""],""replay_steps"":[2,4,1,8],""weight_decay"":[1e-05,1e-06,1e-05,0.0001]}"
791,cfg_7f2995a388e9376a,"{""batch"":[64,16,128,32],""buffer"":[5000,5000,2000,1000],""eps_decay"":[0.9991880512575724,0.9991568410968624,0.9997489148328672,0.9965918622594531],""eps_min"":[0.1,0.1,0.2,0.15],""lr"":[0.001120391343427673,0.001255306992911891,0.0009003710108845552,0.0001661037832653344],""optimizer"":[""adam"",""adamw"",""adamw"",""adam""],""replay_steps"":[1,4,2,1],""weight_decay"":[0.0001,1e-05,0.0001,0.0001]}"
792,cfg_acc2a8281c6b6537,"{""batch"":[128,64,32,32],""buffer"":[5000,1000,1000,500],""eps_decay"":[0.998204974139458,0.9957577058589505,0.9860658620702546,0.9965356696294],""eps_min"":[0.1,0.03,0.15,0.2],""lr"":[0.0009770022982980224,0.00026172301300376983,0.0003699083260956214,0.00011913971754822129],""optimizer"":[""adamw"",""adamw"",""adam"",""adamw""],""replay_steps"":[8,2,1,2],""weight_decay"":[1e-05,1e-06,0.001,1e-05]}"
793,cfg_67a71b2eedc4a41e,"{""batch"":[64,16,128,16],""buffer"":[5000,2000,1000,1000],""eps_decay"":[0.9995441837747381,0.998452325152808,0.9997390875036284,0.9958005705824512],""eps_min"":[0.1,0.2,0.05,0.1],""lr"":[0.0010031920104052441,0.002541764902305877,0.0009646210713979107,0.0005632532705736463],""optimizer"":[""adamw"",""adam"",""adamw"",""adamw""],""replay_steps"":[2,2,1,4],""weight_decay"":[0.001,0.0001,1e-06,0.0001]}"
794,cfg_ae2792ff782544f8,"{""batch"":[32,16,64,16],""buffer"":[1000,2000,5000,2000],""eps_decay"":[0.9998049325042393,0.9919293052444774,0.9919488349791603,0.9994767222014865],""eps_min"":[0.1,0.05,0.15,0.1],""lr"":[0.00029583502406046547,0.00011689807469826376,0.004785494074380142,0.0012475571755943468],""optimizer"":[""adam"",""adamw"",""adam"",""adamw""],""replay_steps"":[1,4,1,8],""weight_decay"":[0.001,1e-05,0.001,1e-06]}"
795,cfg_8b18db4bb9fb8ee8,"{""batch"":[16,64,64,128],""buffer"":[1000,10000,500,10000],""eps_decay"":[0.9937388176157163,0.984978102263972,0.9934138732993864,0.9993727343305848],""eps_min"":[0.2,0.08,0.03,0.15],""lr"":[0.0027045120368945834,0.0003292620475666693,0.0002575049856562748,0.00011829582090493381],""optimizer"":[""adamw"",""adamw"",""adam"",""adam""],""replay_steps"":[1,1,2,2],""weight_decay"":[1e-06,0.001,0.001,1e-05]}"
796,cfg_0350c8455959e153,"{""batch"":[64,32,64,16],""buffer"":[1000,5000,2000,500],""eps_decay"":[0.9974594530402789,0.9827179786685474,0.9997959170005616,0.9997473264418196],""eps_min"":[0.03,0.15,0.2,0.03],""lr"":[0.000790313084228551,0.0018800710545755304,0.0016197312707377305,0.001959114511651174],""optimizer"":[""adamw"",""adamw"",""adamw"",""adam""],""replay_steps"":[2,2,8,1],""weight_decay"":[1e-06,0.001,1e-06,1e-06]}"
797,cfg_7422858406ad6b4d,"{""batch"":[128,64,64,32],""buffer"":[1000,500,1000,10000],""eps_decay"":[0.9912863327514246,0.9997970273440644,0.9996149971842089,0.9990219804852434],""eps_min"":[0.05,0.15,0.05,0.03],""lr"":[0.0006657167227849958,0.0006904245012348874,0.0009432455315649582,0.00031493518571368],""optimizer"":[""adam"",""adam"",""adam"",""adamw""],""replay_steps"":[2,1,8,4],""weight_decay"":[1e-05,1e-06,0.001,1e-05]}"
798,cfg_a5b3e96d06ee42c0,"{""batch"":[128,32,64,32],""buffer"":[500,500,1000,1000],""eps_decay"":[0.998452684559636,0.993029605082431,0.9993262820842537,0.99913291627377],""eps_min"":[0.08,0.2,0.1,0.08],""lr"":[0.000411676475258344,0.003849882693545917,0.00010109867977483916,0.00020138720908717078],""optimizer"":[""adamw"",""adamw"",""adam"",""adam""],""replay_steps"":[4,4,2,8],""weight_decay"":[0.001,0.001,1e-05,0.001]}"
799,cfg_14a9d4efa46bef53,"{""batch"":[128,32,64,128],""buffer"":[500,1000,1000,5000],""eps_decay"":[0.9983446669081107,0.999576574316793,0.999436688474639,0.9998758339805078],""eps_min"":[0.08,0.1,0.2,0.08],""lr"":[0.0014174654585946604,0.0001238154550036036,0.00012088317861960614,0.000262817150935523],""optimizer"":[""adamw"",""adamw"",""adamw"",""adam""],""replay_steps"":[1,4,8,8],""weight_decay"":[0.001,0.0001,0.001,0.001]}"
800,cfg_c333ad6ff71717dc,"{""batch"":[64,16,128,32],""buffer"":[10000,1000,10000,2000],""eps_decay"":[0.9998336708237926,0.9994883354517272,0.999164113559518,0.9997927805703464],""eps_min"":[0.2,0.01,0.15,0.15],""lr"":[0.0011946874608280056,0.00012616496341218885,0.0001665962369456896,0.0005877872134091021],""optimizer"":[""adamw"",""adam"",""adamw"",""adamw""],""replay_steps"":[4,4,2,2],""weight_decay"":[0.001,0.001,1e-06,1e-06]}"
801,cfg_0e1c2fe7857e7720,"{""batch"":[16,128,16,16],""buffer"":[1000,500,10000,2000],""eps_decay"":[0.9832983553728653,0.9993775920652397,0.9954846781857948,0.9821197055235369],""eps_min"":[0.1,0.1,0.01,0.15],""lr"":[0.002893416278712564,0.0015835439003846206,0.000599966410751688,0.0008644414661008991],""optimizer"":[""adamw"",""adamw"",""adam"",""adamw""],""replay_steps"":[2,8,1,1],""weight_decay"":[0.0001,0.0001,1e-06,1e-05]}"
802,cfg_896196bbcd142f59,"{""batch"":[64,16,128,32],""buffer"":[1000,5000,5000,10000],""eps_decay"":[0.9977319906976277,0.9984141033689014,0.9993681521233423,0.999111129516166],""eps_min"":[0.05,0.15,0.01,0.03],""lr"":[0.0017422612122973199,0.004571022035325041,0.001939708993571972,0.0032985255336727397],""optimizer"":[""adam"",""adamw"",""adam"",""adam""],""replay_steps"":[2,2,8,8],""weight_decay"":[0.0001,1e-05,1e-06,1e-05]}"
803,cfg_36b12764e9a3a957,"{""batch"":[64,16,32,64],""buffer"":[5000,10000,10000,10000],""eps_decay"":[0.9953358337578089,0.9884832451686144,0.9998069317731796,0.9977995802390661],""eps_min"":[0.2,0.1,0.03,0.01],""lr"":[0.001198577986756885,0.0007479575378530241,0.0009274833682292632,0.0006057928850270499],""optimizer"":[""adam"",""adamw"",""adam"",""adam""],""replay_steps"":[1,2,8,2],""weight_decay"":[1e-06,0.0001,1e-05,0.001]}"
804,cfg_9be104c69eea931b,"{""batch"":[32,128,128,128],""buffer"":[10000,10000,1000,10000],""eps_decay"":[0.9997647085698186,0.9854472064691896,0.9864387060896017,0.9997251973775275],""eps_min"":[0.01,0.03,0.1,0.15],""lr"":[0.0011678381668785956,0.0003134654296394895,0.0004965365011189257,0.001700609526457103],""optimizer"":[""adam"",""adamw"",""adamw"",""adam""],""replay_steps"":[8,8,4,4],""weight_decay"":[0.0001,0.001,0.001,0.0001]}"
805,cfg_6d90c8b7411548cd,"{""batch"":[64,64,16,128],""buffer"":[2000,10000,1000,5000],""eps_decay"":[0.9994775194938404,0.98627410763724,0.9985491272652357,0.9897824698992328],""eps_min"":[0.05,0.01,0.05,0.03],""lr"":[0.00010696162619660997,0.00012342007338854644,0.001255371218460048,0.004125707516026034],""optimizer"":[""adamw"",""adam"",""adamw"",""adamw""],""replay_steps"":[4,1,4,8],""weight_decay"":[0.0001,0.0001,1e-05,1e-05]}"
806,cfg_4b6321dd7c1b6b84,"{""batch"":[32,16,16,64],""buffer"":[5000,2000,1000,5000],""eps_decay"":[0.9976082861202262,0.9958346210854915,0.9910521034141339,0.9996856849488209],""eps_min"":[0.08,0.05,0.2,0.15],""lr"":[0.00016561522396020708,0.00036823037301471497,0.0002664961492497455,0.0004875747045608477],""optimizer"":[""adamw"",""adam"",""adam"",""adamw""],""replay_steps"":[4,2,8,1],""weight_decay"":[1e-06,1e-05,0.001,0.0001]}"
807,cfg_503003f4f82b5454,"{""batch"":[16,64,64,16],""buffer"":[5000,1000,5000,10000],""eps_decay"":[0.9987560497277183,0.9816967091338281,0.9993410622741211,0.998852267947614],""eps_min"":[0.2,0.03,0.08,0.2],""lr"":[0.004414817310990232,0.0027965564263857266,0.0018067760696356084,0.0003051996400265615],""optimizer"":[""adam"",""adamw"",""adam"",""adam""],""replay_steps"":[8,1,1,8],""weight_decay"":[0.0001,1e-05,1e-06,0.001]}"
808,cfg_494828863410a338,"{""batch"":[16,64,64,64],""buffer"":[10000,10000,5000,1000],""eps_decay"":[0.9967349082578445,0.9954933097189066,0.984664268167393,0.9947465273221396],""eps_min"":[0.01,0.01,0.08,0.08],""lr"":[0.0002651636342725776,0.002584675128622028,0.0032796006192401654,0.0003926831587374217],""optimizer"":[""adamw"",""adamw"",""adamw"",""adamw""],""replay_steps"":[2,4,8,4],""weight_decay"":[0.001,0.001,0.0001,1e-06]}"
809,cfg_a02557c8954eee4c,"{""batch"":[32,32,32,32],""buffer"":[10000,10000,5000,500],""eps_decay"":[0.9994713925507877,0.9975068473261691,0.9887269572764676,0.9996490873881616],""eps_min"":[0.15,0.03,0.08,0.2],""lr"":[0.0012891858013412208,0.0009459147122886697,0.00028350592077936056,0.000184055845099593],""optimizer"":[""adamw"",""adamw"",""adamw"",""adamw""],""replay_steps"":[8,8,2,8],""weight_decay"":[0.0001,1e-05,1e-05,1e-06]}"
810,cfg_b715a9d54fb04847,"{""batch"":[128,16,128,64],""buffer"":[2000,2000,5000,5000],""eps_decay"":[0.9991649538644203,0.9906657543458329,0.9957882009181404,0.9995234863643128],""eps_min"":[0.05,0.2,0.1,0.2],""lr"":[0.0006507713083769481,0.0005151002206359032,0.0003303348148965037,0.00032442307445382094],""optimizer"":[""adam"",""adam"",""adam"",""adamw""],""replay_steps"":[1,1,2,4],""weight_decay"":[0.001,1e-06,1e-05,1e-05]}"
811,cfg_a1f3512f7b989f04,"{""batch"":[64,64,128,64],""buffer"":[2000,500,10000,2000],""eps_decay"":[0.9996978376638648,0.9920578193389412,0.9997360101270206,0.9996099165128668],""eps_min"":[0.05,0.1,0.08,0.08],""lr"":[0.00043102311268394567,0.0001042990717353226,0.004219758198233655,0.00017869379192027516],""optimizer"":[""adam"",""adamw"",""adam"",""adamw""],""replay_steps"":[8,4,8,4],""weight_decay"":[1e-06,0.0001,0.0001,1e-05]}"
812,cfg_92cc5eca60cb2200,"{""batch"":[64,64,128,128],""buffer"":[10000,10000,2000,5000],""eps_decay"":[0.9982524722040779,0.9998381921376358,0.9995568079954348,0.9864182058171288],""eps_min"":[0.1,0.08,0.05,0.2],""lr"":[0.0001638357535599518,0.000777100655667346,0.0002667292975708521,0.0029959116686061648],""optimizer"":[""adamw"",""adam"",""adamw"",""adam""],""replay_steps"":[8,1,1,8],""weight_decay"":[0.0001,0.001,0.001,1e-05]}"
813,cfg_7d9560efdcdba823,"{""batch"":[64,64,128,16],""buffer"":[500,1000,1000,500],""eps_decay"":[0.9981680955628833,0.9933701708837986,0.9995687693024617,0.9845879099934035],""eps_min"":[0.01,0.01,0.1,0.2],""lr"":[0.0025195609337626008,0.0011216338237614448,0.000895778934402718,0.002941990390413215],""optimizer"":[""adam"",""adamw"",""adam"",""adamw""],""replay_steps"":[8,4,8,4],""weight_decay"":[0.001,1e-06,0.001,0.001]}"
814,cfg_749ee62613a52145,"{""batch"":[64,32,32,16],""buffer"":[5000,2000,1000,2000],""eps_decay"":[0.982881276647593,0.9974757565536951,0.9982650558707602,0.9973937451288684],""eps_min"":[0.2,0.03,0.01,0.1],""lr"":[0.00020451549702850307,0.003258862602410747,0.00013921748101386908,0.00034363239436978267],""optimizer"":[""adam"",""adam"",""adamw"",""adamw""],""replay_steps"":[8,4,8,8],""weight_decay"":[1e-05,0.001,0.0001,1e-05]}"
815,cfg_939b90c0501d8b21,"{""batch"":[16,128,32,64],""buffer"":[500,5000,500,5000],""eps_decay"":[0.9970372387168109,0.9933745974059712,0.9967865543716858,0.999767117413272],""eps_min"":[0.05,0.15,0.08,0.2],""lr"":[0.00015343377878815383,0.0022860233928081453,0.0005827021721469323,0.0019385293312332347],""optimizer"":[""adam"",""adamw"",""adamw"",""adam""],""replay_steps"":[4,8,1,4],""weight_decay"":[1e-06,0.001,1e-05,0.001]}"
816,cfg_b799e8d691515622,"{""batch"":[64,64,128,32],""buffer"":[1000,500,2000,10000],""eps_decay"":[0.987636875098312,0.997529670896767,0.9989258996856668,0.987893807556459],""eps_min"":[0.01,0.03,0.05,0.1],""lr"":[0.0008849201604107394,0.0014016358306643496,0.00018980179924896236,0.0026603505752885244],""optimizer"":[""adam"",""adam"",""adamw"",""adamw""],""replay_steps"":[2,2,4,2],""weight_decay"":[0.0001,0.0001,0.0001,1e-06]}"
817,cfg_453782aae3631b51,"{""batch"":[32,16,64,32],""buffer"":[1000,2000,2000,2000],""eps_decay"":[0.9839082237823209,0.9998399884290994,0.9913242305515245,0.9978222971910553],""eps_min"":[0.2,0.01,0.01,0.08],""lr"":[0.002512510437339239,0.0005772381321038063,0.000581924030335386,0.0026737616770834594],""optimizer"":[""adam"",""adamw"",""adamw"",""adam""],""replay_steps"":[4,1,2,8],""weight_decay"":[1e-06,0.0001,1e-06,0.001]}"
818,cfg_c30500e8b832a7c7,"{""batch"":[128,128,16,16],""buffer"":[10000,1000,5000,2000],""eps_decay"":[0.9954585716931235,0.9997636781823639,0.9993683163965459,0.9839655280422768],""eps_min"":[0.15,0.1,0.05,0.08],""lr"":[0.0006522964236333117,0.0032680039243854616,0.0012342665197009979,0.0025291211723926805],""optimizer"":[""adamw"",""adamw"",""adam"",""adamw""],""replay_steps"":[2,1,1,2],""weight_decay"":[0.0001,1e-06,0.0001,0.0001]}"
819,cfg_25ec24a537ef17e5,"{""batch"":[32,64,32,32],""buffer"":[2000,500,1000,1000],""eps_decay"":[0.9996054195917153,0.9942532305437497,0.9998290336602497,0.9910742803068266],""eps_min"":[0.05,0.08,0.05,0.03],""lr"":[0.000735637114283474,0.0010916341906924512,0.00010114855297651756,0.0001602059896582291],""optimizer"":[""adam"",""adam"",""adamw"",""adamw""],""replay_steps"":[1,1,8,1],""weight_decay"":[0.001,0.001,0.0001,0.0001]}"
820,cfg_8a349f8b26996b2a,"{""batch"":[32,128,32,64],""buffer"":[2000,500,10000,1000],""eps_decay"":[0.9998616562957764,0.9946283461102065,0.995253956504246,0.9967796781549854],""eps_min"":[0.15,0.03,0.15,0.08],""lr"":[0.0028670384601596935,0.0001488317232731925,0.000748020938103982,0.0011129291210316059],""optimizer"":[""adamw"",""adamw"",""adamw"",""adamw""],""replay_steps"":[4,4,2,4],""weight_decay"":[1e-06,1e-05,1e-06,1e-06]}"
821,cfg_76116982b4a64dda,"{""batch"":[64,128,128,16],""buffer"":[5000,10000,2000,5000],""eps_decay"":[0.9948330241100827,0.9810890533619612,0.999889553834674,0.9988061007086285],""eps_min"":[0.2,0.1,0.01,0.03],""lr"":[0.00020133412620262832,0.00018770546237081195,0.00227219380792656,0.004033616706335101],""optimizer"":[""adam"",""adamw"",""adamw"",""adamw""],""replay_steps"":[8,4,8,2],""weight_decay"":[1e-05,1e-05,0.001,1e-05]}"
822,cfg_7ebbcabaa6e7b3c1,"{""batch"":[32,32,16,32],""buffer"":[5000,5000,5000,1000],""eps_decay"":[0.9997755859746248,0.9996032545413316,0.9959671843437585,0.9997329524049269],""eps_min"":[0.1,0.03,0.01,0.03],""lr"":[0.0002810814746091705,0.0007475021753347062,0.0003755119173183825,0.0018122269328183383],""optimizer"":[""adam"",""adamw"",""adamw"",""adam""],""replay_steps"":[2,2,8,8],""weight_decay"":[0.0001,0.0001,1e-05,1e-05]}"
823,cfg_897ae5d83890ff5b,"{""batch"":[64,16,128,32],""buffer"":[5000,1000,2000,1000],""eps_decay"":[0.9997853257142675,0.99979728844014,0.9839181542829506,0.9996743425348131],""eps_min"":[0.15,0.15,0.08,0.01],""lr"":[0.0022584022723087698,0.0013362630237730131,0.0003259814164339872,0.001946498294042913],""optimizer"":[""adam"",""adamw"",""adamw"",""adamw""],""replay_steps"":[2,2,1,4],""weight_decay"":[0.0001,0.001,0.001,0.001]}"
824,cfg_16584282a8cc5ec3,"{""batch"":[128,128,64,128],""buffer"":[1000,10000,1000,500],""eps_decay"":[0.9978012942292009,0.9953491218433723,0.9984511055761316,0.9903408451088734],""eps_min"":[0.08,0.05,0.1,0.08],""lr"":[0.0005002974846456414,0.00016684766472307584,0.003234515684455931,0.0007888412561313794],""optimizer"":[""adamw"",""adam"",""adam"",""adamw""],""replay_steps"":[4,1,4,8],""weight_decay"":[0.001,1e-05,1e-05,1e-06]}"
825,cfg_a7a5c266410212d5,"{""batch"":[64,32,128,128],""buffer"":[500,10000,500,5000],""eps_decay"":[0.9998362794662454,0.9998697296591296,0.999761964731948,0.9985050289209928],""eps_min"":[0.01,0.05,0.05,0.2],""lr"":[0.0025207894268576407,0.00023347609132324995,0.00415239418301233,0.0009675299001083358],""optimizer"":[""adamw"",""adam"",""adam"",""adam""],""replay_steps"":[1,2,4,1],""weight_decay"":[1e-06,0.001,0.0001,0.0001]}"
826,cfg_9414d59c154add8f,"{""batch"":[64,32,16,16],""buffer"":[2000,1000,10000,10000],""eps_decay"":[0.9881467683100372,0.9988453967248736,0.9975802777717818,0.9980464102244105],""eps_min"":[0.03,0.1,0.03,0.15],""lr"":[0.00024988586119450843,0.001147769782149416,0.0013804004813339518,0.0009697774035302247],""optimizer"":[""adam"",""adamw"",""adam"",""adam""],""replay_steps"":[1,1,8,4],""weight_decay"":[1e-05,1e-05,0.001,0.0001]}"
827,cfg_79fac040d5dfd190,"{""batch"":[32,64,128,32],""buffer"":[10000,500,500,2000],""eps_decay"":[0.9998286319858826,0.9960426613244795,0.9906585852189094,0.999759628652283],""eps_min"":[0.1,0.05,0.03,0.08],""lr"":[0.0008774518813419079,0.0006774612225895977,0.0021064593032444137,0.00034505293348083185],""optimizer"":[""adamw"",""adamw"",""adam"",""adam""],""replay_steps"":[1,8,1,1],""weight_decay"":[0.0001,1e-06,0.0001,1e-06]}"
828,cfg_74a42b7a01209e16,"{""batch"":[16,128,32,128],""buffer"":[5000,500,1000,2000],""eps_decay"":[0.9998042610786626,0.9998525429136776,0.9976110220873979,0.9998479660694548],""eps_min"":[0.15,0.01,0.05,0.2],""lr"":[0.00020609041562302222,0.00042592412485882,0.002140926288075123,0.0017520867589935836],""optimizer"":[""adamw"",""adamw"",""adam"",""adam""],""replay_steps"":[1,8,2,2],""weight_decay"":[0.0001,0.001,1e-06,1e-05]}"
829,cfg_d7ee867a3c6b4163,"{""batch"":[128,128,64,16],""buffer"":[1000,500,1000,1000],""eps_decay"":[0.9975190580989625,0.9842148317360774,0.9997521638120598,0.9912590970756897],""eps_min"":[0.01,0.01,0.15,0.08],""lr"":[0.00025475558671586335,0.00291165307713291,0.0002828836882205958,0.00011548833064768704],""optimizer"":[""adam"",""adamw"",""adamw"",""adam""],""replay_steps"":[8,8,2,4],""weight_decay"":[0.001,0.001,1e-05,1e-05]}"
830,cfg_14514f0db6333016,"{""batch"":[32,32,64,16],""buffer"":[2000,1000,5000,500],""eps_decay"":[0.9812237831183823,0.9832243817548063,0.9977496435477767,0.9998735370151792],""eps_min"":[0.1,0.2,0.01,0.05],""lr"":[0.0003782307597566715,0.003705810076041124,0.001260357910332482,0.0021815656981955204],""optimizer"":[""adamw"",""adam"",""adam"",""adamw""],""replay_steps"":[4,1,1,4],""weight_decay"":[0.001,0.001,0.001,1e-06]}"
831,cfg_485e43868acf3c81,"{""batch"":[16,32,64,64],""buffer"":[1000,5000,1000,1000],""eps_decay"":[0.993128740915153,0.9993536355019415,0.9998825836028684,0.9981855417418076],""eps_min"":[0.01,0.01,0.15,0.2],""lr"":[0.0002842070856137604,0.00013715400327124204,0.0002668498903248612,0.000617803737588604],""optimizer"":[""adam"",""adam"",""adam"",""adam""],""replay_steps"":[1,2,8,1],""weight_decay"":[1e-05,1e-05,1e-05,0.0001]}"
832,cfg_9cddcf527a57790d,"{""batch"":[32,32,32,32],""buffer"":[5000,5000,1000,1000],""eps_decay"":[0.9988668096710924,0.9993610490039279,0.9985887688008074,0.999136622253101],""eps_min"":[0.2,0.15,0.2,0.03],""lr"":[0.0026947864060011713,0.0001332480465066268,0.0004699847592335849,0.00022471855457869097],""optimizer"":[""adamw"",""adam"",""adamw"",""adamw""],""replay_steps"":[8,2,4,8],""weight_decay"":[0.001,0.001,1e-05,0.0001]}"
833,cfg_c82f651978d5342e,"{""batch"":[64,64,16,16],""buffer"":[5000,10000,1000,5000],""eps_decay"":[0.9823151500491265,0.9836430007573076,0.9996046653623382,0.9998279115966069],""eps_min"":[0.05,0.2,0.01,0.1],""lr"":[0.0015293408958551376,0.00020964828979240448,0.0005109892468067928,0.00013556713617920437],""optimizer"":[""adam"",""adamw"",""adam"",""adamw""],""replay_steps"":[1,1,8,8],""weight_decay"":[1e-06,0.0001,1e-06,1e-06]}"
834,cfg_e96e4e41ca271eac,"{""batch"":[16,32,128,32],""buffer"":[1000,1000,1000,2000],""eps_decay"":[0.9998854993906467,0.9992225442494409,0.9996846398332846,0.9982282358058044],""eps_min"":[0.1,0.08,0.2,0.1],""lr"":[0.003139262965752507,0.00023244064890200636,0.0022092777142480066,0.0003312886836762762],""optimizer"":[""adam"",""adamw"",""adamw"",""adamw""],""replay_steps"":[4,1,8,2],""weight_decay"":[0.001,0.001,0.0001,1e-05]}"
835,cfg_1a64e9fde5a683e8,"{""batch"":[64,64,128,16],""buffer"":[500,500,1000,10000],""eps_decay"":[0.9992767294615003,0.9993588488588387,0.9998906308140185,0.9884371211303997],""eps_min"":[0.03,0.2,0.01,0.2],""lr"":[0.0001396047663417375,0.002564199835684473,0.00030364256671445105,0.000293225429711057],""optimizer"":[""adamw"",""adam"",""adamw"",""adamw""],""replay_steps"":[8,2,8,8],""weight_decay"":[1e-06,0.0001,0.0001,1e-06]}"
836,cfg_fd575942437ea885,"{""batch"":[128,32,16,128],""buffer"":[2000,5000,500,500],""eps_decay"":[0.998889424951216,0.9995152265657505,0.9998977182393552,0.9998890276706512],""eps_min"":[0.1,0.03,0.1,0.05],""lr"":[0.0005483826855699943,0.0009591872317770886,0.00018339598797905945,0.003907255736754649],""optimizer"":[""adamw"",""adam"",""adam"",""adam""],""replay_steps"":[4,4,8,1],""weight_decay"":[1e-05,0.0001,1e-06,0.001]}"
837,cfg_3d3e5ca7effdea3b,"{""batch"":[64,64,16,32],""buffer"":[2000,500,10000,1000],""eps_decay"":[0.9989504877568111,0.999302161774306,0.9977041059705146,0.9923401660007963],""eps_min"":[0.1,0.05,0.15,0.2],""lr"":[0.0022974680134657957,0.0006520027127638688,0.000146211895419168,0.0019965162000939686],""optimizer"":[""adam"",""adam"",""adamw"",""adamw""],""replay_steps"":[1,1,8,2],""weight_decay"":[1e-05,1e-06,1e-05,1e-05]}"
838,cfg_cd3d7e984e5d6402,"{""batch"":[64,16,64,64],""buffer"":[500,5000,1000,500],""eps_decay"":[0.9965856335889743,0.9909396642927947,0.9979181119581014,0.9983842826029024],""eps_min"":[0.08,0.15,0.15,0.1],""lr"":[0.00039773755499429423,0.00021376890606360823,0.0011064731318298786,0.000767312664353897],""optimizer"":[""adam"",""adamw"",""adamw"",""adamw""],""replay_steps"":[1,8,8,8],""weight_decay"":[1e-05,1e-05,0.001,1e-06]}"
839,cfg_14fe3380fbc834ce,"{""batch"":[16,128,64,16],""buffer"":[5000,500,10000,500],""eps_decay"":[0.9985676184497252,0.9909486331616526,0.9868483139960691,0.9982240137152923],""eps_min"":[0.03,0.15,0.15,0.15],""lr"":[0.0027201223705762673,0.0023567080107397094,0.0027473425559084966,0.00029744687940909983],""optimizer"":[""adam"",""adamw"",""adamw"",""adam""],""replay_steps"":[8,2,2,8],""weight_decay"":[0.0001,0.0001,0.001,1e-05]}"
840,cfg_f905d8ff0229a2c3,"{""batch"":[16,128,128,32],""buffer"":[10000,5000,1000,2000],""eps_decay"":[0.9994588296789,0.9974119376556491,0.997924340509083,0.9917442006501015],""eps_min"":[0.03,0.2,0.1,0.15],""lr"":[0.0016014143543648769,0.0004837653882019381,0.003950448579020375,0.00014700420207882335],""optimizer"":[""adamw"",""adamw"",""adam"",""adamw""],""replay_steps"":[1,4,4,8],""weight_decay"":[1e-05,1e-05,0.0001,0.001]}"
841,cfg_9e8d57351704cdc3,"{""batch"":[32,16,128,64],""buffer"":[5000,1000,1000,5000],""eps_decay"":[0.9852263078039579,0.9916196103149528,0.9845152938795941,0.986448201923484],""eps_min"":[0.15,0.03,0.2,0.05],""lr"":[0.0002136825770511118,0.00046868122857560986,0.0005676049051233256,0.002499934047520742],""optimizer"":[""adam"",""adamw"",""adam"",""adam""],""replay_steps"":[8,4,2,8],""weight_decay"":[0.0001,1e-06,1e-05,0.001]}"
842,cfg_211915757eb7653d,"{""batch"":[32,32,128,32],""buffer"":[5000,2000,5000,10000],""eps_decay"":[0.9985708352148442,0.9998899836077176,0.9978188163166264,0.9943496355178172],""eps_min"":[0.08,0.03,0.08,0.05],""lr"":[0.0010549109013069816,0.004087553554671785,0.00198710536595278,0.00018306379944229022],""optimizer"":[""adamw"",""adamw"",""adamw"",""adamw""],""replay_steps"":[2,8,4,8],""weight_decay"":[1e-06,1e-06,1e-06,1e-06]}"
843,cfg_f18ae250ac5a6a35,"{""batch"":[16,128,16,128],""buffer"":[2000,1000,500,10000],""eps_decay"":[0.9963634591448092,0.9992714761502296,0.9989438538246278,0.9998173420503167],""eps_min"":[0.03,0.15,0.03,0.15],""lr"":[0.001112280214569429,0.0009985058589282911,0.00014595797654404403,0.00197753549823448],""optimizer"":[""adam"",""adam"",""adamw"",""adam""],""replay_steps"":[4,1,2,4],""weight_decay"":[0.0001,0.001,0.0001,0.001]}"
844,cfg_78c86cebe60eda40,"{""batch"":[64,32,128,32],""buffer"":[500,1000,500,2000],""eps_decay"":[0.9996515864824649,0.999481329825305,0.9995358609955067,0.9998274774487295],""eps_min"":[0.05,0.05,0.05,0.2],""lr"":[0.0003435861953341108,0.0002851206937261085,0.0036884039173134815,0.00045587462951063063],""optimizer"":[""adamw"",""adam"",""adamw"",""adam""],""replay_steps"":[1,2,2,4],""weight_decay"":[1e-06,1e-06,1e-05,0.0001]}"
845,cfg_4eeefbba9f480d9e,"{""batch"":[64,128,32,32],""buffer"":[1000,2000,2000,500],""eps_decay"":[0.9991828188994983,0.9912919426927019,0.999584135661326,0.999806690393267],""eps_min"":[0.1,0.15,0.1,0.2],""lr"":[0.0004625640558554755,0.0027161036502395116,0.0025895917009938142,0.00011937666696291116],""optimizer"":[""adamw"",""adamw"",""adam"",""adamw""],""replay_steps"":[8,1,2,4],""weight_decay"":[0.001,1e-06,0.001,1e-06]}"
846,cfg_bc15e032d4d876f2,"{""batch"":[128,128,32,64],""buffer"":[2000,10000,5000,1000],""eps_decay"":[0.9993079691457752,0.9998889538411692,0.9973143148122701,0.9979180847854326],""eps_min"":[0.15,0.05,0.01,0.15],""lr"":[0.0011790596302062898,0.00154775458246637,0.0020669555133154133,0.0008223758967622002],""optimizer"":[""adam"",""adamw"",""adamw"",""adamw""],""replay_steps"":[4,8,4,2],""weight_decay"":[0.0001,0.001,0.0001,1e-06]}"
847,cfg_987b070c4bc0fdd3,"{""batch"":[16,128,128,64],""buffer"":[500,500,1000,1000],""eps_decay"":[0.9935527099303272,0.999884448569804,0.9993314159516519,0.9979349270930751],""eps_min"":[0.03,0.1,0.1,0.1],""lr"":[0.004596753261435616,0.0013534121842494738,0.0005012601829064047,0.0007057807421059822],""optimizer"":[""adam"",""adam"",""adamw"",""adam""],""replay_steps"":[2,1,1,8],""weight_decay"":[1e-05,0.0001,0.0001,0.0001]}"
848,cfg_7e0cdb4997355049,"{""batch"":[32,32,64,32],""buffer"":[5000,10000,1000,10000],""eps_decay"":[0.9998832225298839,0.9990718950035841,0.9997033508909912,0.9951284368656897],""eps_min"":[0.1,0.1,0.08,0.2],""lr"":[0.000588057020035703,0.001426870707336632,0.003086762899298817,0.00016533144710716968],""optimizer"":[""adam"",""adamw"",""adam"",""adamw""],""replay_steps"":[1,4,4,8],""weight_decay"":[0.0001,0.001,1e-05,1e-06]}"
849,cfg_3601425d909b4e66,"{""batch"":[128,64,32,16],""buffer"":[1000,10000,500,1000],""eps_decay"":[0.9993485445733657,0.9915423681818234,0.9997209486600871,0.9827564917592135],""eps_min"":[0.05,0.01,0.01,0.15],""lr"":[0.000866394497469951,0.0028664391227592894,0.000921885994058559,0.0009208612907233696],""optimizer"":[""adam"",""adam"",""adamw"",""adamw""],""replay_steps"":[8,2,8,4],""weight_decay"":[0.0001,1e-06,1e-05,0.0001]}"
850,cfg_5d4d6c2a72118690,"{""batch"":[128,128,16,16],""buffer"":[2000,1000,500,10000],""eps_decay"":[0.9848539859850053,0.9892614926906994,0.9998868946810967,0.9995379035057895],""eps_min"":[0.1,0.03,0.2,0.03],""lr"":[0.0001042873944111379,0.00048007305364001015,0.00122644349596125,0.0024900729043367347],""optimizer"":[""adam"",""adamw"",""adamw"",""adamw""],""replay_steps"":[4,4,4,4],""weight_decay"":[1e-05,1e-05,1e-06,1e-06]}"
851,cfg_3167be1f77a46f6e,"{""batch"":[16,64,64,32],""buffer"":[10000,2000,1000,1000],""eps_decay"":[0.9984314457698992,0.9997448657973822,0.9889136541362488,0.9997108678640528],""eps_min"":[0.1,0.1,0.01,0.08],""lr"":[0.0048953461659146935,0.0006107427708706829,0.0005987237881345784,0.003457584732558292],""optimizer"":[""adamw"",""adamw"",""adam"",""adamw""],""replay_steps"":[8,4,1,1],""weight_decay"":[0.0001,0.001,1e-05,1e-05]}"
852,cfg_adf8b709b8e1c84d,"{""batch"":[32,16,32,64],""buffer"":[500,10000,5000,1000],""eps_decay"":[0.9847121798330779,0.9977205321403412,0.9997945290723875,0.9871196106148221],""eps_min"":[0.03,0.05,0.01,0.03],""lr"":[0.0002310216976164065,0.0007539791802178457,0.00011205157609035435,0.0010087728662912295],""optimizer"":[""adam"",""adamw"",""adam"",""adamw""],""replay_steps"":[1,4,1,1],""weight_decay"":[1e-06,0.0001,0.001,1e-05]}"
853,cfg_d039dc0ae81341b8,"{""batch"":[32,64,64,32],""buffer"":[5000,1000,1000,500],""eps_decay"":[0.999415050573886,0.9971349917225888,0.9955764235667901,0.9894149091068106],""eps_min"":[0.1,0.15,0.05,0.08],""lr"":[0.00040643832673941326,0.00015561453886052631,0.0010765107179112774,0.0012165182454984549],""optimizer"":[""adam"",""adam"",""adamw"",""adam""],""replay_steps"":[8,1,4,1],""weight_decay"":[1e-06,0.001,1e-05,1e-05]}"
854,cfg_88ee50c76af627f2,"{""batch"":[32,32,16,32],""buffer"":[5000,10000,5000,5000],""eps_decay"":[0.9984133823051411,0.9979389706909519,0.9880649889111452,0.9996068295148497],""eps_min"":[0.08,0.15,0.05,0.01],""lr"":[0.0009759162582220286,0.0035771569658021966,0.00021015184080637277,0.0006483969568355888],""optimizer"":[""adam"",""adam"",""adamw"",""adamw""],""replay_steps"":[4,2,1,4],""weight_decay"":[0.001,0.001,1e-06,0.0001]}"
855,cfg_37b8cd44291e7900,"{""batch"":[32,64,16,128],""buffer"":[5000,2000,500,500],""eps_decay"":[0.999477791595504,0.9990977132912277,0.9942255954948934,0.9959215985202656],""eps_min"":[0.2,0.01,0.03,0.03],""lr"":[0.0002714058469177975,0.0005946137299467201,0.0001344285924114695,0.004101533027834921],""optimizer"":[""adamw"",""adam"",""adam"",""adamw""],""replay_steps"":[2,2,2,4],""weight_decay"":[0.001,0.0001,0.001,1e-06]}"
856,cfg_60e2e5f6badf464e,"{""batch"":[64,128,16,32],""buffer"":[10000,5000,500,5000],""eps_decay"":[0.9998216654963992,0.999119112795629,0.9996403055461269,0.9998614139977055],""eps_min"":[0.1,0.03,0.15,0.15],""lr"":[0.0012761746406228216,0.0004081554382409681,0.0006647142722037092,0.0015467416744673623],""optimizer"":[""adamw"",""adam"",""adamw"",""adam""],""replay_steps"":[4,8,4,2],""weight_decay"":[1e-06,0.0001,1e-05,0.0001]}"
857,cfg_b07729972dbfe846,"{""batch"":[32,64,128,32],""buffer"":[5000,10000,10000,5000],""eps_decay"":[0.9996045967221739,0.9931578327667447,0.9950548719301474,0.9991804423668951],""eps_min"":[0.01,0.1,0.08,0.03],""lr"":[0.00017237537842214266,0.0003898656408443925,0.003008794086822782,0.0006478481095502174],""optimizer"":[""adamw"",""adam"",""adam"",""adamw""],""replay_steps"":[1,8,1,1],""weight_decay"":[0.0001,1e-06,0.0001,1e-05]}"
858,cfg_54aad97abb7ccb6c,"{""batch"":[16,64,32,32],""buffer"":[1000,1000,5000,1000],""eps_decay"":[0.992298746284668,0.9932151386701994,0.9990173311029583,0.9997004807416319],""eps_min"":[0.1,0.01,0.01,0.05],""lr"":[0.004374637554716779,0.0004784212966751879,0.00010016558062521142,0.0001298913766704402],""optimizer"":[""adam"",""adam"",""adam"",""adamw""],""replay_steps"":[1,1,2,1],""weight_decay"":[0.001,0.001,1e-05,1e-05]}"
859,cfg_a6088d7379a53d9a,"{""batch"":[64,16,16,16],""buffer"":[500,500,1000,5000],""eps_decay"":[0.997952854854919,0.9993903903420875,0.9970732137430834,0.9998968094800769],""eps_min"":[0.08,0.1,0.15,0.15],""lr"":[0.00039331146000410325,0.001142175125793779,0.0005092423590545033,0.00026123842983041427],""optimizer"":[""adam"",""adam"",""adam"",""adamw""],""replay_steps"":[1,4,4,4],""weight_decay"":[0.001,0.0001,1e-05,0.0001]}"
860,cfg_4b30e46362f0226c,"{""batch"":[16,64,16,64],""buffer"":[2000,1000,1000,2000],""eps_decay"":[0.9994288580265938,0.9929789426281275,0.9936068924718064,0.9996237294997761],""eps_min"":[0.2,0.15,0.2,0.15],""lr"":[0.0006879590635253224,0.0024069459887926096,0.0031763858339629012,0.0007248580223603618],""optimizer"":[""adam"",""adamw"",""adamw"",""adam""],""replay_steps"":[4,1,1,1],""weight_decay"":[0.0001,1e-06,1e-06,0.001]}"
861,cfg_bcc5389bc14ed971,"{""batch"":[64,64,32,16],""buffer"":[1000,500,10000,500],""eps_decay"":[0.9967834261691103,0.9906654514201645,0.999283628162864,0.9989756662397026],""eps_min"":[0.03,0.01,0.08,0.1],""lr"":[0.0027121277230281165,0.00010608488896413971,0.0034702797348030653,0.0003461871678250276],""optimizer"":[""adamw"",""adamw"",""adamw"",""adamw""],""replay_steps"":[8,8,1,1],""weight_decay"":[0.0001,1e-05,0.001,1e-06]}"
862,cfg_ca61471b613ea4c3,"{""batch"":[16,128,128,16],""buffer"":[1000,5000,1000,500],""eps_decay"":[0.9993911705514207,0.9994549076819196,0.9985214899727421,0.9896808375797239],""eps_min"":[0.08,0.08,0.05,0.2],""lr"":[0.002236477128721039,0.0002503934507287732,0.00034960316290501113,0.003813690255958933],""optimizer"":[""adamw"",""adamw"",""adam"",""adam""],""replay_steps"":[1,2,8,1],""weight_decay"":[0.001,0.0001,1e-06,0.001]}"
863,cfg_b98063c80ee73ec8,"{""batch"":[16,16,32,64],""buffer"":[10000,10000,2000,500],""eps_decay"":[0.9985518194257454,0.9963320271364056,0.9821252532117222,0.9989719926177761],""eps_min"":[0.2,0.15,0.2,0.08],""lr"":[0.00048281206292233574,0.000329865236785129,0.0005608850044244178,0.0011362740809421155],""optimizer"":[""adam"",""adam"",""adamw"",""adam""],""replay_steps"":[8,4,8,2],""weight_decay"":[0.0001,1e-06,1e-06,0.0001]}"
864,cfg_7c37453f87daeb46,"{""batch"":[64,16,16,16],""buffer"":[5000,1000,500,500],""eps_decay"":[0.9992807433250008,0.9957018195411355,0.9955988030917408,0.9988925765023531],""eps_min"":[0.15,0.15,0.08,0.08],""lr"":[0.0006182898717901543,0.0006400023823862528,0.0007565885327880235,0.0049072427509145485],""optimizer"":[""adamw"",""adam"",""adam"",""adamw""],""replay_steps"":[8,4,4,2],""weight_decay"":[0.0001,0.001,1e-05,0.001]}"
865,cfg_529e782b9468f31a,"{""batch"":[64,16,32,128],""buffer"":[2000,5000,2000,10000],""eps_decay"":[0.9997538193307228,0.9949861565108908,0.9851531282179449,0.9870422020751172],""eps_min"":[0.01,0.01,0.01,0.01],""lr"":[0.0019912546330551474,0.0013912443443822242,0.0027354788229635584,0.0001477544120930436],""optimizer"":[""adam"",""adamw"",""adam"",""adam""],""replay_steps"":[1,2,2,2],""weight_decay"":[1e-06,1e-05,0.001,0.0001]}"
866,cfg_27209f498f4ef9eb,"{""batch"":[64,64,32,32],""buffer"":[10000,5000,2000,2000],""eps_decay"":[0.9945802358087644,0.9998779633737934,0.9820571851996275,0.999301523100158],""eps_min"":[0.05,0.01,0.05,0.1],""lr"":[0.002727802956595784,0.0011014067848704994,0.0008367455662758636,0.0022484315379197786],""optimizer"":[""adamw"",""adam"",""adamw"",""adamw""],""replay_steps"":[4,1,4,4],""weight_decay"":[0.001,0.001,0.001,1e-06]}"
867,cfg_be2c1c6e9a9f218d,"{""batch"":[16,128,16,64],""buffer"":[2000,500,2000,5000],""eps_decay"":[0.990850117021844,0.9998255947683752,0.9988342322639335,0.9992771246207693],""eps_min"":[0.1,0.15,0.01,0.08],""lr"":[0.00021973788162597628,0.0028395586862437396,0.00016437394050308158,0.0024294225423621076],""optimizer"":[""adam"",""adam"",""adam"",""adamw""],""replay_steps"":[8,1,2,1],""weight_decay"":[1e-06,0.0001,1e-05,0.0001]}"
868,cfg_16baf3d3e0c18ede,"{""batch"":[32,64,128,128],""buffer"":[1000,500,2000,1000],""eps_decay"":[0.9843804589422512,0.9966280580619311,0.9998041635922283,0.9994552308925235],""eps_min"":[0.01,0.08,0.05,0.1],""lr"":[0.0001900056457298727,0.0008445848141672367,0.0018621291798046919,0.0009083279139263169],""optimizer"":[""adam"",""adamw"",""adam"",""adamw""],""replay_steps"":[1,4,8,8],""weight_decay"":[1e-06,1e-05,0.0001,0.001]}"
869,cfg_fb2daae7cdda46ad,"{""batch"":[64,32,32,16],""buffer"":[2000,1000,10000,1000],""eps_decay"":[0.9997949025211896,0.9965781252370361,0.9981411744922931,0.9918395672425423],""eps_min"":[0.03,0.2,0.1,0.05],""lr"":[0.0001312751997221272,0.0002570531517990221,0.0007673205414321959,0.003179173476098505],""optimizer"":[""adamw"",""adam"",""adam"",""adamw""],""replay_steps"":[8,8,8,1],""weight_decay"":[0.0001,1e-06,1e-06,1e-05]}"
870,cfg_108cb91dac9b9d36,"{""batch"":[32,32,16,32],""buffer"":[500,10000,500,1000],""eps_decay"":[0.9979489823565915,0.9891127422282804,0.9865080895235678,0.9979514094888707],""eps_min"":[0.01,0.03,0.15,0.03],""lr"":[0.00014010499206487922,0.000541764694450749,0.0036932459548666393,0.0004940686154721076],""optimizer"":[""adam"",""adamw"",""adam"",""adamw""],""replay_steps"":[8,4,4,2],""weight_decay"":[0.001,0.0001,1e-06,0.0001]}"
871,cfg_ef5c697cd8958acc,"{""batch"":[32,32,32,128],""buffer"":[5000,10000,1000,10000],""eps_decay"":[0.9990732528349026,0.9863943759414999,0.9976350823378412,0.9988717940509466],""eps_min"":[0.05,0.01,0.05,0.03],""lr"":[0.0008208539844391582,0.002333058657584541,0.00020078333493803136,0.0019820998219225467],""optimizer"":[""adam"",""adam"",""adamw"",""adamw""],""replay_steps"":[2,4,4,8],""weight_decay"":[1e-06,0.001,0.001,0.0001]}"
872,cfg_c3e125ddf6a5ab82,"{""batch"":[64,32,32,16],""buffer"":[5000,10000,1000,10000],""eps_decay"":[0.9996817649127221,0.9988894535066225,0.9997598164202337,0.995008134624345],""eps_min"":[0.03,0.03,0.03,0.08],""lr"":[0.00044724140408462467,0.00015499980531090895,0.00160717090968948,0.004025497521899944],""optimizer"":[""adam"",""adam"",""adam"",""adamw""],""replay_steps"":[2,1,4,2],""weight_decay"":[1e-06,1e-05,0.0001,1e-06]}"
873,cfg_3e0c4c34ba78c71c,"{""batch"":[128,32,16,32],""buffer"":[1000,1000,2000,2000],""eps_decay"":[0.9927694938126479,0.9967384112601534,0.9872568036345571,0.9998294521302865],""eps_min"":[0.1,0.03,0.03,0.2],""lr"":[0.0012149560151411053,0.004392380047225486,0.0015472517494672176,0.002479525963442109],""optimizer"":[""adamw"",""adam"",""adamw"",""adamw""],""replay_steps"":[2,2,1,2],""weight_decay"":[0.0001,0.0001,0.001,1e-05]}"
874,cfg_fbeb5240b6536111,"{""batch"":[16,128,32,32],""buffer"":[2000,5000,500,10000],""eps_decay"":[0.9949174192100118,0.9989422233130134,0.9961714901168254,0.9998244357903626],""eps_min"":[0.2,0.03,0.15,0.15],""lr"":[0.00026802581432633626,0.002462878553890488,0.0019038081389342637,0.000128629488562459],""optimizer"":[""adamw"",""adamw"",""adam"",""adamw""],""replay_steps"":[1,4,2,8],""weight_decay"":[0.001,1e-06,1e-05,1e-05]}"
875,cfg_986f4a55f86d1a32,"{""batch"":[32,128,32,16],""buffer"":[10000,1000,500,1000],""eps_decay"":[0.9825904589016959,0.9805041921793556,0.9972480053895958,0.9952800842565567],""eps_min"":[0.2,0.15,0.05,0.03],""lr"":[0.0037099751780229175,0.0033317392592865525,0.0035870929924168363,0.0005941057254924589],""optimizer"":[""adam"",""adam"",""adamw"",""adam""],""replay_steps"":[4,1,1,1],""weight_decay"":[1e-05,1e-05,1e-06,0.0001]}"
876,cfg_58385826596964c7,"{""batch"":[32,32,64,16],""buffer"":[5000,2000,5000,10000],""eps_decay"":[0.9997789193332063,0.9997817168748578,0.9950042512769526,0.9997661085103817],""eps_min"":[0.2,0.15,0.1,0.15],""lr"":[0.00013981405579527125,0.00014291821306159513,0.0027169366471733623,0.0016618431188322922],""optimizer"":[""adamw"",""adam"",""adamw"",""adam""],""replay_steps"":[8,2,8,8],""weight_decay"":[0.001,0.0001,1e-06,0.001]}"
877,cfg_393e455d68d4f3a0,"{""batch"":[32,16,16,64],""buffer"":[1000,10000,10000,2000],""eps_decay"":[0.9983573171526049,0.9997511253382575,0.9998835035861369,0.9982065507953792],""eps_min"":[0.05,0.05,0.01,0.03],""lr"":[0.0022725746718715656,0.0008968871277508625,0.0010959033389648387,0.003368609063612767],""optimizer"":[""adamw"",""adamw"",""adam"",""adam""],""replay_steps"":[1,4,2,8],""weight_decay"":[0.0001,0.0001,1e-05,1e-06]}"
878,cfg_0c187703911133fe,"{""batch"":[16,32,64,32],""buffer"":[2000,10000,10000,500],""eps_decay"":[0.9962690552341672,0.9996658748901985,0.9998136486888511,0.9940253755532482],""eps_min"":[0.2,0.03,0.08,0.01],""lr"":[0.0034058222962435086,0.00010995411064115056,0.00019762753632160716,0.003341044750920831],""optimizer"":[""adamw"",""adam"",""adamw"",""adam""],""replay_steps"":[8,4,2,2],""weight_decay"":[1e-06,1e-05,0.001,0.0001]}"
879,cfg_10ee37450ec91a61,"{""batch"":[128,16,64,32],""buffer"":[5000,1000,5000,5000],""eps_decay"":[0.999005491429524,0.9992503592373909,0.982344889356385,0.9988118784767575],""eps_min"":[0.2,0.08,0.03,0.2],""lr"":[0.0025720765261486637,0.00046388639374529716,0.002053667200210638,0.0029065905209794676],""optimizer"":[""adam"",""adamw"",""adamw"",""adam""],""replay_steps"":[4,2,8,1],""weight_decay"":[1e-05,0.0001,1e-06,1e-05]}"
880,cfg_bf124296730974d7,"{""batch"":[32,64,64,128],""buffer"":[500,2000,2000,2000],""eps_decay"":[0.9973851242763927,0.9998792845624899,0.9827668118877959,0.9988458097514639],""eps_min"":[0.03,0.2,0.03,0.01],""lr"":[0.0007044649759559335,0.0004427058954222053,0.0005901692778185005,0.00337624886663659],""optimizer"":[""adam"",""adam"",""adamw"",""adamw""],""replay_steps"":[1,2,2,4],""weight_decay"":[0.0001,1e-05,1e-05,0.0001]}"
881,cfg_84c4b5c8f7f3c70b,"{""batch"":[64,128,128,16],""buffer"":[500,500,500,2000],""eps_decay"":[0.9969567951344795,0.989188394466688,0.998820725774343,0.9970181507067589],""eps_min"":[0.08,0.2,0.2,0.03],""lr"":[0.0035499401656855986,0.0007760634024626601,0.0003184535087127435,0.0025417051060984035],""optimizer"":[""adamw"",""adamw"",""adam"",""adamw""],""replay_steps"":[8,2,4,2],""weight_decay"":[1e-06,1e-05,0.0001,0.001]}"
882,cfg_61096fc38341a26d,"{""batch"":[64,32,64,64],""buffer"":[1000,2000,5000,2000],""eps_decay"":[0.9953725011071484,0.9944997615193817,0.9997518524631122,0.980699305393059],""eps_min"":[0.15,0.05,0.1,0.01],""lr"":[0.001805165899753445,0.002181924193467046,0.004261027604778956,0.00011935483442022021],""optimizer"":[""adam"",""adam"",""adam"",""adamw""],""replay_steps"":[8,1,2,2],""weight_decay"":[1e-05,1e-06,1e-06,1e-06]}"
883,cfg_bf5df2ac3128a568,"{""batch"":[64,32,128,128],""buffer"":[10000,2000,10000,1000],""eps_decay"":[0.9998557644901581,0.9918421549339042,0.9998363825628643,0.9973718478166779],""eps_min"":[0.01,0.05,0.2,0.08],""lr"":[0.0003930390575473859,0.00022591686392220458,0.00012597025157379943,0.00046627579036517824],""optimizer"":[""adamw"",""adam"",""adamw"",""adamw""],""replay_steps"":[2,4,1,4],""weight_decay"":[1e-05,0.001,1e-05,1e-05]}"
884,cfg_c8a2e60832d3493e,"{""batch"":[128,128,128,128],""buffer"":[2000,5000,5000,2000],""eps_decay"":[0.9974187669561473,0.9965679183005925,0.9965144306798062,0.9998469490600308],""eps_min"":[0.03,0.15,0.01,0.05],""lr"":[0.00015927215841763384,0.0006722528800429358,0.00027775068581264566,0.00019112942417850003],""optimizer"":[""adam"",""adam"",""adamw"",""adam""],""replay_steps"":[8,1,1,1],""weight_decay"":[1e-05,0.0001,1e-05,1e-06]}"
885,cfg_87cbaa6fb5d5072e,"{""batch"":[32,64,128,32],""buffer"":[10000,5000,500,5000],""eps_decay"":[0.9937684135112509,0.99023359478094,0.998505992736585,0.9998910681250821],""eps_min"":[0.08,0.05,0.15,0.05],""lr"":[0.00020639079349206926,0.0009754860903672444,0.0006212372856242393,0.0009133651081646944],""optimizer"":[""adam"",""adam"",""adam"",""adam""],""replay_steps"":[8,4,1,8],""weight_decay"":[0.001,0.001,0.0001,0.0001]}"
886,cfg_eea1434ec8b04496,"{""batch"":[64,32,128,32],""buffer"":[2000,500,500,5000],""eps_decay"":[0.9994322345014574,0.9996492980977448,0.9991726009122681,0.9997761072328362],""eps_min"":[0.03,0.15,0.1,0.1],""lr"":[0.0032658135083999352,0.0003452092040396061,0.001955194526950079,0.0010336779185473673],""optimizer"":[""adamw"",""adamw"",""adam"",""adam""],""replay_steps"":[4,4,8,2],""weight_decay"":[1e-05,1e-06,1e-05,0.001]}"
887,cfg_135d3d9f7218c663,"{""batch"":[16,64,64,128],""buffer"":[1000,500,5000,10000],""eps_decay"":[0.999694709624113,0.9998629707786892,0.9895931996632359,0.9996038489612982],""eps_min"":[0.08,0.08,0.01,0.01],""lr"":[0.0009698351302168041,0.0007064234655208035,0.001767788368659214,0.00010874122030546617],""optimizer"":[""adamw"",""adamw"",""adamw"",""adam""],""replay_steps"":[4,8,8,2],""weight_decay"":[1e-06,0.001,0.0001,1e-05]}"
888,cfg_2be1397400752deb,"{""batch"":[64,64,32,16],""buffer"":[10000,10000,500,500],""eps_decay"":[0.9998520137907367,0.9987349784089894,0.9904535267930428,0.9998620783103929],""eps_min"":[0.08,0.08,0.1,0.01],""lr"":[0.0010090785011499777,0.00043631220598876674,0.0013762025054698981,0.00045320082156853815],""optimizer"":[""adam"",""adam"",""adamw"",""adam""],""replay_steps"":[4,2,4,1],""weight_decay"":[1e-06,0.0001,0.001,0.001]}"
889,cfg_4ad9cbc549f01834,"{""batch"":[16,32,16,16],""buffer"":[1000,500,500,500],""eps_decay"":[0.9963443933272526,0.9973848810712278,0.9912937294861437,0.9968314990674649],""eps_min"":[0.05,0.15,0.15,0.15],""lr"":[0.0017284780750102537,0.00022507549427517226,0.0002612586505675148,0.0032484381772815087],""optimizer"":[""adam"",""adam"",""adamw"",""adam""],""replay_steps"":[1,2,1,2],""weight_decay"":[0.001,0.0001,0.0001,0.0001]}"
890,cfg_f5037aea74859aae,"{""batch"":[32,32,128,16],""buffer"":[2000,1000,5000,10000],""eps_decay"":[0.9997755075813002,0.996308662618512,0.9801054178663678,0.9998233676049315],""eps_min"":[0.2,0.03,0.1,0.08],""lr"":[0.0009479350351213154,0.0008172747679306671,0.0018842710837876644,0.00013832586635777086],""optimizer"":[""adamw"",""adamw"",""adam"",""adamw""],""replay_steps"":[8,2,2,1],""weight_decay"":[0.0001,1e-06,0.001,1e-06]}"
891,cfg_aca8c715db25a1bd,"{""batch"":[32,128,32,32],""buffer"":[1000,5000,10000,1000],""eps_decay"":[0.9996883405753785,0.9997223117233127,0.9823700601692634,0.9994742435099315],""eps_min"":[0.2,0.05,0.05,0.1],""lr"":[0.00022072538030842924,0.001809674343279233,0.00042189220039236643,0.0006299707901488822],""optimizer"":[""adam"",""adam"",""adam"",""adamw""],""replay_steps"":[8,2,2,8],""weight_decay"":[1e-06,0.001,1e-06,0.0001]}"
892,cfg_4693b13e4f64a517,"{""batch"":[64,64,64,64],""buffer"":[10000,5000,500,2000],""eps_decay"":[0.9991468841123257,0.9980901933044827,0.9995071083701543,0.9879976245688187],""eps_min"":[0.01,0.2,0.1,0.03],""lr"":[0.0002793477161016999,0.0008377405304274816,0.003155237410010021,0.0001823642200455624],""optimizer"":[""adam"",""adam"",""adam"",""adam""],""replay_steps"":[1,4,1,1],""weight_decay"":[1e-06,0.001,0.001,0.001]}"
893,cfg_d66b67746a022723,"{""batch"":[64,128,16,16],""buffer"":[500,5000,1000,10000],""eps_decay"":[0.9998419679967385,0.9933691263184384,0.9971534093171205,0.9897949208179789],""eps_min"":[0.05,0.08,0.15,0.05],""lr"":[0.0008527145403755267,0.0001702880567489639,0.000948668934877226,0.00011743010175793349],""optimizer"":[""adamw"",""adamw"",""adamw"",""adamw""],""replay_steps"":[4,4,8,8],""weight_decay"":[0.0001,0.001,1e-06,1e-05]}"
894,cfg_7cc52fd2a14f17ba,"{""batch"":[64,64,64,128],""buffer"":[500,2000,10000,10000],""eps_decay"":[0.9996796071400953,0.9995109404669272,0.9961160823496787,0.9967416884277256],""eps_min"":[0.08,0.15,0.08,0.15],""lr"":[0.004499773576967972,0.002242636944862305,0.0003231440304639929,0.00018079873784468663],""optimizer"":[""adam"",""adam"",""adam"",""adamw""],""replay_steps"":[2,2,4,4],""weight_decay"":[1e-06,0.0001,1e-06,1e-06]}"
895,cfg_2066a0548f16bc57,"{""batch"":[16,128,128,16],""buffer"":[500,2000,2000,2000],""eps_decay"":[0.9981254173242639,0.9971389186208846,0.9996060324121652,0.9849823560053037],""eps_min"":[0.03,0.1,0.15,0.05],""lr"":[0.0013796340656234498,0.0003681235073729589,0.0034921256046665785,0.0028607716503948146],""optimizer"":[""adamw"",""adamw"",""adam"",""adam""],""replay_steps"":[1,4,8,1],""weight_decay"":[1e-05,0.001,0.0001,1e-06]}"
896,cfg_6e2558df1ec41ab3,"{""batch"":[64,64,16,16],""buffer"":[1000,1000,2000,5000],""eps_decay"":[0.9927363025336607,0.99912305671265,0.9803962774929602,0.9989332041192062],""eps_min"":[0.01,0.03,0.15,0.08],""lr"":[0.0007771320506634945,0.00045758107705098585,0.004104380813825662,0.004567473653942783],""optimizer"":[""adam"",""adam"",""adamw"",""adam""],""replay_steps"":[2,2,1,8],""weight_decay"":[1e-05,1e-06,0.001,0.001]}"
897,cfg_9b49bea8a5c5f941,"{""batch"":[32,32,16,64],""buffer"":[5000,500,2000,2000],""eps_decay"":[0.9981465895458158,0.9998675608297999,0.9925361588491782,0.9965053067877713],""eps_min"":[0.08,0.01,0.08,0.2],""lr"":[0.004514155130921876,0.0014354359106754462,0.0011316305019165238,0.00040772882399765456],""optimizer"":[""adamw"",""adam"",""adamw"",""adam""],""replay_steps"":[8,4,8,2],""weight_decay"":[0.0001,1e-06,0.0001,0.0001]}"
898,cfg_6ed945ea160b6135,"{""batch"":[128,128,16,64],""buffer"":[2000,2000,5000,5000],""eps_decay"":[0.9853422840975189,0.9975717112639768,0.9978073007294794,0.999479174841919],""eps_min"":[0.03,0.1,0.08,0.01],""lr"":[0.0032813097334751904,0.00029984851521891334,0.0006117829593542033,0.0002052470019844278],""optimizer"":[""adamw"",""adamw"",""adam"",""adam""],""replay_steps"":[1,4,8,4],""weight_decay"":[1e-05,0.0001,0.0001,1e-05]}"
899,cfg_3b96b22975340ae7,"{""batch"":[16,128,64,16],""buffer"":[5000,5000,500,10000],""eps_decay"":[0.9983040476238496,0.9996217265547777,0.9858449973820872,0.9987927853476313],""eps_min"":[0.05,0.03,0.05,0.01],""lr"":[0.0029284925666977703,0.00017934790341138674,0.0013744924987982834,0.004877902644310245],""optimizer"":[""adam"",""adamw"",""adamw"",""adam""],""replay_steps"":[1,4,8,8],""weight_decay"":[0.0001,0.0001,1e-06,0.001]}"
900,cfg_7714f9ae90b6f5f6,"{""batch"":[128,16,128,32],""buffer"":[1000,5000,1000,1000],""eps_decay"":[0.9988782754726208,0.9997702571272935,0.9997246861982338,0.9942454123315754],""eps_min"":[0.01,0.05,0.15,0.2],""lr"":[0.00399352294033479,0.0021342398657138145,0.00021627688152601551,0.0002765690234552052],""optimizer"":[""adamw"",""adamw"",""adamw"",""adamw""],""replay_steps"":[8,2,4,1],""weight_decay"":[0.001,1e-06,0.0001,1e-05]}"
901,cfg_a11e0d9f53f19d89,"{""batch"":[16,32,32,16],""buffer"":[5000,500,10000,1000],""eps_decay"":[0.9989929159822819,0.9978947089694319,0.9931811329684824,0.9998672944831951],""eps_min"":[0.15,0.1,0.1,0.08],""lr"":[0.0008400034968859862,0.0001943835702205111,0.0013263182300220695,0.004444428916640768],""optimizer"":[""adamw"",""adam"",""adam"",""adamw""],""replay_steps"":[1,1,4,8],""weight_decay"":[1e-05,0.0001,1e-06,0.001]}"
902,cfg_6b7ecac5ec561d3a,"{""batch"":[64,128,128,128],""buffer"":[10000,5000,5000,2000],""eps_decay"":[0.9990275082692961,0.9940753178757689,0.9934927237777421,0.9936034120478078],""eps_min"":[0.2,0.05,0.03,0.03],""lr"":[0.0007485704738896635,0.0034281592029212727,0.00387564947781187,0.00046318179145114384],""optimizer"":[""adam"",""adamw"",""adam"",""adamw""],""replay_steps"":[4,4,2,1],""weight_decay"":[0.001,0.001,1e-06,1e-05]}"
903,cfg_44d13a6393201f58,"{""batch"":[128,128,32,32],""buffer"":[500,500,500,10000],""eps_decay"":[0.997055907441719,0.9936822577861765,0.9989707819021006,0.9995672306560605],""eps_min"":[0.01,0.08,0.2,0.2],""lr"":[0.00033165088946124165,0.0012779092156209723,0.00021554782020087663,0.0046281633868904834],""optimizer"":[""adam"",""adamw"",""adam"",""adam""],""replay_steps"":[1,2,8,4],""weight_decay"":[1e-06,0.001,0.001,0.0001]}"
904,cfg_c73d35e77cb94f80,"{""batch"":[128,32,16,16],""buffer"":[5000,2000,10000,2000],""eps_decay"":[0.9995655165714743,0.999737812444667,0.9998707866879234,0.9973894488693432],""eps_min"":[0.03,0.1,0.15,0.1],""lr"":[0.002908710595580531,0.000648592688092689,0.0007713348267177391,0.0002095859976369554],""optimizer"":[""adam"",""adam"",""adamw"",""adam""],""replay_steps"":[4,4,2,4],""weight_decay"":[1e-06,0.0001,1e-05,1e-06]}"
905,cfg_d3e5e534b31213da,"{""batch"":[128,16,32,128],""buffer"":[2000,5000,5000,5000],""eps_decay"":[0.9998596044373775,0.9998629836569758,0.9957816329479321,0.9897673298826661],""eps_min"":[0.1,0.03,0.15,0.1],""lr"":[0.00037994272615669963,0.002022897795764565,0.004000565458072256,0.0001430377101185341],""optimizer"":[""adam"",""adam"",""adam"",""adam""],""replay_steps"":[8,2,1,1],""weight_decay"":[0.0001,1e-06,0.0001,0.0001]}"
906,cfg_96eaecce4d446920,"{""batch"":[16,128,128,16],""buffer"":[2000,5000,10000,1000],""eps_decay"":[0.9909047577568015,0.9800305713362781,0.9993585671205664,0.9972285915654936],""eps_min"":[0.05,0.08,0.2,0.15],""lr"":[0.000416737150654031,0.001353179737101021,0.0002785334048640895,0.0013390699732688382],""optimizer"":[""adam"",""adam"",""adam"",""adamw""],""replay_steps"":[8,8,4,4],""weight_decay"":[0.0001,1e-05,0.0001,0.001]}"
907,cfg_46e689b4662b11c9,"{""batch"":[128,128,64,32],""buffer"":[5000,1000,1000,1000],""eps_decay"":[0.9947878140598352,0.9944214018989833,0.9993810950889197,0.9997873530931165],""eps_min"":[0.1,0.01,0.05,0.03],""lr"":[0.001287493689397676,0.00041947811453081814,0.0009354823489132368,0.004006869306988899],""optimizer"":[""adam"",""adamw"",""adamw"",""adamw""],""replay_steps"":[2,2,2,8],""weight_decay"":[1e-05,0.0001,0.001,0.0001]}"
908,cfg_9e9267b50084ace0,"{""batch"":[128,128,64,16],""buffer"":[10000,1000,2000,1000],""eps_decay"":[0.9979180768816462,0.9954418955065042,0.997195692007254,0.9989588968539808],""eps_min"":[0.1,0.15,0.1,0.08],""lr"":[0.00013390487965734077,0.0004198702422466135,0.0037316304767800136,0.00024310238640452917],""optimizer"":[""adam"",""adam"",""adam"",""adam""],""replay_steps"":[2,4,8,2],""weight_decay"":[1e-05,0.0001,0.0001,1e-05]}"
909,cfg_46fee9da0c70dd86,"{""batch"":[16,32,32,128],""buffer"":[500,1000,5000,10000],""eps_decay"":[0.999544175323651,0.9912806228067088,0.9887955944332553,0.9970906357530884],""eps_min"":[0.03,0.03,0.15,0.01],""lr"":[0.0006401340941613402,0.00010773212456558306,0.00014723090259989867,0.00011449721569327441],""optimizer"":[""adamw"",""adamw"",""adamw"",""adamw""],""replay_steps"":[8,1,8,2],""weight_decay"":[0.0001,0.0001,0.001,1e-06]}"
910,cfg_9ec6f52eecba894a,"{""batch"":[64,128,32,64],""buffer"":[2000,10000,1000,5000],""eps_decay"":[0.9948099320809848,0.9901539085702311,0.9965486566892084,0.9995704503554144],""eps_min"":[0.08,0.2,0.2,0.01],""lr"":[0.0004103436653814587,0.0005149994137098496,0.0006083744944154787,0.0002658196856039002],""optimizer"":[""adam"",""adamw"",""adam"",""adamw""],""replay_steps"":[2,2,8,4],""weight_decay"":[1e-05,1e-06,1e-06,1e-05]}"
911,cfg_5f5c0aebcf3e0cd9,"{""batch"":[64,128,32,16],""buffer"":[500,500,2000,1000],""eps_decay"":[0.9883542324225446,0.9998949613371084,0.9981623377939413,0.9959126439982691],""eps_min"":[0.1,0.2,0.03,0.01],""lr"":[0.003445906118583933,0.0020958352252029816,0.002676759797261099,0.0006138472768893621],""optimizer"":[""adamw"",""adamw"",""adam"",""adamw""],""replay_steps"":[2,2,8,2],""weight_decay"":[0.001,0.0001,0.001,0.001]}"
912,cfg_780542752c6169dc,"{""batch"":[16,16,128,128],""buffer"":[5000,10000,2000,1000],""eps_decay"":[0.9977505237052674,0.9997174061443483,0.9972993497153464,0.9998193348297802],""eps_min"":[0.05,0.1,0.2,0.03],""lr"":[0.00022087175138863461,0.00012998054768943566,0.00010901213117381544,0.0014378297518064219],""optimizer"":[""adam"",""adamw"",""adam"",""adamw""],""replay_steps"":[1,4,4,1],""weight_decay"":[1e-05,0.0001,1e-05,1e-06]}"
913,cfg_9a21a5241a888ecc,"{""batch"":[128,64,128,16],""buffer"":[500,2000,10000,5000],""eps_decay"":[0.9991403203669349,0.9943161938829298,0.9979747212108786,0.9957314743004558],""eps_min"":[0.2,0.01,0.01,0.03],""lr"":[0.0019901294456112478,0.0007051962621866528,0.002859885077345172,0.000687796426132659],""optimizer"":[""adam"",""adamw"",""adam"",""adam""],""replay_steps"":[8,1,8,1],""weight_decay"":[1e-06,0.0001,0.0001,1e-06]}"
914,cfg_907613a0a992daa0,"{""batch"":[128,128,128,64],""buffer"":[10000,10000,1000,1000],""eps_decay"":[0.992084327852767,0.9882621177798003,0.9992864867216199,0.9995538283831593],""eps_min"":[0.08,0.01,0.15,0.1],""lr"":[0.000230948069722083,0.0009305576936471798,0.00012281650319175138,0.001103430784976147],""optimizer"":[""adamw"",""adamw"",""adam"",""adamw""],""replay_steps"":[2,2,8,1],""weight_decay"":[1e-05,0.0001,0.001,0.0001]}"
915,cfg_247045d9984f8d81,"{""batch"":[16,64,128,32],""buffer"":[500,1000,500,10000],""eps_decay"":[0.9978135979160263,0.9976074144399655,0.9981081150187682,0.9980012944627861],""eps_min"":[0.15,0.2,0.1,0.15],""lr"":[0.0009093323268603849,0.00029091992065449003,0.0014906139169041323,0.001621851320621518],""optimizer"":[""adam"",""adamw"",""adam"",""adam""],""replay_steps"":[8,8,1,4],""weight_decay"":[0.001,1e-05,1e-06,1e-06]}"
916,cfg_c10815387b43b829,"{""batch"":[64,16,32,32],""buffer"":[10000,500,2000,5000],""eps_decay"":[0.9960368703658192,0.9984190595108448,0.982968259275557,0.9991364722090464],""eps_min"":[0.03,0.03,0.15,0.2],""lr"":[0.0013737111530917408,0.0036797777998954432,0.0013301658831564183,0.00031682045419366797],""optimizer"":[""adamw"",""adam"",""adamw"",""adamw""],""replay_steps"":[8,2,2,8],""weight_decay"":[1e-05,0.0001,0.0001,1e-06]}"
917,cfg_e82d5946cd0e901b,"{""batch"":[16,128,32,16],""buffer"":[500,10000,5000,5000],""eps_decay"":[0.9989609420714552,0.9925262647890948,0.999574759727831,0.9996228205710227],""eps_min"":[0.03,0.08,0.01,0.2],""lr"":[0.00025580988720180103,0.001541437793019251,0.00022114200003330178,0.0021084002984565553],""optimizer"":[""adamw"",""adam"",""adamw"",""adam""],""replay_steps"":[1,8,2,1],""weight_decay"":[1e-06,1e-05,1e-05,0.0001]}"
918,cfg_ec21f196ff7c239d,"{""batch"":[16,16,16,64],""buffer"":[5000,5000,5000,1000],""eps_decay"":[0.9970437415711362,0.98033175029746,0.9976374910305047,0.981339206264599],""eps_min"":[0.08,0.1,0.08,0.08],""lr"":[0.00010704504109203716,0.0009392069150029275,0.00020408961468191354,0.0002568770341171379],""optimizer"":[""adamw"",""adam"",""adamw"",""adamw""],""replay_steps"":[4,1,2,2],""weight_decay"":[0.0001,1e-05,1e-05,0.0001]}"
919,cfg_f613b96409afc786,"{""batch"":[32,16,16,16],""buffer"":[5000,1000,500,2000],""eps_decay"":[0.998982622568262,0.985662866043172,0.9984699917326608,0.993327946283849],""eps_min"":[0.03,0.01,0.03,0.2],""lr"":[0.0008969334241849244,0.0001734607853841779,0.0003793729002026653,0.0012984296435129769],""optimizer"":[""adamw"",""adamw"",""adamw"",""adam""],""replay_steps"":[4,4,4,8],""weight_decay"":[0.001,1e-05,1e-05,1e-06]}"
920,cfg_d9a7867e77ce9e39,"{""batch"":[128,32,32,16],""buffer"":[2000,500,500,10000],""eps_decay"":[0.9974523920377145,0.9952090940503925,0.983458342162221,0.9820086971685977],""eps_min"":[0.2,0.15,0.15,0.15],""lr"":[0.0006483051221059338,0.004809046276577205,0.00011987804046352879,0.0026949533436868775],""optimizer"":[""adam"",""adam"",""adam"",""adamw""],""replay_steps"":[4,1,4,1],""weight_decay"":[0.001,0.001,1e-05,0.0001]}"
921,cfg_87366dba93aad77f,"{""batch"":[16,16,64,128],""buffer"":[500,500,2000,500],""eps_decay"":[0.99834836960845,0.9842360896391446,0.9961607090425277,0.9998365979978171],""eps_min"":[0.1,0.03,0.15,0.2],""lr"":[0.00018184219530411417,0.001236641525890382,0.0001028030896932265,0.0014760231282216593],""optimizer"":[""adamw"",""adamw"",""adam"",""adam""],""replay_steps"":[4,4,8,1],""weight_decay"":[0.001,1e-05,0.001,1e-06]}"
922,cfg_5f2befe6bc29478f,"{""batch"":[32,32,64,128],""buffer"":[1000,5000,1000,2000],""eps_decay"":[0.9980786921757844,0.9997787222637753,0.9919510068483236,0.9983362565037436],""eps_min"":[0.1,0.05,0.1,0.08],""lr"":[0.0022425359110455918,0.00019261585028321294,0.00015300515623308474,0.00013901904809126428],""optimizer"":[""adamw"",""adam"",""adam"",""adamw""],""replay_steps"":[2,8,4,8],""weight_decay"":[0.0001,1e-05,0.001,1e-05]}"
923,cfg_61db8ccfda320088,"{""batch"":[32,128,32,128],""buffer"":[5000,10000,2000,5000],""eps_decay"":[0.999166566076438,0.9990442333307336,0.9998928127276895,0.9991531291456586],""eps_min"":[0.03,0.1,0.2,0.03],""lr"":[0.0004271949970745738,0.0009022565007721706,0.0013498840976731686,0.0037449347557498235],""optimizer"":[""adam"",""adam"",""adamw"",""adamw""],""replay_steps"":[4,4,4,1],""weight_decay"":[1e-05,1e-05,1e-06,1e-05]}"
924,cfg_2e418d93897e6c3a,"{""batch"":[16,16,128,32],""buffer"":[500,500,1000,2000],""eps_decay"":[0.9997787811395493,0.9951073280974116,0.9874879098252881,0.9906082166538487],""eps_min"":[0.15,0.15,0.01,0.01],""lr"":[0.00012702313231043594,0.0010358459467036051,0.00035518772807516594,0.0002932664973447724],""optimizer"":[""adamw"",""adamw"",""adam"",""adam""],""replay_steps"":[8,1,8,1],""weight_decay"":[1e-05,0.0001,0.0001,1e-05]}"
925,cfg_a635d7f4e83aa252,"{""batch"":[16,16,64,32],""buffer"":[1000,10000,5000,500],""eps_decay"":[0.999851170500011,0.9994935037315271,0.9996089543211005,0.9964928153809429],""eps_min"":[0.15,0.03,0.15,0.2],""lr"":[0.0006731015799751689,0.0011326250211135484,0.0003441346629174518,0.00013132323023373095],""optimizer"":[""adamw"",""adamw"",""adamw"",""adam""],""replay_steps"":[1,2,2,2],""weight_decay"":[0.0001,1e-06,1e-06,1e-06]}"
926,cfg_355f75f5c5d229f4,"{""batch"":[16,64,128,16],""buffer"":[10000,1000,500,1000],""eps_decay"":[0.9997767069675273,0.9997180750256517,0.9998849986539018,0.9998888389718975],""eps_min"":[0.15,0.05,0.05,0.2],""lr"":[0.0003367396223921527,0.00033332666582130846,0.0011688674961772409,0.0010462503685356452],""optimizer"":[""adamw"",""adam"",""adamw"",""adam""],""replay_steps"":[1,4,2,4],""weight_decay"":[0.001,1e-06,0.001,1e-06]}"
927,cfg_8d4de3e2777da9cc,"{""batch"":[32,16,128,128],""buffer"":[10000,500,1000,500],""eps_decay"":[0.999770745081195,0.9968184385784933,0.9887728831027317,0.9857045550512142],""eps_min"":[0.08,0.03,0.05,0.08],""lr"":[0.003787986496579364,0.0002524536416505021,0.0038282587716201065,0.0020300357766774367],""optimizer"":[""adam"",""adamw"",""adam"",""adamw""],""replay_steps"":[8,2,8,2],""weight_decay"":[1e-06,0.001,1e-05,0.001]}"
928,cfg_0f05e6f7122eed61,"{""batch"":[64,128,64,128],""buffer"":[5000,500,5000,1000],""eps_decay"":[0.9995459741491035,0.9942876770213049,0.9995204860825904,0.9973982513980658],""eps_min"":[0.01,0.03,0.08,0.1],""lr"":[0.0020108569551751166,0.0008435528640455649,0.000349881771139071,0.004178755735843476],""optimizer"":[""adamw"",""adam"",""adam"",""adamw""],""replay_steps"":[1,2,4,2],""weight_decay"":[1e-06,1e-05,1e-06,1e-06]}"
929,cfg_055f52cb32aacac7,"{""batch"":[128,16,32,128],""buffer"":[500,10000,5000,10000],""eps_decay"":[0.9997825647032621,0.9978704268875537,0.9994801856745319,0.9990358740348954],""eps_min"":[0.05,0.01,0.1,0.03],""lr"":[0.0018644671248747573,0.00047091447516070084,0.004655881145266441,0.004390301271489365],""optimizer"":[""adamw"",""adamw"",""adamw"",""adam""],""replay_steps"":[4,4,4,8],""weight_decay"":[0.0001,0.001,0.0001,0.001]}"
930,cfg_f4c191d1c40db409,"{""batch"":[128,128,32,16],""buffer"":[10000,10000,5000,2000],""eps_decay"":[0.9997434115643065,0.9974752446689226,0.9997517024041365,0.9998679409092752],""eps_min"":[0.1,0.05,0.01,0.1],""lr"":[0.0020337137198699357,0.0012842020023453033,0.00020926461531462986,0.0003142558673849336],""optimizer"":[""adam"",""adam"",""adamw"",""adamw""],""replay_steps"":[8,1,1,8],""weight_decay"":[0.0001,0.0001,0.001,1e-06]}"
931,cfg_3f7c01b37ba6caac,"{""batch"":[64,64,32,64],""buffer"":[5000,5000,10000,10000],""eps_decay"":[0.9974705356171114,0.9942856931883572,0.9878702025018116,0.9965303146786374],""eps_min"":[0.1,0.03,0.2,0.15],""lr"":[0.0004084765014097678,0.00013179970825709933,0.0013109512756202047,0.0002852912574064548],""optimizer"":[""adamw"",""adam"",""adamw"",""adam""],""replay_steps"":[2,4,1,4],""weight_decay"":[1e-05,0.0001,1e-06,0.0001]}"
932,cfg_2fb99768724ba859,"{""batch"":[16,128,64,32],""buffer"":[500,1000,2000,2000],""eps_decay"":[0.9991837497524783,0.9979828382906586,0.997988582636512,0.9973324065731872],""eps_min"":[0.03,0.2,0.03,0.01],""lr"":[0.0001599889897908301,0.0008714773231891521,0.0018462550447105775,0.004663589771814965],""optimizer"":[""adam"",""adam"",""adam"",""adamw""],""replay_steps"":[8,1,1,4],""weight_decay"":[0.001,1e-05,1e-06,1e-05]}"
933,cfg_d74e963f8c6f11d3,"{""batch"":[16,32,64,16],""buffer"":[5000,10000,5000,500],""eps_decay"":[0.9991132166703487,0.986223125082248,0.9998843833478251,0.9939309321727964],""eps_min"":[0.15,0.15,0.01,0.01],""lr"":[0.0004167209626945808,0.0008993658082683697,0.0023220781753677693,0.00259820306298905],""optimizer"":[""adam"",""adamw"",""adam"",""adam""],""replay_steps"":[4,4,1,2],""weight_decay"":[1e-05,0.0001,1e-06,1e-05]}"
934,cfg_e1193b8e65a36b1f,"{""batch"":[128,32,64,16],""buffer"":[500,10000,1000,1000],""eps_decay"":[0.9996356766795534,0.9863054444430794,0.9924895961867336,0.9993854504587807],""eps_min"":[0.1,0.15,0.01,0.15],""lr"":[0.0002514196716631046,0.0038175593516676922,0.0003662257993924444,0.0006398028399906612],""optimizer"":[""adamw"",""adamw"",""adam"",""adam""],""replay_steps"":[1,4,1,8],""weight_decay"":[1e-05,0.001,0.0001,1e-06]}"
935,cfg_e10c5a47fd27c8b3,"{""batch"":[32,128,128,128],""buffer"":[5000,1000,5000,1000],""eps_decay"":[0.9944672919801504,0.9994431460654573,0.9978876470726084,0.9966188846255367],""eps_min"":[0.2,0.01,0.2,0.2],""lr"":[0.0041471700854439604,0.00017028620395462157,0.0014376565856616466,0.0019937172800504727],""optimizer"":[""adamw"",""adamw"",""adam"",""adamw""],""replay_steps"":[1,8,2,1],""weight_decay"":[1e-05,1e-06,0.001,1e-06]}"
936,cfg_8fbecd6edca82ec2,"{""batch"":[128,16,128,16],""buffer"":[500,1000,2000,500],""eps_decay"":[0.9973523672200747,0.9970608750680762,0.9992030566254184,0.99983028127987],""eps_min"":[0.05,0.15,0.05,0.03],""lr"":[0.00028687411826127935,0.0014068909573323124,0.0004178685955266596,0.0033153907908730893],""optimizer"":[""adamw"",""adam"",""adamw"",""adamw""],""replay_steps"":[1,4,8,4],""weight_decay"":[0.0001,0.001,0.001,0.0001]}"
937,cfg_97949dad9fbd67f0,"{""batch"":[64,16,32,128],""buffer"":[5000,2000,5000,1000],""eps_decay"":[0.9998824091879044,0.9977566945429148,0.9850000946872192,0.9998811260230106],""eps_min"":[0.15,0.1,0.08,0.05],""lr"":[0.004070676960678652,0.0006285398453832521,0.00015372376140028785,0.0010129585304998738],""optimizer"":[""adam"",""adam"",""adam"",""adam""],""replay_steps"":[1,2,1,4],""weight_decay"":[0.001,1e-06,0.001,1e-05]}"
938,cfg_db695f04c0d92512,"{""batch"":[32,32,16,64],""buffer"":[500,5000,1000,10000],""eps_decay"":[0.999385979363864,0.9853167618352234,0.9997764885353009,0.9921627773269249],""eps_min"":[0.08,0.01,0.01,0.08],""lr"":[0.0010911965803075223,0.0026194109055934747,0.0011077170376339262,0.0012713579924025255],""optimizer"":[""adam"",""adamw"",""adamw"",""adam""],""replay_steps"":[1,1,4,4],""weight_decay"":[0.0001,0.0001,0.0001,0.001]}"
939,cfg_20639e460e0d3fc4,"{""batch"":[32,128,32,32],""buffer"":[1000,5000,2000,5000],""eps_decay"":[0.9998487341063833,0.9997385205914249,0.9863631227708428,0.9985418290381647],""eps_min"":[0.01,0.01,0.03,0.01],""lr"":[0.0016404089416921996,0.0049225451879699525,0.00020547429662457986,0.001529123907107124],""optimizer"":[""adam"",""adam"",""adamw"",""adam""],""replay_steps"":[2,2,8,1],""weight_decay"":[0.001,0.0001,0.001,0.001]}"
940,cfg_cb212ea75d7e7a1b,"{""batch"":[64,16,16,128],""buffer"":[2000,1000,1000,10000],""eps_decay"":[0.9997622372723354,0.9995316414678702,0.9952543814955497,0.9993220441937914],""eps_min"":[0.08,0.15,0.08,0.1],""lr"":[0.0005237778428086839,0.0009942539586557711,0.0005599283620147422,0.0010078636509719152],""optimizer"":[""adamw"",""adam"",""adamw"",""adam""],""replay_steps"":[8,4,2,8],""weight_decay"":[1e-06,1e-05,1e-05,1e-06]}"
941,cfg_991eaee552a94c0a,"{""batch"":[128,128,128,16],""buffer"":[5000,10000,1000,5000],""eps_decay"":[0.9996073963174982,0.9993167805185176,0.9998105717748815,0.9992161534666237],""eps_min"":[0.08,0.2,0.05,0.05],""lr"":[0.004452002087230774,0.0005979909924673637,0.0040068328288205965,0.0004356274679314958],""optimizer"":[""adamw"",""adamw"",""adam"",""adamw""],""replay_steps"":[2,2,2,1],""weight_decay"":[1e-06,0.001,0.001,1e-05]}"
942,cfg_05497269d95ba31d,"{""batch"":[32,16,128,16],""buffer"":[5000,500,500,5000],""eps_decay"":[0.9949189857923582,0.999461022974891,0.9927354580500035,0.9993809672206471],""eps_min"":[0.2,0.2,0.2,0.15],""lr"":[0.00015552146382947284,0.0027231164238005695,0.0005613568317571851,0.002189645959938588],""optimizer"":[""adamw"",""adam"",""adamw"",""adamw""],""replay_steps"":[2,1,2,8],""weight_decay"":[1e-05,1e-06,1e-05,0.001]}"
943,cfg_14e231102e13b2a7,"{""batch"":[32,64,32,128],""buffer"":[10000,1000,1000,5000],""eps_decay"":[0.9998467418037481,0.9955233300925657,0.999699671579357,0.9994511342855792],""eps_min"":[0.03,0.01,0.15,0.05],""lr"":[0.0003460812700817848,0.0006395038664943988,0.003915755363341017,0.0003766932191621356],""optimizer"":[""adam"",""adam"",""adamw"",""adam""],""replay_steps"":[1,8,4,8],""weight_decay"":[0.0001,1e-06,1e-06,1e-06]}"
944,cfg_e0b6979884f13fd9,"{""batch"":[128,16,16,128],""buffer"":[500,10000,2000,5000],""eps_decay"":[0.9995575245599911,0.9998828420745998,0.9988538409301086,0.996926521308736],""eps_min"":[0.01,0.05,0.03,0.2],""lr"":[0.0009907886539404624,0.0011750486926540577,0.0003513523882880783,0.0011807959200849523],""optimizer"":[""adam"",""adamw"",""adamw"",""adamw""],""replay_steps"":[1,4,8,4],""weight_decay"":[1e-06,1e-06,1e-06,0.001]}"
945,cfg_8ed0b0e7aa32720b,"{""batch"":[64,32,128,16],""buffer"":[10000,1000,500,500],""eps_decay"":[0.9879324516503635,0.9986700432777296,0.9997739950993667,0.9914822153728066],""eps_min"":[0.03,0.01,0.15,0.2],""lr"":[0.0004147163465398797,0.00043152979310184114,0.00018338765186968396,0.00014213373488553973],""optimizer"":[""adam"",""adamw"",""adam"",""adam""],""replay_steps"":[4,2,1,1],""weight_decay"":[0.0001,1e-06,0.001,1e-06]}"
946,cfg_1b6347de35639040,"{""batch"":[64,32,128,128],""buffer"":[500,1000,500,2000],""eps_decay"":[0.999364209249912,0.9960277830587594,0.9995323094095372,0.9997635327963104],""eps_min"":[0.08,0.1,0.1,0.01],""lr"":[0.0006959169489203103,0.00042445609808538826,0.0006610141896324642,0.0009633591484504135],""optimizer"":[""adamw"",""adam"",""adamw"",""adam""],""replay_steps"":[8,4,8,2],""weight_decay"":[0.0001,0.001,0.001,0.0001]}"
947,cfg_023bdac9a3987065,"{""batch"":[64,32,64,128],""buffer"":[1000,5000,1000,5000],""eps_decay"":[0.998174607386796,0.9998331195251857,0.9972837978332312,0.9863004673941045],""eps_min"":[0.15,0.15,0.1,0.05],""lr"":[0.0001205931352261666,0.00022371708249773335,0.0023105313276361745,0.002743714533732314],""optimizer"":[""adamw"",""adamw"",""adam"",""adam""],""replay_steps"":[4,1,1,8],""weight_decay"":[0.001,0.0001,0.0001,0.0001]}"
948,cfg_3afd6d6a2b25c379,"{""batch"":[32,16,64,64],""buffer"":[500,1000,1000,500],""eps_decay"":[0.9996018078858624,0.9991788201743609,0.9996732009189738,0.9995262053615807],""eps_min"":[0.15,0.1,0.2,0.15],""lr"":[0.00014048145822728394,0.0029384158030126587,0.0006537740239556524,0.0023164875716419615],""optimizer"":[""adamw"",""adamw"",""adamw"",""adamw""],""replay_steps"":[1,8,4,2],""weight_decay"":[1e-06,1e-06,0.001,1e-05]}"
949,cfg_4260b891b7ba05d3,"{""batch"":[16,16,32,32],""buffer"":[10000,1000,5000,10000],""eps_decay"":[0.9987436447526558,0.9990727326144695,0.9977214355078472,0.9975033750520567],""eps_min"":[0.05,0.1,0.1,0.15],""lr"":[0.0008357079658387907,0.0035487805181591563,0.0029952385956905827,0.004633660654926212],""optimizer"":[""adam"",""adam"",""adam"",""adam""],""replay_steps"":[4,1,4,2],""weight_decay"":[1e-05,1e-05,1e-05,0.001]}"
950,cfg_03991e9dc6aa4599,"{""batch"":[128,16,16,128],""buffer"":[1000,2000,2000,5000],""eps_decay"":[0.9998347194543269,0.9993095491368927,0.9977872093503722,0.9998444868669726],""eps_min"":[0.08,0.03,0.15,0.05],""lr"":[0.00012061488557722179,0.001042920983099693,0.0043096083656743575,0.0008078715087252011],""optimizer"":[""adamw"",""adamw"",""adam"",""adamw""],""replay_steps"":[4,2,2,8],""weight_decay"":[1e-05,1e-06,0.0001,0.0001]}"
951,cfg_55b577a17d845031,"{""batch"":[32,32,128,16],""buffer"":[1000,1000,5000,2000],""eps_decay"":[0.9998929515441531,0.9997616801548334,0.9937780553107975,0.9977327963352433],""eps_min"":[0.1,0.05,0.15,0.08],""lr"":[0.0003071218757598236,0.00015681911005378457,0.0012118788133165294,0.001546904012785257],""optimizer"":[""adamw"",""adam"",""adam"",""adamw""],""replay_steps"":[2,2,8,8],""weight_decay"":[0.0001,0.0001,1e-06,0.0001]}"
952,cfg_305953e5b1c1df3c,"{""batch"":[16,32,128,128],""buffer"":[10000,2000,2000,2000],""eps_decay"":[0.996875111374506,0.9992034386033579,0.999849414695918,0.9996567886405168],""eps_min"":[0.15,0.08,0.15,0.01],""lr"":[0.0007851053931183121,0.0006961556946189357,0.004522763090768462,0.0010156589304343383],""optimizer"":[""adamw"",""adam"",""adam"",""adam""],""replay_steps"":[4,8,2,1],""weight_decay"":[1e-05,0.0001,1e-06,0.001]}"
953,cfg_0e99b48a3dfc5b3c,"{""batch"":[64,64,128,128],""buffer"":[1000,5000,1000,5000],""eps_decay"":[0.9895866312288509,0.9998231293507602,0.9996955424120899,0.9855788040537147],""eps_min"":[0.05,0.2,0.2,0.03],""lr"":[0.0006355278004128191,0.000791023654325421,0.0004304510404643991,0.0013642327000712505],""optimizer"":[""adamw"",""adam"",""adam"",""adam""],""replay_steps"":[8,8,8,4],""weight_decay"":[0.0001,0.0001,0.0001,0.0001]}"
954,cfg_31b20edba9252e0b,"{""batch"":[16,128,64,64],""buffer"":[2000,2000,1000,10000],""eps_decay"":[0.9997866028494939,0.9909395318558968,0.9964263540677234,0.9981374773818668],""eps_min"":[0.1,0.03,0.15,0.2],""lr"":[0.00038156821513097845,0.004151916053617705,0.000281726500414344,0.002648486721634644],""optimizer"":[""adam"",""adamw"",""adam"",""adamw""],""replay_steps"":[1,4,1,8],""weight_decay"":[0.0001,1e-06,0.0001,0.0001]}"
955,cfg_399ad54f539da28c,"{""batch"":[64,16,128,64],""buffer"":[10000,500,5000,2000],""eps_decay"":[0.9993679588092215,0.9998013975798824,0.9986649899053068,0.9997941275158814],""eps_min"":[0.2,0.1,0.03,0.01],""lr"":[0.00033379078995104255,0.0008183297135785337,0.0013970214210139026,0.004111796687418747],""optimizer"":[""adam"",""adamw"",""adam"",""adam""],""replay_steps"":[8,8,2,8],""weight_decay"":[1e-06,1e-06,0.001,0.0001]}"
956,cfg_e455768b090923bd,"{""batch"":[128,64,64,128],""buffer"":[5000,2000,2000,500],""eps_decay"":[0.9907453213909453,0.9997180215832913,0.9979957689148992,0.9993052095288922],""eps_min"":[0.15,0.1,0.03,0.01],""lr"":[0.000777499534926552,0.0008194051519343288,0.0017795744260371029,0.0005082657787041504],""optimizer"":[""adamw"",""adam"",""adam"",""adamw""],""replay_steps"":[1,8,2,8],""weight_decay"":[0.0001,1e-05,0.0001,1e-05]}"
957,cfg_120c5ccb01815f2b,"{""batch"":[128,32,16,64],""buffer"":[10000,5000,500,10000],""eps_decay"":[0.9903395745053882,0.9828852794485529,0.9801881792862523,0.9988282496246943],""eps_min"":[0.05,0.2,0.08,0.15],""lr"":[0.0007702936024146663,0.0012021632882868423,0.00036690363781275733,0.001052751948252632],""optimizer"":[""adam"",""adamw"",""adam"",""adam""],""replay_steps"":[4,8,8,2],""weight_decay"":[0.0001,1e-05,1e-06,0.001]}"
958,cfg_24aa32c20829630e,"{""batch"":[16,32,128,64],""buffer"":[2000,500,5000,10000],""eps_decay"":[0.9993610222518399,0.9947693042223317,0.9997952475468712,0.9994684331098135],""eps_min"":[0.08,0.15,0.15,0.1],""lr"":[0.0026147340963191905,0.0006644060534590392,0.00032697336429711086,0.0004112544054201473],""optimizer"":[""adamw"",""adam"",""adam"",""adam""],""replay_steps"":[2,4,4,1],""weight_decay"":[1e-05,0.001,0.0001,0.0001]}"
959,cfg_753e692103a10dea,"{""batch"":[64,128,32,32],""buffer"":[2000,5000,5000,10000],""eps_decay"":[0.9976260682270707,0.9982742694881619,0.9927104376934721,0.994684809862798],""eps_min"":[0.05,0.2,0.15,0.08],""lr"":[0.00014034974199307403,0.00044948640169566645,0.00027004781034661586,0.0010732703489913203],""optimizer"":[""adam"",""adam"",""adam"",""adam""],""replay_steps"":[8,4,1,4],""weight_decay"":[1e-06,0.0001,0.0001,1e-06]}"
960,cfg_701c8843617e9203,"{""batch"":[64,64,64,64],""buffer"":[2000,5000,2000,5000],""eps_decay"":[0.9961947131741813,0.9998488256276618,0.986848192529962,0.999742512076036],""eps_min"":[0.1,0.03,0.2,0.1],""lr"":[0.003704877415251227,0.0009566070625002332,0.00024156037814084008,0.004219340955073111],""optimizer"":[""adamw"",""adamw"",""adamw"",""adamw""],""replay_steps"":[4,2,8,4],""weight_decay"":[0.0001,1e-06,0.0001,0.001]}"
961,cfg_5c72d6dbdff67fae,"{""batch"":[128,16,64,128],""buffer"":[1000,2000,2000,1000],""eps_decay"":[0.9987548565091757,0.9997106489378317,0.9998061885139597,0.9977379160284119],""eps_min"":[0.03,0.1,0.05,0.15],""lr"":[0.0007258681285982155,0.0003102408325431276,0.0018415049598491649,0.00029593387698125326],""optimizer"":[""adamw"",""adam"",""adam"",""adamw""],""replay_steps"":[1,2,1,8],""weight_decay"":[0.0001,1e-05,0.001,0.001]}"
962,cfg_0247297e000de4a3,"{""batch"":[16,32,64,128],""buffer"":[5000,5000,1000,5000],""eps_decay"":[0.9955031416306123,0.9996386397407895,0.9996921915986091,0.9892397170504398],""eps_min"":[0.1,0.05,0.1,0.15],""lr"":[0.000276255054867397,0.0005201211019990385,0.00010920844412474082,0.0008085773576913092],""optimizer"":[""adam"",""adam"",""adamw"",""adam""],""replay_steps"":[2,8,1,8],""weight_decay"":[1e-05,1e-05,0.001,1e-06]}"
963,cfg_f62da3e6d685a0dc,"{""batch"":[128,16,64,16],""buffer"":[10000,5000,2000,5000],""eps_decay"":[0.9830962886751348,0.9861616056144885,0.9904021506777031,0.9993171532679187],""eps_min"":[0.08,0.05,0.01,0.08],""lr"":[0.00011171761128275633,0.004090260597823572,0.0007738588826923431,0.0003719828822493171],""optimizer"":[""adam"",""adam"",""adamw"",""adam""],""replay_steps"":[8,2,8,1],""weight_decay"":[0.0001,1e-06,1e-06,0.001]}"
964,cfg_e94055955cede42b,"{""batch"":[32,64,128,128],""buffer"":[1000,500,5000,2000],""eps_decay"":[0.9998908682407263,0.9891215653288847,0.9994852134351562,0.9972318877449704],""eps_min"":[0.15,0.1,0.15,0.01],""lr"":[0.0009581041914117255,0.0013728307550968566,0.00021509266862471355,0.00021505279182535312],""optimizer"":[""adam"",""adamw"",""adamw"",""adam""],""replay_steps"":[2,2,8,8],""weight_decay"":[1e-05,0.001,1e-05,0.001]}"
965,cfg_e68d14ec82b397cd,"{""batch"":[64,64,16,32],""buffer"":[1000,1000,5000,10000],""eps_decay"":[0.9893159051777335,0.9868658735579485,0.995434324739549,0.9982605163145111],""eps_min"":[0.01,0.05,0.08,0.1],""lr"":[0.00011426745958676572,0.0001972371624108799,0.001821026152880704,0.0013222834467513413],""optimizer"":[""adam"",""adamw"",""adam"",""adam""],""replay_steps"":[2,1,4,8],""weight_decay"":[1e-06,0.001,0.001,1e-05]}"
966,cfg_a46021fa299b9337,"{""batch"":[16,16,32,64],""buffer"":[10000,500,5000,2000],""eps_decay"":[0.9992085921742468,0.9996158890797973,0.9997090636696849,0.9986211325943671],""eps_min"":[0.01,0.05,0.03,0.03],""lr"":[0.000467840637399213,0.0008269170428319703,0.00010195861389919594,0.004598667476009134],""optimizer"":[""adam"",""adam"",""adamw"",""adam""],""replay_steps"":[2,1,1,4],""weight_decay"":[0.0001,0.0001,0.0001,0.0001]}"
967,cfg_ca7b9a2f62a80cff,"{""batch"":[32,64,16,32],""buffer"":[2000,1000,5000,10000],""eps_decay"":[0.9998852509378339,0.9911497320630743,0.9828948654784936,0.9962951630504574],""eps_min"":[0.08,0.2,0.15,0.08],""lr"":[0.0009945606656087545,0.0010869699423318795,0.00016130111060612108,0.00011060345010075833],""optimizer"":[""adamw"",""adamw"",""adamw"",""adamw""],""replay_steps"":[4,1,2,1],""weight_decay"":[1e-05,1e-06,0.0001,0.001]}"
968,cfg_fe042f167b6bb431,"{""batch"":[64,32,128,64],""buffer"":[5000,5000,500,500],""eps_decay"":[0.9993310033284043,0.9998743203411118,0.9978907198508697,0.9995643528584686],""eps_min"":[0.08,0.2,0.1,0.2],""lr"":[0.00011697694174479873,0.0011910706276400927,0.0012493435816500504,0.0008355487917298335],""optimizer"":[""adamw"",""adamw"",""adamw"",""adamw""],""replay_steps"":[1,1,1,1],""weight_decay"":[0.0001,1e-05,1e-06,1e-05]}"
969,cfg_7446175f588275fa,"{""batch"":[32,64,32,128],""buffer"":[10000,1000,10000,2000],""eps_decay"":[0.9974786377860753,0.9967032931727495,0.9980061559703055,0.9975335530291325],""eps_min"":[0.03,0.08,0.2,0.05],""lr"":[0.003031357006830827,0.0004215249516004143,0.0013701336541085728,0.0005397654804619756],""optimizer"":[""adamw"",""adamw"",""adamw"",""adam""],""replay_steps"":[1,2,2,4],""weight_decay"":[0.0001,0.001,0.0001,0.0001]}"
970,cfg_87ad853a56c1e264,"{""batch"":[64,128,128,64],""buffer"":[5000,10000,1000,500],""eps_decay"":[0.9998919582530513,0.9985961745192125,0.999487280917006,0.9997357983091143],""eps_min"":[0.05,0.15,0.01,0.01],""lr"":[0.003130432494170112,0.004345110277875672,0.00010671225836549472,0.00103972535103569],""optimizer"":[""adamw"",""adamw"",""adamw"",""adamw""],""replay_steps"":[2,4,2,1],""weight_decay"":[0.001,1e-06,1e-05,1e-06]}"
971,cfg_9da7d5dec606585f,"{""batch"":[32,32,128,64],""buffer"":[2000,500,2000,2000],""eps_decay"":[0.9946834980497751,0.9998285869113998,0.9981789297475233,0.9993072118805181],""eps_min"":[0.08,0.08,0.15,0.03],""lr"":[0.0039481723627243495,0.004278813576120811,0.0026905342863642627,0.0010773667698691825],""optimizer"":[""adamw"",""adam"",""adam"",""adam""],""replay_steps"":[1,4,1,8],""weight_decay"":[0.0001,0.001,1e-06,0.001]}"
972,cfg_884bf805d4e7216f,"{""batch"":[32,32,128,128],""buffer"":[2000,5000,10000,500],""eps_decay"":[0.9997454939756685,0.9989206748937661,0.9978805925075772,0.9979977389787201],""eps_min"":[0.03,0.15,0.08,0.08],""lr"":[0.0002411678551546749,0.0002866939335564895,0.0011970162114534107,0.0037955331945054823],""optimizer"":[""adam"",""adamw"",""adamw"",""adam""],""replay_steps"":[2,8,4,2],""weight_decay"":[0.001,0.0001,0.001,1e-06]}"
973,cfg_28b2a7afb186d6f8,"{""batch"":[128,128,16,32],""buffer"":[5000,2000,10000,500],""eps_decay"":[0.9802768710459392,0.9912327993379291,0.9995591006853881,0.982637683475345],""eps_min"":[0.15,0.15,0.1,0.1],""lr"":[0.002219538505221406,0.0020972566701678024,0.0002970888265552391,0.000454377956358697],""optimizer"":[""adamw"",""adamw"",""adam"",""adamw""],""replay_steps"":[2,2,8,4],""weight_decay"":[1e-05,0.001,0.0001,1e-06]}"
974,cfg_1b996e1e16c8b60a,"{""batch"":[32,16,32,128],""buffer"":[1000,10000,2000,500],""eps_decay"":[0.9987888154683687,0.9997581120920861,0.9986171151785423,0.9998988718607302],""eps_min"":[0.05,0.01,0.01,0.15],""lr"":[0.0008053866035413054,0.0008708736134013137,0.00012316587715364229,0.00022351372507821988],""optimizer"":[""adamw"",""adamw"",""adamw"",""adamw""],""replay_steps"":[4,1,1,4],""weight_decay"":[1e-05,0.0001,1e-05,1e-05]}"
975,cfg_5546403575a71d69,"{""batch"":[64,32,64,32],""buffer"":[1000,5000,5000,500],""eps_decay"":[0.9996158443434856,0.9997316155320226,0.9992610546754606,0.9950179645751489],""eps_min"":[0.2,0.15,0.2,0.01],""lr"":[0.004953927048259926,0.00016368825798508194,0.0007346829343847585,0.003604806880591849],""optimizer"":[""adam"",""adamw"",""adamw"",""adam""],""replay_steps"":[8,4,1,8],""weight_decay"":[1e-06,0.0001,0.0001,1e-05]}"
976,cfg_237f6844c6483d98,"{""batch"":[128,16,16,128],""buffer"":[10000,10000,10000,500],""eps_decay"":[0.9986083307659533,0.9972848309471248,0.9996124403735804,0.9941898915197164],""eps_min"":[0.1,0.2,0.15,0.05],""lr"":[0.00018730998352051148,0.0001953411545087588,0.0023239593615933256,0.0006954266498997114],""optimizer"":[""adam"",""adamw"",""adamw"",""adamw""],""replay_steps"":[8,1,2,2],""weight_decay"":[1e-05,0.0001,0.0001,0.0001]}"
977,cfg_0a201575a01203b2,"{""batch"":[16,128,32,128],""buffer"":[2000,2000,2000,500],""eps_decay"":[0.9980692610488743,0.9998486356343851,0.9992309340306618,0.9997433026360564],""eps_min"":[0.05,0.05,0.01,0.15],""lr"":[0.0018546677561241084,0.00040526145227629527,0.00017032581886880537,0.0016548590647056033],""optimizer"":[""adam"",""adamw"",""adamw"",""adamw""],""replay_steps"":[1,2,1,1],""weight_decay"":[1e-05,1e-06,0.001,0.0001]}"
978,cfg_e7b20f3e8bcbee3e,"{""batch"":[32,64,16,128],""buffer"":[2000,10000,5000,10000],""eps_decay"":[0.9997181720794512,0.9993564377546716,0.9908916580207643,0.9994351782472105],""eps_min"":[0.01,0.1,0.1,0.03],""lr"":[0.0013038797056942166,0.0017974155396533469,0.0006291979189109138,0.0017431285568232687],""optimizer"":[""adamw"",""adam"",""adamw"",""adam""],""replay_steps"":[4,4,1,1],""weight_decay"":[0.0001,0.0001,0.0001,1e-06]}"
979,cfg_2e187ced01210722,"{""batch"":[16,128,128,64],""buffer"":[2000,1000,2000,10000],""eps_decay"":[0.9988936439705908,0.9985434161965818,0.9991409089088283,0.9957574606337646],""eps_min"":[0.08,0.01,0.15,0.15],""lr"":[0.0003048166211826439,0.00046493258354955307,0.0006041920111325109,0.00030800057553223613],""optimizer"":[""adamw"",""adamw"",""adam"",""adam""],""replay_steps"":[4,2,2,8],""weight_decay"":[0.0001,0.0001,0.001,1e-05]}"
980,cfg_1988fd7fa71f4c6b,"{""batch"":[32,64,128,128],""buffer"":[500,1000,10000,1000],""eps_decay"":[0.9998619913264595,0.9996433169555744,0.9998971796157731,0.99924881069023],""eps_min"":[0.15,0.01,0.03,0.15],""lr"":[0.000494614830591961,0.0002714427746309887,0.00027865841071319543,0.0010093586647049481],""optimizer"":[""adamw"",""adam"",""adamw"",""adam""],""replay_steps"":[4,1,8,2],""weight_decay"":[0.001,1e-05,0.0001,1e-06]}"
981,cfg_2616a5a3b034947e,"{""batch"":[32,128,128,16],""buffer"":[1000,2000,10000,2000],""eps_decay"":[0.9998635271915778,0.9912972610738127,0.9981818328492605,0.9876826351449971],""eps_min"":[0.15,0.05,0.15,0.08],""lr"":[0.0002851971239984708,0.0013256800423197559,0.00021713659835063034,0.00010249100596324599],""optimizer"":[""adamw"",""adamw"",""adam"",""adamw""],""replay_steps"":[1,8,1,8],""weight_decay"":[0.001,1e-06,1e-06,1e-06]}"
982,cfg_2e94470470024bf5,"{""batch"":[128,64,128,128],""buffer"":[500,500,2000,500],""eps_decay"":[0.9860291114151111,0.9998178448437779,0.997904432685233,0.9918536591940209],""eps_min"":[0.05,0.2,0.03,0.08],""lr"":[0.0006992940350663014,0.00013511038626345752,0.002909647141168113,0.00015603802923570343],""optimizer"":[""adamw"",""adamw"",""adamw"",""adam""],""replay_steps"":[1,1,2,4],""weight_decay"":[0.001,1e-06,0.001,0.0001]}"
983,cfg_b023e204f0cb2058,"{""batch"":[128,64,16,64],""buffer"":[1000,2000,5000,10000],""eps_decay"":[0.9924046493930442,0.9998849509501697,0.9987906295375539,0.989394214527795],""eps_min"":[0.08,0.05,0.01,0.2],""lr"":[0.002201177311032374,0.0028939219241046854,0.0033133513800351878,0.0009116819434410442],""optimizer"":[""adam"",""adamw"",""adamw"",""adamw""],""replay_steps"":[8,1,8,8],""weight_decay"":[1e-05,0.0001,1e-06,1e-05]}"
984,cfg_939544514000219d,"{""batch"":[32,128,64,64],""buffer"":[500,5000,2000,500],""eps_decay"":[0.9994576670891294,0.9956777343453085,0.993842596535442,0.9995414736592615],""eps_min"":[0.03,0.05,0.08,0.1],""lr"":[0.000390917691611867,0.0005346566086297991,0.00448234307941886,0.001667945995754215],""optimizer"":[""adamw"",""adamw"",""adamw"",""adam""],""replay_steps"":[8,2,2,4],""weight_decay"":[0.001,0.0001,0.0001,0.001]}"
985,cfg_c6bb233787a03750,"{""batch"":[128,64,32,16],""buffer"":[10000,2000,10000,1000],""eps_decay"":[0.996031332952063,0.9876470556285024,0.9989496207536659,0.9995086298903165],""eps_min"":[0.01,0.15,0.08,0.05],""lr"":[0.0024352005881464614,0.00014964639721283708,0.0002007230054728647,0.002862375837939949],""optimizer"":[""adamw"",""adamw"",""adamw"",""adamw""],""replay_steps"":[2,4,8,1],""weight_decay"":[0.001,0.0001,0.001,0.001]}"
986,cfg_54096aca749053e3,"{""batch"":[128,64,64,32],""buffer"":[5000,5000,1000,2000],""eps_decay"":[0.9912295588522105,0.9994338401179769,0.999762452358123,0.990185849092841],""eps_min"":[0.05,0.05,0.03,0.03],""lr"":[0.0005526281465794051,0.0007646669947912827,0.00019833493394397835,0.0004614061886870553],""optimizer"":[""adamw"",""adam"",""adam"",""adamw""],""replay_steps"":[1,4,8,2],""weight_decay"":[0.0001,0.0001,0.0001,0.001]}"
987,cfg_7e44d191103a77b0,"{""batch"":[64,128,64,32],""buffer"":[10000,500,1000,500],""eps_decay"":[0.9997885695467524,0.998984184806128,0.9845934295004818,0.9972484282229467],""eps_min"":[0.1,0.05,0.03,0.08],""lr"":[0.0001864218859158894,0.0002825723980506163,0.00047351567654309535,0.00010478027717621416],""optimizer"":[""adamw"",""adam"",""adam"",""adamw""],""replay_steps"":[8,1,8,2],""weight_decay"":[0.001,1e-05,1e-05,0.0001]}"
988,cfg_2c7731156540cfed,"{""batch"":[32,64,16,64],""buffer"":[1000,500,5000,500],""eps_decay"":[0.9996349966144267,0.9978403804914497,0.9942988008109879,0.9994584935235498],""eps_min"":[0.08,0.2,0.2,0.15],""lr"":[0.0007131790970433802,0.0008753988958442409,0.0006202416194935877,0.0003584861844679055],""optimizer"":[""adamw"",""adam"",""adamw"",""adam""],""replay_steps"":[8,1,1,4],""weight_decay"":[0.001,0.001,1e-05,1e-06]}"
989,cfg_f2e6faf8e09d4c1c,"{""batch"":[32,128,128,16],""buffer"":[10000,5000,10000,500],""eps_decay"":[0.9985296600473538,0.990615241909789,0.9993971105750926,0.9937936334921758],""eps_min"":[0.15,0.2,0.2,0.01],""lr"":[0.00018767660399378192,0.0015748973997880607,0.0038785722056819683,0.00018980606326794402],""optimizer"":[""adamw"",""adamw"",""adam"",""adamw""],""replay_steps"":[2,4,4,8],""weight_decay"":[0.001,0.001,0.001,0.001]}"
990,cfg_064366f93290e237,"{""batch"":[32,128,128,16],""buffer"":[2000,500,10000,2000],""eps_decay"":[0.9995719680521841,0.9995770024153025,0.999878518918459,0.9909750041401622],""eps_min"":[0.15,0.15,0.2,0.05],""lr"":[0.0002188407022812312,0.00013633727494912626,0.0018625158466129407,0.00016083955007670207],""optimizer"":[""adam"",""adam"",""adam"",""adamw""],""replay_steps"":[4,8,1,1],""weight_decay"":[1e-05,1e-05,0.0001,0.001]}"
991,cfg_33f01e8e83494bd4,"{""batch"":[64,32,128,128],""buffer"":[10000,500,1000,500],""eps_decay"":[0.9981331343031943,0.9980397258203029,0.9959850595581147,0.9995667932441145],""eps_min"":[0.01,0.15,0.05,0.15],""lr"":[0.0006460656856695553,0.002970658526635229,0.003490255485098479,0.0020333665078056404],""optimizer"":[""adam"",""adam"",""adam"",""adamw""],""replay_steps"":[1,8,8,4],""weight_decay"":[0.001,0.0001,1e-05,0.001]}"
992,cfg_ef3a4f698ecedf34,"{""batch"":[128,128,16,16],""buffer"":[500,10000,5000,500],""eps_decay"":[0.9993536253033438,0.9900215349848057,0.9997054204895641,0.9895343575213144],""eps_min"":[0.2,0.01,0.2,0.08],""lr"":[0.00011596932186852165,0.0007045810233947031,0.0010999575074203182,0.0010480335975231294],""optimizer"":[""adamw"",""adam"",""adamw"",""adamw""],""replay_steps"":[8,2,4,4],""weight_decay"":[0.001,1e-06,0.001,0.0001]}"
993,cfg_987963968276fe7c,"{""batch"":[64,64,16,32],""buffer"":[500,500,2000,10000],""eps_decay"":[0.9986945315367615,0.9967350699299611,0.997076730616684,0.9984798488186932],""eps_min"":[0.05,0.03,0.01,0.03],""lr"":[0.000288429386016719,0.00019171374185647554,0.00010380453544176338,0.0004768725742415283],""optimizer"":[""adamw"",""adamw"",""adamw"",""adam""],""replay_steps"":[1,1,2,1],""weight_decay"":[0.001,0.001,0.001,1e-06]}"
994,cfg_0ea33d1ceb038c00,"{""batch"":[32,64,128,16],""buffer"":[1000,2000,500,1000],""eps_decay"":[0.9998705599681517,0.9878888793682847,0.9974488797208211,0.9954230965772242],""eps_min"":[0.01,0.08,0.1,0.08],""lr"":[0.0001894038374108869,0.00403015775938967,0.00014213310269043,0.0032903034123087514],""optimizer"":[""adam"",""adamw"",""adamw"",""adamw""],""replay_steps"":[1,2,4,1],""weight_decay"":[1e-06,0.0001,1e-05,0.0001]}"
995,cfg_d9f707fc0bc72c89,"{""batch"":[32,128,32,64],""buffer"":[10000,1000,5000,1000],""eps_decay"":[0.9989529975711817,0.9987858992901912,0.986748404429594,0.9995846752745957],""eps_min"":[0.01,0.2,0.05,0.03],""lr"":[0.00011077253435645764,0.00018709402953950982,0.00016753555091186104,0.0015852368406238835],""optimizer"":[""adamw"",""adamw"",""adamw"",""adam""],""replay_steps"":[1,1,4,1],""weight_decay"":[0.0001,0.0001,1e-05,0.0001]}"
996,cfg_e2d1088ed74717ae,"{""batch"":[16,16,16,64],""buffer"":[1000,2000,500,500],""eps_decay"":[0.999300764146122,0.9845925304394969,0.9992558271784541,0.9963894995071323],""eps_min"":[0.1,0.2,0.08,0.15],""lr"":[0.00044954132716192805,0.00022012073405618481,0.0015002614722907028,0.00011186671806555828],""optimizer"":[""adam"",""adam"",""adamw"",""adam""],""replay_steps"":[2,2,8,1],""weight_decay"":[1e-05,1e-05,0.001,0.001]}"
997,cfg_f383cc267f1f0b2d,"{""batch"":[128,128,128,64],""buffer"":[10000,1000,500,5000],""eps_decay"":[0.9947499728881743,0.9993537212730104,0.9908991541416782,0.9997890576503148],""eps_min"":[0.01,0.15,0.15,0.1],""lr"":[0.0017749142194524495,0.0001845111051594434,0.00020261430741981963,0.00244071033260452],""optimizer"":[""adamw"",""adamw"",""adam"",""adamw""],""replay_steps"":[4,8,1,4],""weight_decay"":[1e-06,1e-06,0.0001,0.0001]}"
998,cfg_12588e9a3bfbf960,"{""batch"":[128,64,32,64],""buffer"":[500,500,5000,5000],""eps_decay"":[0.9931590555336249,0.9849937559846756,0.9927154314873735,0.9820018292659743],""eps_min"":[0.08,0.2,0.1,0.2],""lr"":[0.00213770354132768,0.0022022491772064625,0.0007682418726605263,0.00013059629496611107],""optimizer"":[""adam"",""adamw"",""adam"",""adamw""],""replay_steps"":[8,8,4,1],""weight_decay"":[0.0001,0.0001,0.001,0.001]}"
999,cfg_c4f0edbbe20705d2,"{""batch"":[32,32,32,32],""buffer"":[500,2000,2000,5000],""eps_decay"":[0.9981113260204076,0.9841736459259471,0.9998707450521509,0.9838820095056033],""eps_min"":[0.15,0.1,0.15,0.05],""lr"":[0.00187984775556262,0.00018208133700916594,0.0010802461491970906,0.00010878991239347514],""optimizer"":[""adam"",""adamw"",""adam"",""adam""],""replay_steps"":[4,8,8,8],""weight_decay"":[1e-05,1e-05,0.001,1e-05]}"
1000,cfg_988e553c13a42d76,"{""batch"":[128,128,64,128],""buffer"":[1000,5000,500,500],""eps_decay"":[0.9956325730976028,0.9994048253629758,0.9997624083588436,0.9981771999100832],""eps_min"":[0.1,0.1,0.08,0.2],""lr"":[0.0008787025354974673,0.0017809904759963097,0.0003015233396733725,0.0014885431952047041],""optimizer"":[""adamw"",""adamw"",""adam"",""adamw""],""replay_steps"":[1,1,8,1],""weight_decay"":[0.001,1e-05,0.0001,1e-05]}"
